图表,系列,month_end,基线值
KPI,不同国家数(distinct iso3),,3
折线1_fx_avg_lcu_per_usd,TUR,2024-01-31,30.07387
折线1_fx_avg_lcu_per_usd,TUR,2024-02-29,30.8071
折线1_fx_avg_lcu_per_usd,TUR,2024-03-31,32.05383
折线1_fx_avg_lcu_per_usd,TUR,2024-04-30,32.36986
折线1_fx_avg_lcu_per_usd,TUR,2024-05-31,32.26137
折线1_fx_avg_lcu_per_usd,TUR,2024-06-30,32.585
折线1_fx_avg_lcu_per_usd,TUR,2024-07-31,32.91098
折线1_fx_avg_lcu_per_usd,TUR,2024-08-31,33.68875
折线1_fx_avg_lcu_per_usd,TUR,2024-09-30,34.06145
折线1_fx_avg_lcu_per_usd,TUR,2024-10-31,34.25546
折线1_fx_avg_lcu_per_usd,TUR,2024-11-30,34.46645
折线1_fx_avg_lcu_per_usd,TUR,2024-12-31,35.0037
折线1_fx_avg_lcu_per_usd,TUR,2025-01-31,35.53633
折线1_fx_avg_lcu_per_usd,TUR,2025-02-28,36.20265
折线1_fx_avg_lcu_per_usd,TUR,2025-03-31,37.1049
折线1_fx_avg_lcu_per_usd,TUR,2025-04-30,38.13782
折线1_fx_avg_lcu_per_usd,TUR,2025-05-31,38.82036
折线1_fx_avg_lcu_per_usd,TUR,2025-06-30,39.44932
折线1_fx_avg_lcu_per_usd,TUR,2025-07-31,40.24301
折线1_fx_avg_lcu_per_usd,TUR,2025-08-31,40.85767
折线1_fx_avg_lcu_per_usd,TUR,2025-09-30,41.33795
折线1_fx_avg_lcu_per_usd,TUR,2025-10-31,41.84578
折线1_fx_avg_lcu_per_usd,TUR,2025-11-30,42.29923
折线1_fx_avg_lcu_per_usd,TUR,2025-12-31,42.70252
折线1_fx_avg_lcu_per_usd,NGA,2024-01-31,934.1944999999999
折线1_fx_avg_lcu_per_usd,NGA,2024-02-29,1501.436
折线1_fx_avg_lcu_per_usd,NGA,2024-03-31,1517.839
折线1_fx_avg_lcu_per_usd,NGA,2024-04-30,1239.691
折线1_fx_avg_lcu_per_usd,NGA,2024-05-31,1452.61
折线1_fx_avg_lcu_per_usd,NGA,2024-06-30,1498.728
折线1_fx_avg_lcu_per_usd,NGA,2024-07-31,1581.788
折线1_fx_avg_lcu_per_usd,NGA,2024-08-31,1594.038
折线1_fx_avg_lcu_per_usd,NGA,2024-09-30,1632.946
折线1_fx_avg_lcu_per_usd,NGA,2024-10-31,1639.961
折线1_fx_avg_lcu_per_usd,NGA,2024-11-30,1673.5
折线1_fx_avg_lcu_per_usd,NGA,2024-12-31,1572.08
折线1_fx_avg_lcu_per_usd,NGA,2025-01-31,1545.804
折线1_fx_avg_lcu_per_usd,NGA,2025-02-28,1502.268
折线1_fx_avg_lcu_per_usd,NGA,2025-03-31,1526.717
折线1_fx_avg_lcu_per_usd,NGA,2025-04-30,1592.888
折线1_fx_avg_lcu_per_usd,NGA,2025-05-31,1598.775
折线1_fx_avg_lcu_per_usd,NGA,2025-06-30,1552.208
折线1_fx_avg_lcu_per_usd,NGA,2025-07-31,1529.666
折线1_fx_avg_lcu_per_usd,NGA,2025-08-31,1533.895
折线1_fx_avg_lcu_per_usd,NGA,2025-09-30,1504.145
折线1_fx_avg_lcu_per_usd,NGA,2025-10-31,1464.45
折线1_fx_avg_lcu_per_usd,NGA,2025-11-30,1444.879
折线1_fx_avg_lcu_per_usd,NGA,2025-12-31,1451.314
折线1_fx_avg_lcu_per_usd,ZWE,2024-01-31,8310.851000000001
折线1_fx_avg_lcu_per_usd,ZWE,2024-02-29,12476.33
折线1_fx_avg_lcu_per_usd,ZWE,2024-03-31,18457.1
折线1_fx_avg_lcu_per_usd,ZWE,2024-04-30,25093.05
折线1_fx_avg_lcu_per_usd,ZWE,2024-05-31,
折线1_fx_avg_lcu_per_usd,ZWE,2024-06-30,
折线1_fx_avg_lcu_per_usd,ZWE,2024-07-31,
折线1_fx_avg_lcu_per_usd,ZWE,2024-08-31,
折线1_fx_avg_lcu_per_usd,ZWE,2024-09-30,
折线1_fx_avg_lcu_per_usd,ZWE,2024-10-31,
折线1_fx_avg_lcu_per_usd,ZWE,2024-11-30,
折线1_fx_avg_lcu_per_usd,ZWE,2024-12-31,
折线1_fx_avg_lcu_per_usd,ZWE,2025-01-31,
折线1_fx_avg_lcu_per_usd,ZWE,2025-02-28,
折线1_fx_avg_lcu_per_usd,ZWE,2025-03-31,
折线1_fx_avg_lcu_per_usd,ZWE,2025-04-30,
折线1_fx_avg_lcu_per_usd,ZWE,2025-05-31,
折线1_fx_avg_lcu_per_usd,ZWE,2025-06-30,
折线1_fx_avg_lcu_per_usd,ZWE,2025-07-31,
折线1_fx_avg_lcu_per_usd,ZWE,2025-08-31,
折线1_fx_avg_lcu_per_usd,ZWE,2025-09-30,
折线1_fx_avg_lcu_per_usd,ZWE,2025-10-31,
折线1_fx_avg_lcu_per_usd,ZWE,2025-11-30,
折线1_fx_avg_lcu_per_usd,ZWE,2025-12-31,
折线2_全球cpi_yoy,GLOBAL,2024-01-31,0.0308834298648557
折线2_全球cpi_yoy,GLOBAL,2024-02-29,0.03157074141648697
折线2_全球cpi_yoy,GLOBAL,2024-03-31,0.03486834912083658
折线2_全球cpi_yoy,GLOBAL,2024-04-30,0.03360795126219673
折线2_全球cpi_yoy,GLOBAL,2024-05-31,0.03244278584003113
折线2_全球cpi_yoy,GLOBAL,2024-06-30,0.02970257948647093
折线2_全球cpi_yoy,GLOBAL,2024-07-31,0.02941475793558301
折线2_全球cpi_yoy,GLOBAL,2024-08-31,0.02607144490692037
折线2_全球cpi_yoy,GLOBAL,2024-09-30,0.02426483031541671
折线2_全球cpi_yoy,GLOBAL,2024-10-31,0.02578844053871343
折线2_全球cpi_yoy,GLOBAL,2024-11-30,0.02719472461284833
折线2_全球cpi_yoy,GLOBAL,2024-12-31,0.02870690967509981
折线2_全球cpi_yoy,GLOBAL,2025-01-31,0.02990978307899961
折线2_全球cpi_yoy,GLOBAL,2025-02-28,0.02801583447761335
折线2_全球cpi_yoy,GLOBAL,2025-03-31,0.02381981462805549
折线2_全球cpi_yoy,GLOBAL,2025-04-30,0.0232538823025783
折线2_全球cpi_yoy,GLOBAL,2025-05-31,0.02377265107368087
折线2_全球cpi_yoy,GLOBAL,2025-06-30,0.02680453865910226
折线2_全球cpi_yoy,GLOBAL,2025-07-31,0.02742618052167134
折线2_全球cpi_yoy,GLOBAL,2025-08-31,0.02938591743031616
折线2_全球cpi_yoy,GLOBAL,2025-09-30,0.03022571584713329
折线2_全球cpi_yoy,GLOBAL,2025-10-31,
折线2_全球cpi_yoy,GLOBAL,2025-11-30,0.02696443916493951
折线2_全球cpi_yoy,GLOBAL,2025-12-31,0.02653304114557753
