asset_id,local_path,extension,mime_type,size_bytes,signature_result,pdf_pages,readability_result,detail
LCL-0002,01_比赛与项目基线/本地原件/02数据创新平台.pdf,.pdf,,170561,PASS,3,PASS,
LCL-0003,03_案例库与证据/本地原件/案例库/地缘冲突与制裁篇/01_2022俄乌冲突-外储冻结/案例档案.md,.md,,10795,NOT_APPLICABLE,,PASS,
LCL-0004,03_案例库与证据/本地原件/案例库/地缘冲突与制裁篇/02_2022俄罗斯黄金制裁免疫/案例档案.md,.md,,9299,NOT_APPLICABLE,,PASS,
LCL-0005,03_案例库与证据/本地原件/案例库/地缘冲突与制裁篇/03_2024以色列-伊朗冲突/案例档案.md,.md,,8594,NOT_APPLICABLE,,PASS,
LCL-0006,03_案例库与证据/本地原件/案例库/地缘冲突与制裁篇/04_2012-2013土耳其-伊朗黄金换天然气/案例档案.md,.md,,10060,NOT_APPLICABLE,,PASS,
LCL-0007,03_案例库与证据/本地原件/案例库/地缘冲突与制裁篇/05_2019委内瑞拉伦敦黄金冻结/案例档案.md,.md,,10256,NOT_APPLICABLE,,PASS,
LCL-0008,03_案例库与证据/本地原件/案例库/地缘冲突与制裁篇/06_2014克里米亚危机-卢布暴跌/案例档案.md,.md,,9137,NOT_APPLICABLE,,PASS,
LCL-0009,03_案例库与证据/本地原件/案例库/地缘冲突与制裁篇/07_2018特朗普对伊制裁/案例档案.md,.md,,8991,NOT_APPLICABLE,,PASS,
LCL-0010,03_案例库与证据/本地原件/案例库/地缘冲突与制裁篇/08_2023苏丹内战黄金经济/案例档案.md,.md,,9849,NOT_APPLICABLE,,PASS,
LCL-0011,03_案例库与证据/本地原件/案例库/调研方向与跨国企业筛选报告.md,.md,,10585,NOT_APPLICABLE,,PASS,
LCL-0012,03_案例库与证据/本地原件/案例库/宏观危机篇/01_1929大萧条/案例档案.md,.md,,7428,NOT_APPLICABLE,,PASS,
LCL-0013,03_案例库与证据/本地原件/案例库/宏观危机篇/02_1933罗斯福黄金新政/案例档案.md,.md,,7952,NOT_APPLICABLE,,PASS,
LCL-0014,03_案例库与证据/本地原件/案例库/宏观危机篇/03_1971布雷顿森林解体/案例档案.md,.md,,7637,NOT_APPLICABLE,,PASS,
LCL-0015,03_案例库与证据/本地原件/案例库/宏观危机篇/04_1973-1980滞胀大牛市/案例档案.md,.md,,7896,NOT_APPLICABLE,,PASS,
LCL-0016,03_案例库与证据/本地原件/案例库/宏观危机篇/06_1987黑色星期一/案例档案.md,.md,,8557,NOT_APPLICABLE,,PASS,
LCL-0017,03_案例库与证据/本地原件/案例库/宏观危机篇/07_1997亚洲金融危机/案例档案.md,.md,,8544,NOT_APPLICABLE,,PASS,
LCL-0018,03_案例库与证据/本地原件/案例库/宏观危机篇/08_2000互联网泡沫/案例档案.md,.md,,7902,NOT_APPLICABLE,,PASS,
LCL-0019,03_案例库与证据/本地原件/案例库/宏观危机篇/09_2008全球金融危机/案例档案.md,.md,,7301,NOT_APPLICABLE,,PASS,
LCL-0020,03_案例库与证据/本地原件/案例库/宏观危机篇/10_1990日本资产泡沫破裂/案例档案.md,.md,,10433,NOT_APPLICABLE,,PASS,
LCL-0021,03_案例库与证据/本地原件/案例库/宏观危机篇/11_1994墨西哥龙舌兰危机/案例档案.md,.md,,10734,NOT_APPLICABLE,,PASS,
LCL-0022,03_案例库与证据/本地原件/案例库/宏观危机篇/11_2013黄金暴跌（反面案例）/案例档案.md,.md,,8478,NOT_APPLICABLE,,PASS,
LCL-0023,03_案例库与证据/本地原件/案例库/宏观危机篇/12_1998俄罗斯金融危机/案例档案.md,.md,,11093,NOT_APPLICABLE,,PASS,
LCL-0024,03_案例库与证据/本地原件/案例库/宏观危机篇/13_2001阿根廷债务危机/案例档案.md,.md,,9797,NOT_APPLICABLE,,PASS,
LCL-0025,03_案例库与证据/本地原件/案例库/宏观危机篇/14_2010欧洲主权债务危机/案例档案.md,.md,,9379,NOT_APPLICABLE,,PASS,
LCL-0026,03_案例库与证据/本地原件/案例库/宏观危机篇/15_2020疫情全球市场崩盘/案例档案.md,.md,,11285,NOT_APPLICABLE,,PASS,
LCL-0027,03_案例库与证据/本地原件/案例库/宏观危机篇/16_2022美联储激进加息周期/案例档案.md,.md,,11786,NOT_APPLICABLE,,PASS,
LCL-0028,03_案例库与证据/本地原件/案例库/宏观危机篇/17_1980-2000黄金熊市_反面案例/案例档案.md,.md,,9003,NOT_APPLICABLE,,PASS,
LCL-0029,03_案例库与证据/本地原件/案例库/货币崩溃篇/01_1923魏玛德国恶性通胀/案例档案.md,.md,,7006,NOT_APPLICABLE,,PASS,
LCL-0030,03_案例库与证据/本地原件/案例库/货币崩溃篇/02_2008津巴布韦恶性通胀/案例档案.md,.md,,8972,NOT_APPLICABLE,,PASS,
LCL-0031,03_案例库与证据/本地原件/案例库/货币崩溃篇/03_2015-2021委内瑞拉玻利瓦尔/案例档案.md,.md,,9136,NOT_APPLICABLE,,PASS,
LCL-0032,03_案例库与证据/本地原件/案例库/货币崩溃篇/04_2018土耳其里拉危机/案例档案.md,.md,,11871,NOT_APPLICABLE,,PASS,
LCL-0033,03_案例库与证据/本地原件/案例库/货币崩溃篇/05_2019-2023黎巴嫩镑崩溃/案例档案.md,.md,,8116,NOT_APPLICABLE,,PASS,
LCL-0034,03_案例库与证据/本地原件/案例库/货币崩溃篇/06_2022-2024尼日利亚奈拉崩溃/案例档案.md,.md,,11287,NOT_APPLICABLE,,PASS,
LCL-0035,03_案例库与证据/本地原件/案例库/货币崩溃篇/07_2022-2024埃及镑贬值/案例档案.md,.md,,10894,NOT_APPLICABLE,,PASS,
LCL-0036,03_案例库与证据/本地原件/案例库/货币崩溃篇/08_2010-2025伊朗里亚尔/案例档案.md,.md,,11949,NOT_APPLICABLE,,PASS,
LCL-0037,03_案例库与证据/本地原件/案例库/货币崩溃篇/09_2023-2024阿根廷比索危机/案例档案.md,.md,,11977,NOT_APPLICABLE,,PASS,
LCL-0038,03_案例库与证据/本地原件/案例库/货币崩溃篇/10_1998俄罗斯卢布危机/案例档案.md,.md,,8688,NOT_APPLICABLE,,PASS,
LCL-0039,03_案例库与证据/本地原件/案例库/微观企业篇/01_MTN尼日利亚/案例档案.md,.md,,8063,NOT_APPLICABLE,,PASS,
LCL-0040,03_案例库与证据/本地原件/案例库/微观企业篇/02_雀巢尼日利亚/案例档案.md,.md,,7632,NOT_APPLICABLE,,PASS,
LCL-0041,03_案例库与证据/本地原件/案例库/微观企业篇/03_ABInBev阿根廷/案例档案.md,.md,,6793,NOT_APPLICABLE,,PASS,
LCL-0042,03_案例库与证据/本地原件/案例库/微观企业篇/04_传音控股/案例档案.md,.md,,8728,NOT_APPLICABLE,,PASS,
LCL-0043,03_案例库与证据/本地原件/案例库/微观企业篇/05_华为/案例档案.md,.md,,8194,NOT_APPLICABLE,,PASS,
LCL-0044,03_案例库与证据/本地原件/案例库/微观企业篇/06_雷诺法兴俄罗斯退出/案例档案.md,.md,,8769,NOT_APPLICABLE,,PASS,
LCL-0045,03_案例库与证据/本地原件/案例库/微观企业篇/07_IATA航司被困资金/案例档案.md,.md,,8428,NOT_APPLICABLE,,PASS,
LCL-0046,03_案例库与证据/本地原件/案例库/微观企业篇/08_Palantir黑天鹅黄金/案例档案.md,.md,,8027,NOT_APPLICABLE,,PASS,
LCL-0047,03_案例库与证据/本地原件/案例库/微观企业篇/09_Tether黄金储备/案例档案.md,.md,,8207,NOT_APPLICABLE,,PASS,
LCL-0048,03_案例库与证据/本地原件/案例库/微观企业篇/10_中国黄金会计错配_反面/案例档案.md,.md,,8451,NOT_APPLICABLE,,PASS,
LCL-0049,03_案例库与证据/本地原件/案例库/README_案例库总览.md,.md,,11555,NOT_APPLICABLE,,PASS,
LCL-0050,02_方案演进与调研报告/本地原件/方案整合与实施路径/方案整合与实施路径.pdf,.pdf,,257271,PASS,12,PASS,
LCL-0051,02_方案演进与调研报告/本地原件/方案整合与实施路径/方案整合与实施路径.tex,.tex,,23584,NOT_APPLICABLE,,PASS,
LCL-0052,02_方案演进与调研报告/本地原件/方案整合与实施路径/build/方案整合与实施路径.pdf,.pdf,,250703,PASS,12,PASS,
LCL-0053,02_方案演进与调研报告/本地原件/计划书/01_项目可行性研究与参赛方案书.pdf,.pdf,,390382,PASS,49,PASS,
LCL-0054,02_方案演进与调研报告/本地原件/计划书/01_项目可行性研究与参赛方案书.tex,.tex,,67331,NOT_APPLICABLE,,PASS,
LCL-0055,02_方案演进与调研报告/本地原件/计划书/02_项目执行与协作手册.pdf,.pdf,,346259,PASS,47,PASS,
LCL-0056,02_方案演进与调研报告/本地原件/计划书/02_项目执行与协作手册.tex,.tex,,44193,NOT_APPLICABLE,,PASS,
LCL-0057,02_方案演进与调研报告/本地原件/计划书/03_多币种流动性与黄金战略储备周期配置计划书.pdf,.pdf,,345721,PASS,47,PASS,
LCL-0058,02_方案演进与调研报告/本地原件/计划书/03_多币种流动性与黄金战略储备周期配置计划书.tex,.tex,,55815,NOT_APPLICABLE,,PASS,
LCL-0059,02_方案演进与调研报告/本地原件/计划书/04_亚非拉国别风险与多币种储备智能决策平台总计划书.pdf,.pdf,,558120,PASS,127,PASS,
LCL-0060,02_方案演进与调研报告/本地原件/计划书/04_亚非拉国别风险与多币种储备智能决策平台总计划书.tex,.tex,,159422,NOT_APPLICABLE,,PASS,
LCL-0061,02_方案演进与调研报告/本地原件/计划书/05_全球经济周期与亚非拉国别风险多币种储备智能决策平台总计划书.pdf,.pdf,,632876,PASS,162,PASS,
LCL-0062,02_方案演进与调研报告/本地原件/计划书/05_全球经济周期与亚非拉国别风险多币种储备智能决策平台总计划书.tex,.tex,,203441,NOT_APPLICABLE,,PASS,
LCL-0063,02_方案演进与调研报告/本地原件/计划书/飞书兼容_Mermaid_项目实施与数据采集全景图_预览.png,.png,,225947,NOT_APPLICABLE,,PASS,
LCL-0064,02_方案演进与调研报告/本地原件/计划书/飞书兼容_Mermaid_项目实施与数据采集全景图.mmd,.mmd,,17292,NOT_APPLICABLE,,PASS,
LCL-0065,02_方案演进与调研报告/本地原件/计划书/飞书兼容_Mermaid_项目实施与数据采集全景图.svg,.svg,,368327,NOT_APPLICABLE,,PASS,
LCL-0066,02_方案演进与调研报告/本地原件/计划书/飞书兼容_Mermaid_V3.0_数据采集处理与Smartbi落地全流程_预览.png,.png,,334810,NOT_APPLICABLE,,PASS,
LCL-0067,02_方案演进与调研报告/本地原件/计划书/飞书兼容_Mermaid_V3.0_数据采集处理与Smartbi落地全流程.mmd,.mmd,,7025,NOT_APPLICABLE,,PASS,
LCL-0068,02_方案演进与调研报告/本地原件/计划书/飞书兼容_Mermaid_V3.0_数据采集处理与Smartbi落地全流程.svg,.svg,,251245,NOT_APPLICABLE,,PASS,
LCL-0069,02_方案演进与调研报告/本地原件/计划书/飞书兼容_Mermaid_V4.0_全球经济周期与系统性危机全流程_预览.png,.png,,279435,NOT_APPLICABLE,,PASS,
LCL-0070,02_方案演进与调研报告/本地原件/计划书/飞书兼容_Mermaid_V4.0_全球经济周期与系统性危机全流程.mmd,.mmd,,3982,NOT_APPLICABLE,,PASS,
LCL-0071,02_方案演进与调研报告/本地原件/计划书/飞书兼容_Mermaid_V4.0_全球经济周期与系统性危机全流程.svg,.svg,,158694,NOT_APPLICABLE,,PASS,
LCL-0072,02_方案演进与调研报告/本地原件/计划书/planbook-style.tex,.tex,,4983,NOT_APPLICABLE,,PASS,
LCL-0073,02_方案演进与调研报告/本地原件/计划书/references.bib,.bib,,7228,NOT_APPLICABLE,,PASS,
LCL-0074,02_方案演进与调研报告/本地原件/跨国公司黄金硬通货需求调研报告.md,.md,,21783,NOT_APPLICABLE,,PASS,
LCL-0075,02_方案演进与调研报告/本地原件/命题可行性验证报告.md,.md,,8429,NOT_APPLICABLE,,PASS,
LCL-0076,02_方案演进与调研报告/本地原件/企业资产配置调研报告.md,.md,,24416,NOT_APPLICABLE,,PASS,
LCL-0077,01_比赛与项目基线/本地原件/生成评分标准表.mjs,.mjs,,12224,NOT_APPLICABLE,,PASS,
LCL-0078,02_方案演进与调研报告/本地原件/题意符合性评估报告.md,.md,,9365,NOT_APPLICABLE,,PASS,
LCL-0079,01_比赛与项目基线/本地原件/预览_硬性要求与评分标准.png,.png,,445139,NOT_APPLICABLE,,PASS,
LCL-0080,01_比赛与项目基线/本地原件/预览_整体流程.png,.png,,174557,NOT_APPLICABLE,,PASS,
LCL-0082,10_数据集原件与说明/本地原件/最终数据/最终数据/outputs/019f56e7-91fe-7a43-b1d0-ae50e45c9d0c/黄金价格传导链因素与时序数据_20260724.xlsx,.xlsx,,607586,PASS,,PASS,
LCL-0083,10_数据集原件与说明/本地原件/最终数据/最终数据/outputs/019f56e7-91fe-7a43-b1d0-ae50e45c9d0c/黄金价格传导链因素与时序数据_20260724.xlsx.inspect.ndjson,.ndjson,,30557280,NOT_APPLICABLE,,PASS,
LCL-0084,10_数据集原件与说明/本地原件/最终数据/最终数据/outputs/019f56e7-91fe-7a43-b1d0-ae50e45c9d0c/金银价格波动影响因素与时序数据_20260726.xlsx,.xlsx,,693026,PASS,,PASS,
LCL-0085,10_数据集原件与说明/本地原件/最终数据/最终数据/outputs/019f56e7-91fe-7a43-b1d0-ae50e45c9d0c/金银价格波动影响因素与时序数据_20260726.xlsx.inspect.ndjson,.ndjson,,34974640,NOT_APPLICABLE,,PASS,
LCL-0086,10_数据集原件与说明/本地原件/最终数据/最终数据/outputs/019f56e7-91fe-7a43-b1d0-ae50e45c9d0c/金银价格波动影响因素与时序数据_中文字段版_20260726.xlsx,.xlsx,,703197,PASS,,PASS,
LCL-0087,10_数据集原件与说明/本地原件/最终数据/最终数据/outputs/019f56e7-91fe-7a43-b1d0-ae50e45c9d0c/金银价格波动影响因素与时序数据_中文字段版_20260726.xlsx.inspect.ndjson,.ndjson,,35103966,NOT_APPLICABLE,,PASS,
LCL-0088,10_数据集原件与说明/本地原件/最终数据/最终数据/outputs/019f56e7-91fe-7a43-b1d0-ae50e45c9d0c/金银价格预测_官方数据与因素台账_20260713.xlsx,.xlsx,,466078,PASS,,PASS,
LCL-0089,10_数据集原件与说明/本地原件/最终数据/最终数据/outputs/019f56e7-91fe-7a43-b1d0-ae50e45c9d0c/金银价格预测_官方数据与因素台账_20260713.xlsx.inspect.ndjson,.ndjson,,33120505,NOT_APPLICABLE,,PASS,
LCL-0090,10_数据集原件与说明/本地原件/最终数据/最终数据/outputs/019f56e7-91fe-7a43-b1d0-ae50e45c9d0c/gold_factor_previews/00_说明与总览.png,.png,,124608,NOT_APPLICABLE,,PASS,
LCL-0091,10_数据集原件与说明/本地原件/最终数据/最终数据/outputs/019f56e7-91fe-7a43-b1d0-ae50e45c9d0c/gold_factor_previews/01_价格传导链.png,.png,,133001,NOT_APPLICABLE,,PASS,
LCL-0092,10_数据集原件与说明/本地原件/最终数据/最终数据/outputs/019f56e7-91fe-7a43-b1d0-ae50e45c9d0c/gold_factor_previews/02_影响因素表.png,.png,,127133,NOT_APPLICABLE,,PASS,
LCL-0093,10_数据集原件与说明/本地原件/最终数据/最终数据/outputs/019f56e7-91fe-7a43-b1d0-ae50e45c9d0c/gold_factor_previews/03_事件关联.png,.png,,126190,NOT_APPLICABLE,,PASS,
LCL-0094,10_数据集原件与说明/本地原件/最终数据/最终数据/outputs/019f56e7-91fe-7a43-b1d0-ae50e45c9d0c/gold_factor_previews/05_日度对齐主表.png,.png,,79706,NOT_APPLICABLE,,PASS,
LCL-0095,10_数据集原件与说明/本地原件/最终数据/最终数据/outputs/019f56e7-91fe-7a43-b1d0-ae50e45c9d0c/gold_factor_previews/06_SGE原始日行情.png,.png,,116742,NOT_APPLICABLE,,PASS,
LCL-0096,10_数据集原件与说明/本地原件/最终数据/最终数据/outputs/019f56e7-91fe-7a43-b1d0-ae50e45c9d0c/gold_factor_previews/07_FRED日度原始.png,.png,,38997,NOT_APPLICABLE,,PASS,
LCL-0097,10_数据集原件与说明/本地原件/最终数据/最终数据/outputs/019f56e7-91fe-7a43-b1d0-ae50e45c9d0c/gold_factor_previews/08_CFTC周度持仓.png,.png,,79711,NOT_APPLICABLE,,PASS,
LCL-0098,10_数据集原件与说明/本地原件/最终数据/最终数据/outputs/019f56e7-91fe-7a43-b1d0-ae50e45c9d0c/gold_factor_previews/09_月度研究主表.png,.png,,78337,NOT_APPLICABLE,,PASS,
LCL-0099,10_数据集原件与说明/本地原件/最终数据/最终数据/outputs/019f56e7-91fe-7a43-b1d0-ae50e45c9d0c/gold_factor_previews/10_GPR月度.png,.png,,45417,NOT_APPLICABLE,,PASS,
LCL-0100,10_数据集原件与说明/本地原件/最终数据/最终数据/outputs/019f56e7-91fe-7a43-b1d0-ae50e45c9d0c/gold_factor_previews/12_来源与口径.png,.png,,126958,NOT_APPLICABLE,,PASS,
LCL-0101,10_数据集原件与说明/本地原件/最终数据/最终数据/outputs/019f56e7-91fe-7a43-b1d0-ae50e45c9d0c/gold_factor_previews/13_质量检查_导出后复核.png,.png,,73920,NOT_APPLICABLE,,PASS,
LCL-0102,10_数据集原件与说明/本地原件/最终数据/最终数据/outputs/019f56e7-91fe-7a43-b1d0-ae50e45c9d0c/gold_factor_previews/13_质量检查.png,.png,,58480,NOT_APPLICABLE,,PASS,
LCL-0103,10_数据集原件与说明/本地原件/最终数据/最终数据/outputs/019f56e7-91fe-7a43-b1d0-ae50e45c9d0c/gold_factor_previews/全部工作表总览.png,.png,,811187,NOT_APPLICABLE,,PASS,
LCL-0104,10_数据集原件与说明/本地原件/最终数据/最终数据/outputs/019f56e7-91fe-7a43-b1d0-ae50e45c9d0c/gold_silver_chinese_previews/00_说明与总览.png,.png,,143995,NOT_APPLICABLE,,PASS,
LCL-0105,10_数据集原件与说明/本地原件/最终数据/最终数据/outputs/019f56e7-91fe-7a43-b1d0-ae50e45c9d0c/gold_silver_chinese_previews/01_金银传导链.png,.png,,188010,NOT_APPLICABLE,,PASS,
LCL-0106,10_数据集原件与说明/本地原件/最终数据/最终数据/outputs/019f56e7-91fe-7a43-b1d0-ae50e45c9d0c/gold_silver_chinese_previews/02_金银因素表.png,.png,,161264,NOT_APPLICABLE,,PASS,
LCL-0107,10_数据集原件与说明/本地原件/最终数据/最终数据/outputs/019f56e7-91fe-7a43-b1d0-ae50e45c9d0c/gold_silver_chinese_previews/03_事件关联.png,.png,,144022,NOT_APPLICABLE,,PASS,
LCL-0108,10_数据集原件与说明/本地原件/最终数据/最终数据/outputs/019f56e7-91fe-7a43-b1d0-ae50e45c9d0c/gold_silver_chinese_previews/04_术语与字段说明.png,.png,,162281,NOT_APPLICABLE,,PASS,
LCL-0109,10_数据集原件与说明/本地原件/最终数据/最终数据/outputs/019f56e7-91fe-7a43-b1d0-ae50e45c9d0c/gold_silver_chinese_previews/05_金银日度主表.png,.png,,114641,NOT_APPLICABLE,,PASS,
LCL-0110,10_数据集原件与说明/本地原件/最终数据/最终数据/outputs/019f56e7-91fe-7a43-b1d0-ae50e45c9d0c/gold_silver_chinese_previews/06_SGE原始日行情.png,.png,,122128,NOT_APPLICABLE,,PASS,
LCL-0111,10_数据集原件与说明/本地原件/最终数据/最终数据/outputs/019f56e7-91fe-7a43-b1d0-ae50e45c9d0c/gold_silver_chinese_previews/07_FRED日度原始.png,.png,,45145,NOT_APPLICABLE,,PASS,
LCL-0112,10_数据集原件与说明/本地原件/最终数据/最终数据/outputs/019f56e7-91fe-7a43-b1d0-ae50e45c9d0c/gold_silver_chinese_previews/08_CFTC周度持仓.png,.png,,84720,NOT_APPLICABLE,,PASS,
LCL-0113,10_数据集原件与说明/本地原件/最终数据/最终数据/outputs/019f56e7-91fe-7a43-b1d0-ae50e45c9d0c/gold_silver_chinese_previews/09_金银月度主表.png,.png,,90513,NOT_APPLICABLE,,PASS,
LCL-0114,10_数据集原件与说明/本地原件/最终数据/最终数据/outputs/019f56e7-91fe-7a43-b1d0-ae50e45c9d0c/gold_silver_chinese_previews/10_GPR月度.png,.png,,50614,NOT_APPLICABLE,,PASS,
LCL-0115,10_数据集原件与说明/本地原件/最终数据/最终数据/outputs/019f56e7-91fe-7a43-b1d0-ae50e45c9d0c/gold_silver_chinese_previews/11_白银年度供需.png,.png,,212771,NOT_APPLICABLE,,PASS,
LCL-0116,10_数据集原件与说明/本地原件/最终数据/最终数据/outputs/019f56e7-91fe-7a43-b1d0-ae50e45c9d0c/gold_silver_chinese_previews/12_来源与口径.png,.png,,173863,NOT_APPLICABLE,,PASS,
LCL-0117,10_数据集原件与说明/本地原件/最终数据/最终数据/outputs/019f56e7-91fe-7a43-b1d0-ae50e45c9d0c/gold_silver_chinese_previews/13_质量检查.png,.png,,93223,NOT_APPLICABLE,,PASS,
LCL-0118,10_数据集原件与说明/本地原件/最终数据/最终数据/outputs/019f56e7-91fe-7a43-b1d0-ae50e45c9d0c/gold_silver_factor_previews/00_说明与总览.png,.png,,144119,NOT_APPLICABLE,,PASS,
LCL-0121,10_数据集原件与说明/本地原件/最终数据/最终数据/outputs/019f56e7-91fe-7a43-b1d0-ae50e45c9d0c/gold_silver_factor_previews/03_事件关联.png,.png,,144116,NOT_APPLICABLE,,PASS,
LCL-0122,10_数据集原件与说明/本地原件/最终数据/最终数据/outputs/019f56e7-91fe-7a43-b1d0-ae50e45c9d0c/gold_silver_factor_previews/05_金银日度主表.png,.png,,105951,NOT_APPLICABLE,,PASS,
LCL-0128,10_数据集原件与说明/本地原件/最终数据/最终数据/outputs/019f56e7-91fe-7a43-b1d0-ae50e45c9d0c/gold_silver_factor_previews/11_白银年度供需.png,.png,,198853,NOT_APPLICABLE,,PASS,
LCL-0130,10_数据集原件与说明/本地原件/最终数据/最终数据/outputs/019f56e7-91fe-7a43-b1d0-ae50e45c9d0c/gold_silver_factor_previews/13_质量检查.png,.png,,91478,NOT_APPLICABLE,,PASS,
LCL-0131,10_数据集原件与说明/本地原件/最终数据/最终数据/outputs/019f56e7-91fe-7a43-b1d0-ae50e45c9d0c/previews/00_使用说明.png,.png,,186245,NOT_APPLICABLE,,PASS,
LCL-0132,10_数据集原件与说明/本地原件/最终数据/最终数据/outputs/019f56e7-91fe-7a43-b1d0-ae50e45c9d0c/previews/01_数据目录.png,.png,,285424,NOT_APPLICABLE,,PASS,
LCL-0133,10_数据集原件与说明/本地原件/最终数据/最终数据/outputs/019f56e7-91fe-7a43-b1d0-ae50e45c9d0c/previews/02_因素地图.png,.png,,151372,NOT_APPLICABLE,,PASS,
LCL-0134,10_数据集原件与说明/本地原件/最终数据/最终数据/outputs/019f56e7-91fe-7a43-b1d0-ae50e45c9d0c/previews/03_事件时间线.png,.png,,373104,NOT_APPLICABLE,,PASS,
LCL-0135,10_数据集原件与说明/本地原件/最终数据/最终数据/outputs/019f56e7-91fe-7a43-b1d0-ae50e45c9d0c/previews/04_因子扫描.png,.png,,205427,NOT_APPLICABLE,,PASS,
LCL-0136,10_数据集原件与说明/本地原件/最终数据/最终数据/outputs/019f56e7-91fe-7a43-b1d0-ae50e45c9d0c/previews/05_月度建模表.png,.png,,121242,NOT_APPLICABLE,,PASS,
LCL-0137,10_数据集原件与说明/本地原件/最终数据/最终数据/outputs/019f56e7-91fe-7a43-b1d0-ae50e45c9d0c/previews/06_月度价格.png,.png,,140889,NOT_APPLICABLE,,PASS,
LCL-0138,10_数据集原件与说明/本地原件/最终数据/最终数据/outputs/019f56e7-91fe-7a43-b1d0-ae50e45c9d0c/previews/07_日收益率.png,.png,,55990,NOT_APPLICABLE,,PASS,
LCL-0139,10_数据集原件与说明/本地原件/最终数据/最终数据/outputs/019f56e7-91fe-7a43-b1d0-ae50e45c9d0c/previews/08_美元指数.png,.png,,39158,NOT_APPLICABLE,,PASS,
LCL-0140,10_数据集原件与说明/本地原件/最终数据/最终数据/outputs/019f56e7-91fe-7a43-b1d0-ae50e45c9d0c/previews/09_CFTC持仓.png,.png,,141856,NOT_APPLICABLE,,PASS,
LCL-0141,10_数据集原件与说明/本地原件/最终数据/最终数据/outputs/019f56e7-91fe-7a43-b1d0-ae50e45c9d0c/previews/10_GPR指数.png,.png,,82381,NOT_APPLICABLE,,PASS,
LCL-0142,10_数据集原件与说明/本地原件/最终数据/最终数据/outputs/019f56e7-91fe-7a43-b1d0-ae50e45c9d0c/previews/11_质量检查.png,.png,,115874,NOT_APPLICABLE,,PASS,
LCL-0143,10_数据集原件与说明/本地原件/最终数据/最终数据/research/media_sentiment_gold_paper/datasets/processed/China_Mainland_EPU_proxy_2022-02_to_2025-02.csv,.csv,,4355,NOT_APPLICABLE,,PASS,
LCL-0144,10_数据集原件与说明/本地原件/最终数据/最终数据/research/media_sentiment_gold_paper/datasets/processed/Fed_broad_dollar_proxy_2022-02_to_2025-02.csv,.csv,,69257,NOT_APPLICABLE,,PASS,
LCL-0145,10_数据集原件与说明/本地原件/最终数据/最终数据/research/media_sentiment_gold_paper/datasets/processed/THUOCL_caijing_utf8.csv,.csv,,58494,NOT_APPLICABLE,,PASS,
LCL-0146,10_数据集原件与说明/本地原件/最终数据/最终数据/research/media_sentiment_gold_paper/datasets/processed/US_Treasury_real_yield_proxy_2022-02_to_2025-02.csv,.csv,,85352,NOT_APPLICABLE,,PASS,
LCL-0147,10_数据集原件与说明/本地原件/最终数据/最终数据/research/media_sentiment_gold_paper/datasets/processed/World_Bank_commodity_proxies_2022-02_to_2025-02.csv,.csv,,4554,NOT_APPLICABLE,,PASS,
LCL-0149,10_数据集原件与说明/本地原件/最终数据/最终数据/research/media_sentiment_gold_paper/datasets/raw/China_Mainland_Paper_EPU.xlsx,.xlsx,,48773,PASS,,PASS,
LCL-0150,10_数据集原件与说明/本地原件/最终数据/最终数据/research/media_sentiment_gold_paper/datasets/raw/THUOCL_caijing.txt,.txt,,62296,NOT_APPLICABLE,,PASS,
LCL-0151,10_数据集原件与说明/本地原件/最终数据/最终数据/research/media_sentiment_gold_paper/datasets/raw/THUOCL_LICENSE.txt,.txt,,1063,NOT_APPLICABLE,,PASS,
LCL-0152,10_数据集原件与说明/本地原件/最终数据/最终数据/research/media_sentiment_gold_paper/metadata/checksums_sha256.txt,.txt,,2004,NOT_APPLICABLE,,PASS,
LCL-0153,10_数据集原件与说明/本地原件/最终数据/最终数据/research/media_sentiment_gold_paper/metadata/dataset_manifest.csv,.csv,,6223,NOT_APPLICABLE,,PASS,
LCL-0154,10_数据集原件与说明/本地原件/最终数据/最终数据/research/media_sentiment_gold_paper/metadata/europepmc_fulltext.xml,.xml,,289341,NOT_APPLICABLE,,PASS,
LCL-0155,10_数据集原件与说明/本地原件/最终数据/最终数据/research/media_sentiment_gold_paper/metadata/heywhale_app.js,.js,,440614,NOT_APPLICABLE,,PASS,
LCL-0156,10_数据集原件与说明/本地原件/最终数据/最终数据/research/media_sentiment_gold_paper/metadata/heywhale_dataset_page.html,.html,,1176,NOT_APPLICABLE,,PASS,
LCL-0157,10_数据集原件与说明/本地原件/最终数据/最终数据/research/media_sentiment_gold_paper/metadata/sge_en_daily.html,.html,,48869,NOT_APPLICABLE,,PASS,
LCL-0158,10_数据集原件与说明/本地原件/最终数据/最终数据/research/media_sentiment_gold_paper/metadata/sge_func.js,.js,,45483,NOT_APPLICABLE,,PASS,
LCL-0159,10_数据集原件与说明/本地原件/最终数据/最终数据/research/media_sentiment_gold_paper/metadata/sge_main.js,.js,,4628,NOT_APPLICABLE,,PASS,
LCL-0160,10_数据集原件与说明/本地原件/最终数据/最终数据/research/media_sentiment_gold_paper/metadata/sge_quotation_daily_new.html,.html,,43810,NOT_APPLICABLE,,PASS,
LCL-0161,10_数据集原件与说明/本地原件/最终数据/最终数据/research/media_sentiment_gold_paper/metadata/sge_tools.js,.js,,33766,NOT_APPLICABLE,,PASS,
LCL-0164,10_数据集原件与说明/本地原件/最终数据/最终数据/research/media_sentiment_gold_paper/outputs/019f56e7-91fe-7a43-b1d0-ae50e45c9d0c/论文数据来源与复现清单.xlsx,.xlsx,,128084,PASS,,PASS,
LCL-0165,10_数据集原件与说明/本地原件/最终数据/最终数据/research/media_sentiment_gold_paper/outputs/019f56e7-91fe-7a43-b1d0-ae50e45c9d0c/论文数据来源与复现清单.xlsx.inspect.ndjson,.ndjson,,4156109,NOT_APPLICABLE,,PASS,
LCL-0166,10_数据集原件与说明/本地原件/最终数据/最终数据/research/media_sentiment_gold_paper/outputs/019f56e7-91fe-7a43-b1d0-ae50e45c9d0c/formula_error_scan.ndjson,.ndjson,,60,NOT_APPLICABLE,,PASS,
LCL-0167,10_数据集原件与说明/本地原件/最终数据/最终数据/research/media_sentiment_gold_paper/outputs/019f56e7-91fe-7a43-b1d0-ae50e45c9d0c/previews/导读.png,.png,,296719,NOT_APPLICABLE,,PASS,
LCL-0168,10_数据集原件与说明/本地原件/最终数据/最终数据/research/media_sentiment_gold_paper/outputs/019f56e7-91fe-7a43-b1d0-ae50e45c9d0c/previews/复现风险.png,.png,,270198,NOT_APPLICABLE,,PASS,
LCL-0169,10_数据集原件与说明/本地原件/最终数据/最终数据/research/media_sentiment_gold_paper/outputs/019f56e7-91fe-7a43-b1d0-ae50e45c9d0c/previews/美元指数代理.png,.png,,274924,NOT_APPLICABLE,,PASS,
LCL-0170,10_数据集原件与说明/本地原件/最终数据/最终数据/research/media_sentiment_gold_paper/outputs/019f56e7-91fe-7a43-b1d0-ae50e45c9d0c/previews/商品月度代理.png,.png,,347659,NOT_APPLICABLE,,PASS,
LCL-0171,10_数据集原件与说明/本地原件/最终数据/最终数据/research/media_sentiment_gold_paper/outputs/019f56e7-91fe-7a43-b1d0-ae50e45c9d0c/previews/实际利率代理.png,.png,,329095,NOT_APPLICABLE,,PASS,
LCL-0172,10_数据集原件与说明/本地原件/最终数据/最终数据/research/media_sentiment_gold_paper/outputs/019f56e7-91fe-7a43-b1d0-ae50e45c9d0c/previews/数据清单.png,.png,,492809,NOT_APPLICABLE,,PASS,
LCL-0173,10_数据集原件与说明/本地原件/最终数据/最终数据/research/media_sentiment_gold_paper/outputs/019f56e7-91fe-7a43-b1d0-ae50e45c9d0c/previews/质量检查.png,.png,,81621,NOT_APPLICABLE,,PASS,
LCL-0174,10_数据集原件与说明/本地原件/最终数据/最终数据/research/media_sentiment_gold_paper/outputs/019f56e7-91fe-7a43-b1d0-ae50e45c9d0c/previews/EPU代理.png,.png,,312384,NOT_APPLICABLE,,PASS,
LCL-0175,10_数据集原件与说明/本地原件/最终数据/最终数据/research/media_sentiment_gold_paper/outputs/019f56e7-91fe-7a43-b1d0-ae50e45c9d0c/previews/THUOCL财经词表.png,.png,,95475,NOT_APPLICABLE,,PASS,
LCL-0176,10_数据集原件与说明/本地原件/最终数据/最终数据/research/media_sentiment_gold_paper/outputs/019f56e7-91fe-7a43-b1d0-ae50e45c9d0c/workbook_inspect.ndjson,.ndjson,,15877,NOT_APPLICABLE,,PASS,
LCL-0177,10_数据集原件与说明/本地原件/最终数据/最终数据/research/media_sentiment_gold_paper/README_论文学习与数据说明.md,.md,,9074,NOT_APPLICABLE,,PASS,
LCL-0178,10_数据集原件与说明/本地原件/最终数据/最终数据/research/media_sentiment_gold_paper/scripts/build_reproducibility_package.mjs,.mjs,,30108,NOT_APPLICABLE,,PASS,
LCL-0179,01_比赛与项目基线/本地原件/XH-202612_Smartbi AI驱动的数据创新平台研究.pdf,.pdf,,371900,PASS,12,PASS,
LCL-0180,01_比赛与项目基线/本地原件/XH-202612比赛硬性要求与评分标准_含技术方案.xlsx,.xlsx,,11694,PASS,,PASS,
WEB-0002,06_黄金美元与储备配置/外部原件/WEB-0002__a_href=_/original.html,.html,text/html;charset=UTF-8,50382,NOT_APPLICABLE,,PASS,
WEB-0008,08_企业案例与公开披露/外部原件/WEB-0008_中国期货业协会分析框架，2022/original.pdf,.pdf,application/pdf,1184382,PASS,17,PASS,
WEB-0011,08_企业案例与公开披露/外部原件/WEB-0011_人民银行，2022/original.html,.html,text/html,32106,NOT_APPLICABLE,,PASS,
WEB-0013,06_黄金美元与储备配置/外部原件/WEB-0013__a_href=_/original.html,.html,text/html;charset=UTF-8,72250,NOT_APPLICABLE,,PASS,
WEB-0016,08_企业案例与公开披露/外部原件/WEB-0016_UBS_GFOR_2025/original.pdf,.pdf,application/pdf,7827105,PASS,82,PASS,
WEB-0020,05_全球周期与历史危机/外部原件/WEB-0020_5._American_Institute_for_Economic_Research（AIER），《The_Federal_Reserve_B/original.pdf,.pdf,application/pdf,203424,PASS,58,PASS,
WEB-0026,06_黄金美元与储备配置/外部原件/WEB-0026_XLSX_entry_xl_worksheets_sheet4.xml/original.html,.html,text/html;charset=utf-8,70471,NOT_APPLICABLE,,PASS,
WEB-0039,"04_国别货币与中国出海/外部原件/WEB-0039_boards,/original.html",.html,text/html; charset=utf-8,40595,NOT_APPLICABLE,,PASS,
WEB-0040,06_黄金美元与储备配置/外部原件/WEB-0040_PDF_link_annotation_/original.html,.html,text/html; charset=utf-8,328466,NOT_APPLICABLE,,PASS,
WEB-0042,04_国别货币与中国出海/外部原件/WEB-0042_PDF_link_annotation_/original.html,.html,text/html; charset=utf-8,1129485,NOT_APPLICABLE,,PASS,
WEB-0043,04_国别货币与中国出海/外部原件/WEB-0043_PDF_link_annotation_/original.html,.html,text/html; charset=utf-8,1128846,NOT_APPLICABLE,,PASS,
WEB-0044,04_国别货币与中国出海/外部原件/WEB-0044_World_Bank数据许可/original.html,.html,text/html; charset=utf-8,207425,NOT_APPLICABLE,,PASS,
WEB-0045,07_会计合规与制裁/外部原件/WEB-0045_8._俄罗斯_2015_年_GDP（-2%）：世界银行_WDI：_/original.html,.html,text/html; charset=utf-8,72642,NOT_APPLICABLE,,PASS,
WEB-0046,"06_黄金美元与储备配置/外部原件/WEB-0046_3_World_Bank,_Global_Economic_Monitor,/original.html",.html,text/html; charset=utf-8,45640,NOT_APPLICABLE,,PASS,
WEB-0048,06_黄金美元与储备配置/外部原件/WEB-0048_PDF_link_annotation_/original.html,.html,text/html; charset=utf-8,115923,NOT_APPLICABLE,,PASS,
WEB-0049,"04_国别货币与中国出海/外部原件/WEB-0049_8_World_Bank,_Indicator_API_Queries,/original.html",.html,text/html; charset=utf-8,270319,NOT_APPLICABLE,,PASS,
WEB-0050,06_黄金美元与储备配置/外部原件/WEB-0050_PDF_link_annotation_/original.html,.html,text/html; charset=utf-8,224335,NOT_APPLICABLE,,PASS,
WEB-0060,06_黄金美元与储备配置/外部原件/WEB-0060_PDF_link_annotation_/original.html,.html,text/html;charset=UTF-8,25545,NOT_APPLICABLE,,PASS,
WEB-0073,08_企业案例与公开披露/外部原件/WEB-0073_3._美国财政部年报（1940，圣路易斯联储_FRASER_档案）：1911–1932_年白银年均价格表，1929_年_53.3_美分、1932/original.pdf,.pdf,application/pdf,21109679,PASS,898,PASS,
WEB-0098,06_黄金美元与储备配置/外部原件/WEB-0098_XLSX_entry_xl_worksheets_sheet4.xml/original.html,.html,text/html; charset=UTF-8,122636,NOT_APPLICABLE,,PASS,
WEB-0099,05_全球周期与历史危机/外部原件/WEB-0099_3._U.S._Department_of_the_Treasury（美国财政部），《Exchange_Stabilization_Fund_–/original.html,.html,text/html; charset=UTF-8,112464,NOT_APPLICABLE,,PASS,
WEB-0101,06_黄金美元与储备配置/外部原件/WEB-0101_XLSX_entry_xl_worksheets_sheet2.xml/original.html,.html,text/html; charset=UTF-8,1621196,NOT_APPLICABLE,,PASS,
WEB-0103,08_企业案例与公开披露/外部原件/WEB-0103_公开年报/original.pdf,.pdf,application/pdf,1343438,PASS,97,PASS,
WEB-0108,08_企业案例与公开披露/外部原件/WEB-0108_上海市委金融办，2025-03/original.html,.html,text/html; charset=utf-8,15481,NOT_APPLICABLE,,PASS,
WEB-0109,08_企业案例与公开披露/外部原件/WEB-0109_上海金融局，2025/original.html,.html,text/html; charset=utf-8,18554,NOT_APPLICABLE,,PASS,
WEB-0115,06_黄金美元与储备配置/外部原件/WEB-0115_缺失论文PDF官方开放CDN恢复候选/original.pdf,.pdf,application/pdf,4499707,PASS,40,PASS,
WEB-0128,07_会计合规与制裁/外部原件/WEB-0128_7._2014_年西方制裁（首轮）：EU_美国财政部_OFAC_公告：_/original.html,.html,text/html; charset=UTF-8,43302,NOT_APPLICABLE,,PASS,
WEB-0129,07_会计合规与制裁/外部原件/WEB-0129_PDF_link_annotation_/original.html,.html,text/html; charset=UTF-8,43865,NOT_APPLICABLE,,PASS,
WEB-0132,"05_全球周期与历史危机/外部原件/WEB-0132_1._World_Bank（世界银行），《The_Korean_Financial_Crisis_of_1997_Onset,_Turnarou/original.pdf",.pdf,application/pdf;charset=UTF-8,3588598,PASS,474,PASS,
WEB-0135,08_企业案例与公开披露/外部原件/WEB-0135_东方财富研报，2021/original.pdf,.pdf,application/pdf,3089841,PASS,45,PASS,
WEB-0136,08_企业案例与公开披露/外部原件/WEB-0136_开源证券，2025-02/original.pdf,.pdf,application/pdf,8010631,PASS,69,PASS,
WEB-0137,08_企业案例与公开披露/外部原件/WEB-0137_开源证券，2025-01/original.pdf,.pdf,application/pdf,1154746,PASS,21,PASS,
WEB-0138,08_企业案例与公开披露/外部原件/WEB-0138_建筑业实证，2024/original.pdf,.pdf,application/pdf,540274,PASS,12,PASS,
WEB-0139,06_黄金美元与储备配置/外部原件/WEB-0139_-_PMC：/original.html,.html,text/html; charset=utf-8,364870,NOT_APPLICABLE,,PASS,
WEB-0143,08_企业案例与公开披露/外部原件/WEB-0143_《台大管理论丛》/original.pdf,.pdf,application/pdf,3757855,PASS,38,PASS,
WEB-0146,07_会计合规与制裁/外部原件/WEB-0146_BBVA_公告，2022/original.pdf,.pdf,application/pdf,1225454,PASS,16,PASS,
WEB-0149,05_全球周期与历史危机/外部原件/WEB-0149_3._The_Silver_Institute（2026）：《World_Silver_Survey》——白银年度均价（2000：4.95；20/original.pdf,.pdf,application/pdf,15262541,PASS,92,PASS,
WEB-0156,08_企业案例与公开披露/外部原件/WEB-0156_上交所重组报告书，2025/original.pdf,.pdf,application/pdf,6959700,PASS,305,PASS,
WEB-0158,06_黄金美元与储备配置/外部原件/WEB-0158_XLSX_entry_xl_worksheets_sheet4.xml/original.pdf,.pdf,application/pdf,823212,PASS,7,PASS,
WEB-0159,06_黄金美元与储备配置/外部原件/WEB-0159_XLSX_entry_xl_worksheets_sheet2.xml/original.html,.html,text/html;charset=utf-8,115046,NOT_APPLICABLE,,PASS,
WEB-0162,05_全球周期与历史危机/外部原件/WEB-0162_7._美国财政部《1995_年墨西哥金融救援》文件（200_亿美元外汇稳定基金）：_/original.html,.html,text/html; charset=UTF-8,181696,NOT_APPLICABLE,,PASS,
WEB-0165,06_黄金美元与储备配置/外部原件/WEB-0165_PDF_link_annotation_/original.pdf,.pdf,application/pdf,679258,PASS,14,PASS,
WEB-0166,06_黄金美元与储备配置/外部原件/WEB-0166_PDF_link_annotation_/original.pdf,.pdf,application/pdf,1630956,PASS,22,PASS,
WEB-0186,08_企业案例与公开披露/外部原件/WEB-0186_Berkshire_2011_股东信/original.pdf,.pdf,application/pdf,129396,PASS,21,PASS,
WEB-0187,"06_黄金美元与储备配置/外部原件/WEB-0187_change_Reserve_Returns,_BIS_Working_Papers_No._906,_2020,/original.html",.html,text/html; charset=UTF-8,22687,NOT_APPLICABLE,,PASS,
WEB-0188,08_企业案例与公开披露/外部原件/WEB-0188_7._BIS（国际清算银行）1998_年年报第六章——危机对商品与金价的压制作用：/original.pdf,.pdf,application/pdf,295299,PASS,19,PASS,
WEB-0189,04_国别货币与中国出海/外部原件/WEB-0189_PDF_link_annotation_/original.pdf,.pdf,application/pdf,441806,PASS,75,PASS,
WEB-0190,"06_黄金美元与储备配置/外部原件/WEB-0190_work,_BIS_Papers_No._38,_2008,/original.pdf",.pdf,application/pdf,129519,PASS,28,PASS,
WEB-0191,06_黄金美元与储备配置/外部原件/WEB-0191_PDF_link_annotation_/original.html,.html,text/html; charset=UTF-8,35140,NOT_APPLICABLE,,PASS,
WEB-0192,"04_国别货币与中国出海/外部原件/WEB-0192_umentation,/original.pdf",.pdf,application/pdf,339102,PASS,10,PASS,
WEB-0194,05_全球周期与历史危机/外部原件/WEB-0194_1._美国_CPI_数据（2022-06_峰值_9.1%）：美国劳工统计局：_/original.html,.html,text/html,100471,NOT_APPLICABLE,,PASS,
WEB-0195,06_黄金美元与储备配置/外部原件/WEB-0195_XLSX_entry_xl_worksheets_sheet2.xml/original.html,.html,text/html,147708,NOT_APPLICABLE,,PASS,
WEB-0197,"05_全球周期与历史危机/外部原件/WEB-0197_Accord,_bubble_formation_and_subsequent_adjustment,/original.html",.html,text/html;charset=UTF-8,63804,NOT_APPLICABLE,,PASS,
WEB-0198,05_全球周期与历史危机/外部原件/WEB-0198_PDF_link_annotation_/original.html,.html,text/html;charset=UTF-8,72399,NOT_APPLICABLE,,PASS,
WEB-0199,05_全球周期与历史危机/外部原件/WEB-0199_PDF_link_annotation_/original.html,.html,text/html;charset=UTF-8,68065,NOT_APPLICABLE,,PASS,
WEB-0200,05_全球周期与历史危机/外部原件/WEB-0200_5._日银资金循环统计（家庭金融资产）：日本银行，_/original.html,.html,text/html;charset=UTF-8,59428,NOT_APPLICABLE,,PASS,
WEB-0207,08_企业案例与公开披露/外部原件/WEB-0207_CAFI_报告_PDF/original.pdf,.pdf,application/pdf,4234107,PASS,129,PASS,
WEB-0216,04_国别货币与中国出海/外部原件/WEB-0216_PDF_link_annotation_/original.html,.html,text/html; charset=utf-8,82668,NOT_APPLICABLE,,PASS,
WEB-0219,08_企业案例与公开披露/外部原件/WEB-0219_CICPA_刊载研究，2017/original.pdf,.pdf,application/pdf,10041219,PASS,147,PASS,
WEB-0235,05_全球周期与历史危机/外部原件/WEB-0235_5._国务院发展研究中心，张瑾《亚洲金融危机回顾与思考》，2022——各国股市跌幅与韩元半年贬值_48%：/original.html,.html,text/html; charset=gb2312,44391,NOT_APPLICABLE,,PASS,
WEB-0237,05_全球周期与历史危机/外部原件/WEB-0237_7._《华盛顿协议》（1999-09）：欧洲央行（ECB）声明：_/original.html,.html,text/html; charset=UTF-8,208598,NOT_APPLICABLE,,PASS,
WEB-0238,05_全球周期与历史危机/外部原件/WEB-0238_1._ECB《The_Financial_Crisis_in_the_Global_Economy》与希腊救助文件：_/original.html,.html,text/html; charset=UTF-8,99541,NOT_APPLICABLE,,PASS,
WEB-0239,"05_全球周期与历史危机/外部原件/WEB-0239_5._Burdekin,_R.C.K.（2005，EconStor_学术档案）：《US_pressure_on_China's_currency/original.pdf",.pdf,application/pdf,473398,PASS,33,PASS,
WEB-0249,08_企业案例与公开披露/外部原件/WEB-0249_CRS，2018/original.pdf,.pdf,application/pdf,606666,PASS,3,PASS,
WEB-0253,06_黄金美元与储备配置/外部原件/WEB-0253_XLSX_entry_xl_worksheets_sheet4.xml/original.html,.html,text/html,118262,NOT_APPLICABLE,,PASS,
WEB-0254,05_全球周期与历史危机/外部原件/WEB-0254_2._美联储加息记录：美联储官网（FOMC_声明与经济预测）：_/original.html,.html,text/html,166536,NOT_APPLICABLE,,PASS,
WEB-0256,04_国别货币与中国出海/外部原件/WEB-0256_2020年FOMC官方新闻稿索引（替代失效汇总链接）/original.html,.html,text/html,87431,NOT_APPLICABLE,,PASS,
WEB-0257,06_黄金美元与储备配置/外部原件/WEB-0257_XLSX_entry_xl_worksheets_sheet4.xml/original.html,.html,text/html,87259,NOT_APPLICABLE,,PASS,
WEB-0258,06_黄金美元与储备配置/外部原件/WEB-0258_XLSX_entry_xl_worksheets_sheet4.xml/original.html,.html,text/html,82734,NOT_APPLICABLE,,PASS,
WEB-0259,06_黄金美元与储备配置/外部原件/WEB-0259_XLSX_entry_xl_worksheets_sheet4.xml/original.html,.html,text/html,82508,NOT_APPLICABLE,,PASS,
WEB-0260,06_黄金美元与储备配置/外部原件/WEB-0260_XLSX_entry_xl_worksheets_sheet4.xml/original.html,.html,text/html,84345,NOT_APPLICABLE,,PASS,
WEB-0261,06_黄金美元与储备配置/外部原件/WEB-0261_XLSX_entry_xl_worksheets_sheet4.xml/original.html,.html,text/html,87011,NOT_APPLICABLE,,PASS,
WEB-0262,06_黄金美元与储备配置/外部原件/WEB-0262_XLSX_entry_xl_worksheets_sheet4.xml/original.html,.html,text/html,84619,NOT_APPLICABLE,,PASS,
WEB-0263,06_黄金美元与储备配置/外部原件/WEB-0263_XLSX_entry_xl_worksheets_sheet4.xml/original.html,.html,text/html,84784,NOT_APPLICABLE,,PASS,
WEB-0264,06_黄金美元与储备配置/外部原件/WEB-0264_XLSX_entry_xl_worksheets_sheet2.xml/original.html,.html,text/html,332017,NOT_APPLICABLE,,PASS,
WEB-0265,06_黄金美元与储备配置/外部原件/WEB-0265_-_来源：/original.html,.html,text/html,87929,NOT_APPLICABLE,,PASS,
WEB-0266,06_黄金美元与储备配置/外部原件/WEB-0266_XLSX_entry_xl_worksheets_sheet2.xml/original.html,.html,text/html,889264,NOT_APPLICABLE,,PASS,
WEB-0289,08_企业案例与公开披露/外部原件/WEB-0289_办法全文，中国政府网/original.html,.html,text/html,49259,NOT_APPLICABLE,,PASS,
WEB-0297,06_黄金美元与储备配置/外部原件/WEB-0297_XLSX_entry_xl_worksheets_sheet4.xml/original.pdf,.pdf,application/pdf,249405,PASS,9,PASS,
WEB-0298,08_企业案例与公开披露/外部原件/WEB-0298_6._IATA《2024_Blocked_Funds_Update》（尼日利亚清兑后、其余国家仍高企）：_/original.html,.html,text/html; charset=utf-8,134420,NOT_APPLICABLE,,PASS,
WEB-0299,04_国别货币与中国出海/外部原件/WEB-0299_url_=/original.html,.html,text/html; charset=utf-8,109350,NOT_APPLICABLE,,PASS,
WEB-0300,08_企业案例与公开披露/外部原件/WEB-0300_1._IATA《Blocked_Funds_Report》（2023-04_峰值_22.7_亿美元、分国别数据）：_/original.html,.html,text/html; charset=utf-8,131788,NOT_APPLICABLE,,PASS,
WEB-0301,04_国别货币与中国出海/外部原件/WEB-0301_PDF_link_annotation_/original.html,.html,text/html; charset=utf-8,106599,NOT_APPLICABLE,,PASS,
WEB-0303,07_会计合规与制裁/外部原件/WEB-0303_4._IAS_29《恶性通货膨胀经济中的财务报告》准则文本：IFRS_Foundation：_/original.html,.html,text/html;charset=utf-8,131324,NOT_APPLICABLE,,PASS,
WEB-0306,07_会计合规与制裁/外部原件/WEB-0306_PDF_link_annotation_/original.pdf,.pdf,application/pdf,834187,PASS,25,PASS,
WEB-0307,07_会计合规与制裁/外部原件/WEB-0307_PDF_link_annotation_/original.pdf,.pdf,application/pdf,103226,PASS,14,PASS,
WEB-0309,"07_会计合规与制裁/外部原件/WEB-0309_Economies,/original.html",.html,text/html;charset=utf-8,112988,NOT_APPLICABLE,,PASS,
WEB-0310,07_会计合规与制裁/外部原件/WEB-0310_PDF_link_annotation_/original.html,.html,text/html;charset=utf-8,112316,NOT_APPLICABLE,,PASS,
WEB-0318,05_全球周期与历史危机/外部原件/WEB-0318_1._IMF《Mexico_The_Tequila_Crisis》案例研究（比索汇率、外储、救助规模）：_/original.html,.html,text/html,14719,NOT_APPLICABLE,,PASS,
WEB-0335,"06_黄金美元与储备配置/外部原件/WEB-0335_论文,论文PDF,完整论文,2026-02-28,一次性,MDPI_PMC,/original.html",.html,text/html,2200,NOT_APPLICABLE,,PASS,
WEB-0336,04_国别货币与中国出海/外部原件/WEB-0336_缺失论文PDF恢复候选/original.html,.html,text/html,2220,NOT_APPLICABLE,,PASS,
WEB-0344,06_黄金美元与储备配置/外部原件/WEB-0344_PDF_link_annotation_/original.html,.html,text/html,24277,NOT_APPLICABLE,,PASS,
WEB-0345,08_企业案例与公开披露/外部原件/WEB-0345_人社部，2020/original.html,.html,text/html,989,NOT_APPLICABLE,,PASS,
WEB-0348,05_全球周期与历史危机/外部原件/WEB-0348_PDF_link_annotation_/original.html,.html,text/html; charset=UTF-8,92994,NOT_APPLICABLE,,PASS,
WEB-0349,05_全球周期与历史危机/外部原件/WEB-0349_PDF_link_annotation_/original.html,.html,text/html; charset=UTF-8,80343,NOT_APPLICABLE,,PASS,
WEB-0350,"05_全球周期与历史危机/外部原件/WEB-0350_sions_and_Contractions,/original.html",.html,text/html; charset=UTF-8,72076,NOT_APPLICABLE,,PASS,
WEB-0351,05_全球周期与历史危机/外部原件/WEB-0351_PDF_link_annotation_/original.html,.html,text/html; charset=UTF-8,91464,NOT_APPLICABLE,,PASS,
WEB-0352,08_企业案例与公开披露/外部原件/WEB-0352_NBER，2013/original.pdf,.pdf,application/pdf,2171272,PASS,49,PASS,
WEB-0357,08_企业案例与公开披露/外部原件/WEB-0357_金融监管总局官网全文/original.html,.html,text/html,20416,NOT_APPLICABLE,,PASS,
WEB-0359,08_企业案例与公开披露/外部原件/WEB-0359_办法附件测算示例/original.html,.html,text/html,8938,NOT_APPLICABLE,,PASS,
WEB-0363,06_黄金美元与储备配置/外部原件/WEB-0363_XLSX_entry_xl_worksheets_sheet11.xml/original.html,.html,text/html; charset=UTF-8,22597,NOT_APPLICABLE,,PASS,
WEB-0364,06_黄金美元与储备配置/外部原件/WEB-0364_-_来源：/original.html,.html,text/html; charset=UTF-8,16007,NOT_APPLICABLE,,PASS,
WEB-0368,08_企业案例与公开披露/外部原件/WEB-0368_普华永道，2024/original.pdf,.pdf,application/pdf,3235033,PASS,42,PASS,
WEB-0382,05_全球周期与历史危机/外部原件/WEB-0382_7._中国央行_2022_年_11_月重启购金（+32_吨）：国家外汇管理局_2022_年_12_月官方储备数据公报：_/original.html,.html,text/html,103172,NOT_APPLICABLE,,PASS,
WEB-0384,08_企业案例与公开披露/外部原件/WEB-0384_《清华大学学报》财务预警综述，2023/original.pdf,.pdf,application/pdf,2560588,PASS,16,PASS,
WEB-0385,08_企业案例与公开披露/外部原件/WEB-0385_2._Newmont_公司_10-K_年报（SEC，2006）——引_LBMA_伦敦下午定盘价年度高_低_均价（2000：279；2001：27/original.html,.html,text/html,3578296,NOT_APPLICABLE,,PASS,
WEB-0386,08_企业案例与公开披露/外部原件/WEB-0386_3._美国SEC备案文件（SPDR_Gold_Trust_FWP，载2008年3月17日金价1011美元纪录），2009年，/original.html,.html,text/html,33589,NOT_APPLICABLE,,PASS,
WEB-0387,08_企业案例与公开披露/外部原件/WEB-0387_3._AB_InBev_2023_年报（阿根廷贬值_+_IAS_29_冲击_3.03_亿美元）：SEC_EDGAR：_/original.html,.html,text/html; charset=UTF-8,82525,NOT_APPLICABLE,,PASS,
WEB-0388,08_企业案例与公开披露/外部原件/WEB-0388_1._AB_InBev_2023_年报（20-F，IAS_29_重述与贬值负面影响_3.03_亿美元）：SEC_EDGAR：_/original.html,.html,text/html; charset=UTF-8,65607,NOT_APPLICABLE,,PASS,
WEB-0389,08_企业案例与公开披露/外部原件/WEB-0389_AB_InBev_FY2023，SEC/original.html,.html,text/html,867071,NOT_APPLICABLE,,PASS,
WEB-0390,08_企业案例与公开披露/外部原件/WEB-0390_Barrick_2009_年报，SEC/original.html,.html,text/html,2528778,NOT_APPLICABLE,,PASS,
WEB-0391,08_企业案例与公开披露/外部原件/WEB-0391_4._Palantir_10-Q_10-K（SEC_EDGAR）：_/original.html,.html,text/html,38617,NOT_APPLICABLE,,PASS,
WEB-0393,08_企业案例与公开披露/外部原件/WEB-0393_SGE_官网/original.html,.html,text/html;charset=UTF-8,55311,NOT_APPLICABLE,,PASS,
WEB-0394,06_黄金美元与储备配置/外部原件/WEB-0394_-_SGE_更早历史数据：/original.html,.html,text/html;charset=UTF-8,51845,NOT_APPLICABLE,,PASS,
WEB-0395,06_黄金美元与储备配置/外部原件/WEB-0395_XLSX_entry_xl_worksheets_sheet11.xml/original.html,.html,text/html;charset=UTF-8,43210,NOT_APPLICABLE,,PASS,
WEB-0396,06_黄金美元与储备配置/外部原件/WEB-0396_XLSX_entry_xl_worksheets_sheet6.xml/original.html,.html,text/html;charset=UTF-8,93854,NOT_APPLICABLE,,PASS,
WEB-0397,06_黄金美元与储备配置/外部原件/WEB-0397_XLSX_entry_xl_worksheets_sheet6.xml/original.html,.html,text/html;charset=UTF-8,93346,NOT_APPLICABLE,,PASS,
WEB-0398,06_黄金美元与储备配置/外部原件/WEB-0398_XLSX_entry_xl_worksheets_sheet6.xml/original.html,.html,text/html;charset=UTF-8,89606,NOT_APPLICABLE,,PASS,
WEB-0399,06_黄金美元与储备配置/外部原件/WEB-0399_XLSX_entry_xl_worksheets_sheet6.xml/original.html,.html,text/html;charset=UTF-8,89198,NOT_APPLICABLE,,PASS,
WEB-0400,06_黄金美元与储备配置/外部原件/WEB-0400_XLSX_entry_xl_worksheets_sheet6.xml/original.html,.html,text/html;charset=UTF-8,93856,NOT_APPLICABLE,,PASS,
WEB-0401,06_黄金美元与储备配置/外部原件/WEB-0401_XLSX_entry_xl_worksheets_sheet6.xml/original.html,.html,text/html;charset=UTF-8,93335,NOT_APPLICABLE,,PASS,
WEB-0402,06_黄金美元与储备配置/外部原件/WEB-0402_XLSX_entry_xl_worksheets_sheet6.xml/original.html,.html,text/html;charset=UTF-8,93604,NOT_APPLICABLE,,PASS,
WEB-0403,06_黄金美元与储备配置/外部原件/WEB-0403_XLSX_entry_xl_worksheets_sheet6.xml/original.html,.html,text/html;charset=UTF-8,93069,NOT_APPLICABLE,,PASS,
WEB-0404,06_黄金美元与储备配置/外部原件/WEB-0404_XLSX_entry_xl_worksheets_sheet6.xml/original.html,.html,text/html;charset=UTF-8,93589,NOT_APPLICABLE,,PASS,
WEB-0405,06_黄金美元与储备配置/外部原件/WEB-0405_XLSX_entry_xl_worksheets_sheet6.xml/original.html,.html,text/html;charset=UTF-8,93070,NOT_APPLICABLE,,PASS,
WEB-0406,06_黄金美元与储备配置/外部原件/WEB-0406_XLSX_entry_xl_worksheets_sheet6.xml/original.html,.html,text/html;charset=UTF-8,92602,NOT_APPLICABLE,,PASS,
WEB-0407,06_黄金美元与储备配置/外部原件/WEB-0407_XLSX_entry_xl_worksheets_sheet6.xml/original.html,.html,text/html;charset=UTF-8,92090,NOT_APPLICABLE,,PASS,
WEB-0408,06_黄金美元与储备配置/外部原件/WEB-0408_XLSX_entry_xl_worksheets_sheet6.xml/original.html,.html,text/html;charset=UTF-8,93853,NOT_APPLICABLE,,PASS,
WEB-0409,06_黄金美元与储备配置/外部原件/WEB-0409_XLSX_entry_xl_worksheets_sheet6.xml/original.html,.html,text/html;charset=UTF-8,93313,NOT_APPLICABLE,,PASS,
WEB-0410,06_黄金美元与储备配置/外部原件/WEB-0410_XLSX_entry_xl_worksheets_sheet6.xml/original.html,.html,text/html;charset=UTF-8,93864,NOT_APPLICABLE,,PASS,
WEB-0411,06_黄金美元与储备配置/外部原件/WEB-0411_XLSX_entry_xl_worksheets_sheet6.xml/original.html,.html,text/html;charset=UTF-8,93322,NOT_APPLICABLE,,PASS,
WEB-0412,06_黄金美元与储备配置/外部原件/WEB-0412_XLSX_entry_xl_worksheets_sheet6.xml/original.html,.html,text/html;charset=UTF-8,92594,NOT_APPLICABLE,,PASS,
WEB-0413,06_黄金美元与储备配置/外部原件/WEB-0413_XLSX_entry_xl_worksheets_sheet6.xml/original.html,.html,text/html;charset=UTF-8,92093,NOT_APPLICABLE,,PASS,
WEB-0414,06_黄金美元与储备配置/外部原件/WEB-0414_XLSX_entry_xl_worksheets_sheet6.xml/original.html,.html,text/html;charset=UTF-8,91594,NOT_APPLICABLE,,PASS,
WEB-0415,06_黄金美元与储备配置/外部原件/WEB-0415_XLSX_entry_xl_worksheets_sheet6.xml/original.html,.html,text/html;charset=UTF-8,91125,NOT_APPLICABLE,,PASS,
WEB-0416,06_黄金美元与储备配置/外部原件/WEB-0416_XLSX_entry_xl_worksheets_sheet6.xml/original.html,.html,text/html;charset=UTF-8,93860,NOT_APPLICABLE,,PASS,
WEB-0417,06_黄金美元与储备配置/外部原件/WEB-0417_XLSX_entry_xl_worksheets_sheet6.xml/original.html,.html,text/html;charset=UTF-8,93323,NOT_APPLICABLE,,PASS,
WEB-0418,06_黄金美元与储备配置/外部原件/WEB-0418_XLSX_entry_xl_worksheets_sheet6.xml/original.html,.html,text/html;charset=UTF-8,93858,NOT_APPLICABLE,,PASS,
WEB-0419,06_黄金美元与储备配置/外部原件/WEB-0419_XLSX_entry_xl_worksheets_sheet6.xml/original.html,.html,text/html;charset=UTF-8,93335,NOT_APPLICABLE,,PASS,
WEB-0420,06_黄金美元与储备配置/外部原件/WEB-0420_XLSX_entry_xl_worksheets_sheet6.xml/original.html,.html,text/html;charset=UTF-8,91600,NOT_APPLICABLE,,PASS,
WEB-0421,06_黄金美元与储备配置/外部原件/WEB-0421_XLSX_entry_xl_worksheets_sheet6.xml/original.html,.html,text/html;charset=UTF-8,91120,NOT_APPLICABLE,,PASS,
WEB-0422,06_黄金美元与储备配置/外部原件/WEB-0422_XLSX_entry_xl_worksheets_sheet6.xml/original.html,.html,text/html;charset=UTF-8,91608,NOT_APPLICABLE,,PASS,
WEB-0423,06_黄金美元与储备配置/外部原件/WEB-0423_XLSX_entry_xl_worksheets_sheet6.xml/original.html,.html,text/html;charset=UTF-8,91136,NOT_APPLICABLE,,PASS,
WEB-0424,06_黄金美元与储备配置/外部原件/WEB-0424_XLSX_entry_xl_worksheets_sheet6.xml/original.html,.html,text/html;charset=UTF-8,93860,NOT_APPLICABLE,,PASS,
WEB-0425,06_黄金美元与储备配置/外部原件/WEB-0425_XLSX_entry_xl_worksheets_sheet6.xml/original.html,.html,text/html;charset=UTF-8,93326,NOT_APPLICABLE,,PASS,
WEB-0426,06_黄金美元与储备配置/外部原件/WEB-0426_XLSX_entry_xl_worksheets_sheet6.xml/original.html,.html,text/html;charset=UTF-8,93869,NOT_APPLICABLE,,PASS,
WEB-0427,06_黄金美元与储备配置/外部原件/WEB-0427_XLSX_entry_xl_worksheets_sheet6.xml/original.html,.html,text/html;charset=UTF-8,93358,NOT_APPLICABLE,,PASS,
WEB-0428,06_黄金美元与储备配置/外部原件/WEB-0428_XLSX_entry_xl_worksheets_sheet6.xml/original.html,.html,text/html;charset=UTF-8,92597,NOT_APPLICABLE,,PASS,
WEB-0429,06_黄金美元与储备配置/外部原件/WEB-0429_XLSX_entry_xl_worksheets_sheet6.xml/original.html,.html,text/html;charset=UTF-8,92103,NOT_APPLICABLE,,PASS,
WEB-0430,06_黄金美元与储备配置/外部原件/WEB-0430_XLSX_entry_xl_worksheets_sheet6.xml/original.html,.html,text/html;charset=UTF-8,93600,NOT_APPLICABLE,,PASS,
WEB-0431,06_黄金美元与储备配置/外部原件/WEB-0431_XLSX_entry_xl_worksheets_sheet6.xml/original.html,.html,text/html;charset=UTF-8,93063,NOT_APPLICABLE,,PASS,
WEB-0432,06_黄金美元与储备配置/外部原件/WEB-0432_XLSX_entry_xl_worksheets_sheet6.xml/original.html,.html,text/html;charset=UTF-8,93856,NOT_APPLICABLE,,PASS,
WEB-0433,06_黄金美元与储备配置/外部原件/WEB-0433_XLSX_entry_xl_worksheets_sheet6.xml/original.html,.html,text/html;charset=UTF-8,93335,NOT_APPLICABLE,,PASS,
WEB-0434,06_黄金美元与储备配置/外部原件/WEB-0434_XLSX_entry_xl_worksheets_sheet6.xml/original.html,.html,text/html;charset=UTF-8,93850,NOT_APPLICABLE,,PASS,
WEB-0435,06_黄金美元与储备配置/外部原件/WEB-0435_XLSX_entry_xl_worksheets_sheet6.xml/original.html,.html,text/html;charset=UTF-8,93319,NOT_APPLICABLE,,PASS,
WEB-0436,06_黄金美元与储备配置/外部原件/WEB-0436_XLSX_entry_xl_worksheets_sheet6.xml/original.html,.html,text/html;charset=UTF-8,93895,NOT_APPLICABLE,,PASS,
WEB-0437,06_黄金美元与储备配置/外部原件/WEB-0437_XLSX_entry_xl_worksheets_sheet6.xml/original.html,.html,text/html;charset=UTF-8,93330,NOT_APPLICABLE,,PASS,
WEB-0438,06_黄金美元与储备配置/外部原件/WEB-0438_XLSX_entry_xl_worksheets_sheet6.xml/original.html,.html,text/html;charset=UTF-8,90697,NOT_APPLICABLE,,PASS,
WEB-0439,06_黄金美元与储备配置/外部原件/WEB-0439_XLSX_entry_xl_worksheets_sheet6.xml/original.html,.html,text/html;charset=UTF-8,90197,NOT_APPLICABLE,,PASS,
WEB-0440,06_黄金美元与储备配置/外部原件/WEB-0440_XLSX_entry_xl_worksheets_sheet6.xml/original.html,.html,text/html;charset=UTF-8,93663,NOT_APPLICABLE,,PASS,
WEB-0441,06_黄金美元与储备配置/外部原件/WEB-0441_XLSX_entry_xl_worksheets_sheet6.xml/original.html,.html,text/html;charset=UTF-8,93068,NOT_APPLICABLE,,PASS,
WEB-0442,06_黄金美元与储备配置/外部原件/WEB-0442_XLSX_entry_xl_worksheets_sheet6.xml/original.html,.html,text/html;charset=UTF-8,93981,NOT_APPLICABLE,,PASS,
WEB-0443,06_黄金美元与储备配置/外部原件/WEB-0443_XLSX_entry_xl_worksheets_sheet6.xml/original.html,.html,text/html;charset=UTF-8,93362,NOT_APPLICABLE,,PASS,
WEB-0444,06_黄金美元与储备配置/外部原件/WEB-0444_XLSX_entry_xl_worksheets_sheet6.xml/original.html,.html,text/html;charset=UTF-8,93670,NOT_APPLICABLE,,PASS,
WEB-0445,06_黄金美元与储备配置/外部原件/WEB-0445_XLSX_entry_xl_worksheets_sheet6.xml/original.html,.html,text/html;charset=UTF-8,93177,NOT_APPLICABLE,,PASS,
WEB-0446,06_黄金美元与储备配置/外部原件/WEB-0446_XLSX_entry_xl_worksheets_sheet6.xml/original.html,.html,text/html;charset=UTF-8,87652,NOT_APPLICABLE,,PASS,
WEB-0447,06_黄金美元与储备配置/外部原件/WEB-0447_XLSX_entry_xl_worksheets_sheet6.xml/original.html,.html,text/html;charset=UTF-8,87344,NOT_APPLICABLE,,PASS,
WEB-0448,06_黄金美元与储备配置/外部原件/WEB-0448_XLSX_entry_xl_worksheets_sheet6.xml/original.html,.html,text/html;charset=UTF-8,93893,NOT_APPLICABLE,,PASS,
WEB-0449,06_黄金美元与储备配置/外部原件/WEB-0449_XLSX_entry_xl_worksheets_sheet6.xml/original.html,.html,text/html;charset=UTF-8,93442,NOT_APPLICABLE,,PASS,
WEB-0450,06_黄金美元与储备配置/外部原件/WEB-0450_XLSX_entry_xl_worksheets_sheet6.xml/original.html,.html,text/html;charset=UTF-8,93958,NOT_APPLICABLE,,PASS,
WEB-0451,06_黄金美元与储备配置/外部原件/WEB-0451_XLSX_entry_xl_worksheets_sheet6.xml/original.html,.html,text/html;charset=UTF-8,93429,NOT_APPLICABLE,,PASS,
WEB-0452,06_黄金美元与储备配置/外部原件/WEB-0452_XLSX_entry_xl_worksheets_sheet6.xml/original.html,.html,text/html;charset=UTF-8,91710,NOT_APPLICABLE,,PASS,
WEB-0453,06_黄金美元与储备配置/外部原件/WEB-0453_XLSX_entry_xl_worksheets_sheet6.xml/original.html,.html,text/html;charset=UTF-8,91174,NOT_APPLICABLE,,PASS,
WEB-0454,06_黄金美元与储备配置/外部原件/WEB-0454_XLSX_entry_xl_worksheets_sheet6.xml/original.html,.html,text/html;charset=UTF-8,93977,NOT_APPLICABLE,,PASS,
WEB-0455,06_黄金美元与储备配置/外部原件/WEB-0455_XLSX_entry_xl_worksheets_sheet6.xml/original.html,.html,text/html;charset=UTF-8,93345,NOT_APPLICABLE,,PASS,
WEB-0456,06_黄金美元与储备配置/外部原件/WEB-0456_XLSX_entry_xl_worksheets_sheet6.xml/original.html,.html,text/html;charset=UTF-8,91702,NOT_APPLICABLE,,PASS,
WEB-0457,06_黄金美元与储备配置/外部原件/WEB-0457_XLSX_entry_xl_worksheets_sheet6.xml/original.html,.html,text/html;charset=UTF-8,91137,NOT_APPLICABLE,,PASS,
WEB-0458,05_全球周期与历史危机/外部原件/WEB-0458_6._上海期货交易所，2013年12月，《美联储QE决策的时间纵向分析及对金价的影响》——2013年12月18日美联储宣布缩减购债：_/original.pdf,.pdf,application/pdf,3641317,PASS,12,PASS,
WEB-0459,08_企业案例与公开披露/外部原件/WEB-0459_上期所研究报告/original.pdf,.pdf,application/pdf,891891,PASS,5,PASS,
WEB-0469,07_会计合规与制裁/外部原件/WEB-0469_1._传音控股_2023_2024_年报与三季报（人民币营收、非洲占比、汇率损失）：上交所披露：_/original.html,.html,text/html,65612,NOT_APPLICABLE,,PASS,
WEB-0471,08_企业案例与公开披露/外部原件/WEB-0471_国家统计局，2025-01/original.html,.html,text/html,591116,NOT_APPLICABLE,,PASS,
WEB-0472,08_企业案例与公开披露/外部原件/WEB-0472_2024-12/original.html,.html,text/html,272046,NOT_APPLICABLE,,PASS,
WEB-0492,"06_黄金美元与储备配置/外部原件/WEB-0492_17_World_Bank,_Commodity_Markets_Pink_Sheet,/original.html",.html,text/html; charset=utf-8,59707,NOT_APPLICABLE,,PASS,
WEB-0493,07_会计合规与制裁/外部原件/WEB-0493_3._苏丹_GDP（2023_年_-12%～-18%）：世界银行《Sudan_Economic_Update》：_/original.html,.html,text/html; charset=utf-8,60302,NOT_APPLICABLE,,PASS,
WEB-0494,06_黄金美元与储备配置/外部原件/WEB-0494_2._世界银行（World_Bank），2022，《Lebanon's_Crisis_Great_Denial_in_the_Deliberat/original.html,.html,text/html; charset=utf-8,29047,NOT_APPLICABLE,,PASS,
WEB-0495,"04_国别货币与中国出海/外部原件/WEB-0495_1._世界银行（World_Bank），2023，《Lebanon_Economic_Monitor,_Spring_2023_Normaliz/original.html",.html,text/html; charset=utf-8,28749,NOT_APPLICABLE,,PASS,
WEB-0496,06_黄金美元与储备配置/外部原件/WEB-0496_XLSX_entry_xl_worksheets_sheet4.xml/original.html,.html,text/html; charset=utf-8,33074,NOT_APPLICABLE,,PASS,
WEB-0497,05_全球周期与历史危机/外部原件/WEB-0497_5._世界银行《Global_Economic_Prospects》1995_年墨西哥_GDP_数据（-6.2%）：_/original.html,.html,text/html;charset=utf-8,167419,NOT_APPLICABLE,,PASS,
WEB-0498,07_会计合规与制裁/外部原件/WEB-0498_8._布伦特_2024_年走势：世界银行_Pink_Sheet：_/original.html,.html,text/html;charset=utf-8,56306,NOT_APPLICABLE,,PASS,
