asset_id,title,publisher,evidence_grade,download_status,canonical_url,missing_reason,next_action,license_name,license_url
LCL-0001,~$XH-202612比赛硬性要求与评分标准_含技术方案.xlsx,项目已有资料,内部,EXCLUDED_SECRET,,Cookie、认证痕迹或Office锁文件不属于研究资料，禁止封装。,保持旧文件不动；不得复制到任何交接包。,项目内部资料或随附原始许可,
LCL-0148,~$China_Mainland_Paper_EPU.xlsx,项目已有资料,内部,EXCLUDED_SECRET,,Cookie、认证痕迹或Office锁文件不属于研究资料，禁止封装。,保持旧文件不动；不得复制到任何交接包。,项目内部资料或随附原始许可,
LCL-0162,weebly_cookies.txt,项目已有资料,内部,EXCLUDED_SECRET,,Cookie、认证痕迹或Office锁文件不属于研究资料，禁止封装。,保持旧文件不动；不得复制到任何交接包。,项目内部资料或随附原始许可,
LCL-0163,~$论文数据来源与复现清单.xlsx,项目已有资料,内部,EXCLUDED_SECRET,,Cookie、认证痕迹或Office锁文件不属于研究资料，禁止封装。,保持旧文件不动；不得复制到任何交接包。,项目内部资料或随附原始许可,
WEB-0001,5. 中国建设银行，2013年8月，《2013年上半年黄金市场回顾与预判》——6月20日美联储声明后金价单日跌5%,ccb.com,D,METADATA_ONLY_LICENSE,http://ccb.com/cn/ccbtoday/jhbkhb/20130813_1376363753.html,,保留元数据和原链接，不抓取或再分发正文。,许可未明确，默认仅保存元数据,
WEB-0003,"4. 人民网财经，2013年4月22日，""黄金暴跌美联储和高盛难逃操纵嫌疑""——4月12日-5.03%、4月15日-9.09%为30年最大单日跌幅",finance.people.com.cn,D,METADATA_ONLY_LICENSE,http://finance.people.com.cn/stock/n/2013/0422/c67815-21224610.html,,保留元数据和原链接，不抓取或再分发正文。,许可未明确，默认仅保存元数据,
WEB-0004,贷后预警信号清单（120 项）,mp.weixin.qq.com,D,METADATA_ONLY_LICENSE,http://mp.weixin.qq.com/s?__biz=MzA5MzEwODIxMQ%3D%3D&mid=2247576958&idx=1&sn=05edc03f5edfd6117c09ff9d91fdf54b,,保留元数据和原链接，不抓取或再分发正文。,许可未明确，默认仅保存元数据,
WEB-0005,purl.org 来源资料（WEB-0005）,purl.org,D,METADATA_ONLY_LICENSE,http://purl.org/dc/dcmitype,,保留元数据和原链接，不抓取或再分发正文。,许可未明确，默认仅保存元数据,
WEB-0006,purl.org 来源资料（WEB-0006）,purl.org,D,METADATA_ONLY_LICENSE,http://purl.org/dc/elements/1.1,,保留元数据和原链接，不抓取或再分发正文。,许可未明确，默认仅保存元数据,
WEB-0007,purl.org 来源资料（WEB-0007）,purl.org,D,METADATA_ONLY_LICENSE,http://purl.org/dc/terms,,保留元数据和原链接，不抓取或再分发正文。,许可未明确，默认仅保存元数据,
WEB-0009,经济观察网，2021,www.eeo.com.cn,D,METADATA_ONLY_LICENSE,http://www.eeo.com.cn/2021/0927/506013.shtml,,保留元数据和原链接，不抓取或再分发正文。,许可未明确，默认仅保存元数据,
WEB-0010,《金融研究》论文,www.jryj.org.cn,D,METADATA_ONLY_LICENSE,http://www.jryj.org.cn/CN/article/downloadArticleFile.do?attachType=PDF&id=1090,,保留元数据和原链接，不抓取或再分发正文。,许可未明确，默认仅保存元数据,
WEB-0012,票据承兑资讯，2022,www.piaofengzixun.com,D,METADATA_ONLY_LICENSE,http://www.piaofengzixun.com/2022/02/23/hdspyqfromsupplier,,保留元数据和原链接，不抓取或再分发正文。,许可未明确，默认仅保存元数据,
WEB-0014,o4509683932790784.ingest.us.sentry.io 来源资料（WEB-0014）,o4509683932790784.ingest.us.sentry.io,D,METADATA_ONLY_LICENSE,https://a2c411febe86730926faad4b2d1c901d@o4509683932790784.ingest.us.sentry.io/4509709887864832,,保留元数据和原链接，不抓取或再分发正文。,许可未明确，默认仅保存元数据,
WEB-0015,"解释变量,ACI,Actuaries Climate Index，区域/季节聚合规则未说明,2022-02-01至2025-02-28,图示阶梯,Actuaries Climate Index,",actuariesclimateindex.org,D,MANUAL_ACTION_REQUIRED,https://actuariesclimateindex.org/data,,由用户阅读并接受来源条款后人工下载；登记文件哈希和许可范围。,需人工接受条款或确认许可,https://actuariesclimateindex.org/data
WEB-0017,2. 尼日利亚 8.1–8.5 亿美元与阿联酋航空停飞拉各斯（2023-06）：Reuters/African Business 2023 年报道,african.business,D,METADATA_ONLY_LICENSE,https://african.business/,,保留元数据和原链接，不抓取或再分发正文。,许可未明确，默认仅保存元数据,
WEB-0018,African Business，2024,african.business,D,METADATA_ONLY_LICENSE,https://african.business/2024/06/trade-investment/nigeria-clears-98-of-blocked-airline-funds-says-iata,,保留元数据和原链接，不抓取或再分发正文。,许可未明确，默认仅保存元数据,
WEB-0019,ai.heywhale.com 来源资料（WEB-0019）,ai.heywhale.com,D,MANUAL_ACTION_REQUIRED,https://ai.heywhale.com/,,由用户阅读并接受来源条款后人工下载；登记文件哈希和许可范围。,需人工接受条款或确认许可,https://ai.heywhale.com/
WEB-0021,5. 美联社（AP News），2026，《Lebanon's economic crisis: Gold reserves as a lifeline?》——央行 286.8 吨黄金储备及 1986 年禁售法。,apnews.com,D,METADATA_ONLY_LICENSE,https://apnews.com/article/lebanon-gold-economy-banking-crisis-reserves-hedge-630f1da3b391d83aa1124be22c1de9fd,,保留元数据和原链接，不抓取或再分发正文。,许可未明确，默认仅保存元数据,
WEB-0022,财务分析通行标准,baike.baidu.com,D,METADATA_ONLY_LICENSE,https://baike.baidu.com/item/%E8%B5%84%E4%BA%A7%E8%B4%9F%E5%80%BA%E7%8E%87/2429745,,保留元数据和原链接，不抓取或再分发正文。,许可未明确，默认仅保存元数据,
WEB-0023,百度百科·Z值预警,baike.baidu.com,D,METADATA_ONLY_LICENSE,https://baike.baidu.com/item/Z%E5%80%BC%E9%A2%84%E8%AD%A6/10007705,,保留元数据和原链接，不抓取或再分发正文。,许可未明确，默认仅保存元数据,
WEB-0024,6. BestFolio / Cresset Capital（2026）：1970 年代滞胀期美股复盘（标普 500 1973–74 下跌约 48%、实际回报至 1993 年才收复 1968 年高点），,bestfolio.app,D,METADATA_ONLY_LICENSE,https://bestfolio.app/blog/taa-market-crises-protection,,保留元数据和原链接，不抓取或再分发正文。,许可未明确，默认仅保存元数据,
WEB-0025,Blockworks，2021,blockworks.com,D,METADATA_ONLY_LICENSE,https://blockworks.com/news/palantir-buys-50-7-million-in-gold-bars-to-hedge-black-swan-event,,保留元数据和原链接，不抓取或再分发正文。,许可未明确，默认仅保存元数据,
WEB-0027,"4. Bullion Exchanges，《Gold Crisis 2008 Explained: Drop, Recovery, and Rally Path》，2026年，",bullionexchanges.com,D,METADATA_ONLY_LICENSE,https://bullionexchanges.com/blog/gold-2008-crisis-explained-from-selloff-to-historic-rally,,保留元数据和原链接，不抓取或再分发正文。,许可未明确，默认仅保存元数据,
WEB-0028,清晖智库，2018,business.sohu.com,D,METADATA_ONLY_LICENSE,https://business.sohu.com/20181029/n553647212.shtml,,保留元数据和原链接，不抓取或再分发正文。,许可未明确，默认仅保存元数据,
WEB-0029,Business Insider NG，2025,businessinsiderng.com,D,METADATA_ONLY_LICENSE,https://businessinsiderng.com/mtn-in-a-fix-records-n400-4bn-loss-in-2024,,保留元数据和原链接，不抓取或再分发正文。,许可未明确，默认仅保存元数据,
WEB-0030,cdn.kesci.com 来源资料（WEB-0030）,cdn.kesci.com,D,METADATA_ONLY_LICENSE,https://cdn.kesci.com/default_img_lib,,保留元数据和原链接，不抓取或再分发正文。,许可未明确，默认仅保存元数据,
WEB-0031,8. 被困资金（blocked funds）数据：IATA/CAPA 尼日利亚 8.5 亿美元报道,centreforaviation.com,D,METADATA_ONLY_LICENSE,https://centreforaviation.com/news,,保留元数据和原链接，不抓取或再分发正文。,许可未明确，默认仅保存元数据,
WEB-0032,IATA/CAPA，2024,centreforaviation.com,D,METADATA_ONLY_LICENSE,https://centreforaviation.com/news/iata-blocked-airline-funds-drop-28-since-dec-2023-situation-severe-in-pakistan-and-bangladesh-1266064,,保留元数据和原链接，不抓取或再分发正文。,许可未明确，默认仅保存元数据,
WEB-0033,"目标价格,WGC/Global黄金价格,论文所谓WGC或Global市场金价，具体定盘价/时点未给出,2022-02-01至2025-02-28,日频/含非交易日,World Gold Council/Goldhub,",World Gold Council,D,METADATA_ONLY_LICENSE,https://china.gold.org/goldhub/data/gold-prices,,保留元数据和原链接，不抓取或再分发正文。,限制抓取或再分发,https://www.gold.org/terms-and-conditions
WEB-0034,8. 比特币 2022 年 -65%：CoinMarketCap 年度数据,coinmarketcap.com,D,METADATA_ONLY_LICENSE,https://coinmarketcap.com/currencies/bitcoin,,保留元数据和原链接，不抓取或再分发正文。,许可未明确，默认仅保存元数据,
WEB-0035,7. 比特币 2020-03-12 单日 -40%：CoinMarketCap 历史数据,coinmarketcap.com,D,METADATA_ONLY_LICENSE,https://coinmarketcap.com/currencies/bitcoin/historical-data,,保留元数据和原链接，不抓取或再分发正文。,许可未明确，默认仅保存元数据,
WEB-0036,3. 阿联酋（约 96.4 吨）与香港（约 88 吨）承接俄金：贸易数据（UN Comtrade / 港府统计处）及 Reuters 报道,comtradeplus.un.org,D,METADATA_ONLY_LICENSE,https://comtradeplus.un.org/,,保留元数据和原链接，不抓取或再分发正文。,许可未明确，默认仅保存元数据,
WEB-0037,ropy (Basel)</abbrev-journal-title </journal-title-group <publisher <publisher-name Multidisciplinary Digital Publishing Institute (MDPI)</publishe...,creativecommons.org,D,METADATA_ONLY_LICENSE,https://creativecommons.org/licenses/by/4.0,,保留元数据和原链接，不抓取或再分发正文。,许可未明确，默认仅保存元数据,
WEB-0038,http cookies,curl.se,D,METADATA_ONLY_LICENSE,https://curl.se/docs/http-cookies.html,,保留元数据和原链接，不抓取或再分发正文。,许可未明确，默认仅保存元数据,
WEB-0041,7. 移民人数：联合国难民署（UNHCR）,data.unhcr.org,D,METADATA_ONLY_LICENSE,https://data.unhcr.org/en/situations/vensitu,,保留元数据和原链接，不抓取或再分发正文。,许可未明确，默认仅保存元数据,
WEB-0047,逐指标核验. 2026. url:,World Bank,B,BROKEN_OR_UNREACHABLE,https://datacatalog.worldbank.org/search/dataset,HTTP 404,原链接不可用或不适合自动归档；使用已验证替代资产 WEB-0048。,World Bank数据条款/CC BY 4.0，第三方内容例外,https://data.worldbank.org/summary-terms-of-use
WEB-0051,"2. Statista（汇编帝国银行数据），""金马克对纸马克价值1922–1923""，2024。",de.statista.com,D,METADATA_ONLY_LICENSE,https://de.statista.com/statistik/daten/studie/281794/umfrage/hyperinflation-in-der-weimarer-republik,,保留元数据和原链接，不抓取或再分发正文。,许可未明确，默认仅保存元数据,
WEB-0052,Discovery Alert，2026,discoveryalert.com.au,D,METADATA_ONLY_LICENSE,https://discoveryalert.com.au/currency-crises-central-bank-gold-liquidation-2026,,保留元数据和原链接，不抓取或再分发正文。,许可未明确，默认仅保存元数据,
WEB-0053,"6. Discovery Alert，""Gold & Oil Embargo: Historic and Modern Impact on Gold Prices""（2026，引用 CPI 峰值 14.8% 来自 Federal Reserve History），",discoveryalert.com.au,D,METADATA_ONLY_LICENSE,https://discoveryalert.com.au/gold-oil-embargo-impact-gold-prices-inflation-fed,,保留元数据和原链接，不抓取或再分发正文。,许可未明确，默认仅保存元数据,
WEB-0054,10.16511/j.cnki.qhdxxb.2023.21.008.pdf),doi.org,D,FETCH_FAILED,https://doi.org/10.16511/j.cnki.qhdxxb.2023.21.008.pdf,HTTP_500,原链接不可用或不适合自动归档；使用已验证替代资产 WEB-0384。,公开可访问但再分发范围未完全确认，仅本机归档,
WEB-0055,10.3386/w18706.,doi.org,D,METADATA_ONLY_LICENSE,https://doi.org/10.3386/w18706,,保留元数据和原链接，不抓取或再分发正文。,许可未明确，默认仅保存元数据,
WEB-0056,10.3390/e28030271,doi.org,D,METADATA_ONLY_LICENSE,https://doi.org/10.3390/e28030271,,保留元数据和原链接，不抓取或再分发正文。,许可未明确，默认仅保存元数据,
WEB-0057,9. 美元化程度：Ecoanalítica,ecoanalitica.com,D,METADATA_ONLY_LICENSE,https://ecoanalitica.com/,,保留元数据和原链接，不抓取或再分发正文。,许可未明确，默认仅保存元数据,
WEB-0058,"7. ""三驾马车""救助规模：欧盟委员会财政事务文件",economy-finance.ec.europa.eu,D,METADATA_ONLY_LICENSE,https://economy-finance.ec.europa.eu/,,保留元数据和原链接，不抓取或再分发正文。,许可未明确，默认仅保存元数据,
WEB-0059,"3. Yale Program on Financial Stability, K. Nygaard, ""The Federal Reserve's Response to the 1987 Market Crash""（2020）：美联储四项应对措施与流动性注入。",elischolar.library.yale.edu,D,METADATA_ONLY_LICENSE,https://elischolar.library.yale.edu/cgi/viewcontent.cgi?article=1109&context=journal-of-financial-crises,,保留元数据和原链接，不抓取或再分发正文。,许可未明确，默认仅保存元数据,
WEB-0061,"14 Shanghai Gold Exchange, Shanghai Gold Benchmark Price,",en.sge.com,B,METADATA_ONLY_LICENSE,https://en.sge.com/,,保留元数据和原链接，不抓取或再分发正文。,许可未明确，默认仅保存元数据,
WEB-0062,同花顺财经，2025-11,field.10jqka.com.cn,D,METADATA_ONLY_LICENSE,https://field.10jqka.com.cn/20251105/c672268440.shtml,,保留元数据和原链接，不抓取或再分发正文。,许可未明确，默认仅保存元数据,
WEB-0063,财新报道，2019,finance.caixin.com,C,METADATA_ONLY_LICENSE,https://finance.caixin.com/2019-06-25/101431232.html,,保留元数据和原链接，不抓取或再分发正文。,新闻/媒体版权，默认仅保存元数据,
WEB-0064,世界黄金协会，2026-01,finance.eastmoney.com,D,METADATA_ONLY_LICENSE,https://finance.eastmoney.com/a/202601293635229941.html,,保留元数据和原链接，不抓取或再分发正文。,许可未明确，默认仅保存元数据,
WEB-0065,世界黄金协会，2026-01,finance.eastmoney.com,D,METADATA_ONLY_LICENSE,https://finance.eastmoney.com/a/202601293635238166.html,,保留元数据和原链接，不抓取或再分发正文。,许可未明确，默认仅保存元数据,
WEB-0066,证券时报·数据宝,finance.sina.cn,C,METADATA_ONLY_LICENSE,https://finance.sina.cn/2019-11-01/detail-iicezuev6448497.d.html,,保留元数据和原链接，不抓取或再分发正文。,新闻/媒体版权，默认仅保存元数据,
WEB-0067,"3. 新浪财经（2022）：""对1970年代滞涨期的回顾和对比""（美元指数 1971 年 120.4→1980 年 84.7），",finance.sina.cn,C,METADATA_ONLY_LICENSE,https://finance.sina.cn/futuremarket/qsyw/2022-07-06/detail-imizirav2178461.d.html,,保留元数据和原链接，不抓取或再分发正文。,新闻/媒体版权，默认仅保存元数据,
WEB-0068,新浪财经引外汇局，2026-01,finance.sina.cn,C,METADATA_ONLY_LICENSE,https://finance.sina.cn/stock/ggyj/2026-01-21/detail-inhiaktt8097986.d.html?vt=4,,保留元数据和原链接，不抓取或再分发正文。,新闻/媒体版权，默认仅保存元数据,
WEB-0069,粤开证券李奇霖，2019,finance.sina.cn,C,METADATA_ONLY_LICENSE,https://finance.sina.cn/zl/2019-04-03/zl-ihvhiewr2875426.d.html,,保留元数据和原链接，不抓取或再分发正文。,新闻/媒体版权，默认仅保存元数据,
WEB-0070,人民银行，2018,finance.sina.com.cn,C,METADATA_ONLY_LICENSE,https://finance.sina.com.cn/money/nmetal/roll/2018-12-14/doc-ihmutuec9237941.shtml,,保留元数据和原链接，不抓取或再分发正文。,许可未明确，默认仅保存元数据,
WEB-0071,1. 标普 500 历史数据（2020 峰值/谷底/全年）：Yahoo Finance/Refinitiv 历史行情,finance.yahoo.com,D,METADATA_ONLY_LICENSE,https://finance.yahoo.com/quote/%5EGSPC/history,,保留元数据和原链接，不抓取或再分发正文。,许可未明确，默认仅保存元数据,
WEB-0072,6. Financial Gravity（引标普500 2007年10月—2009年3月回撤56.8%数据），2024年，,financialgravityfamilyofficeservices.com,D,METADATA_ONLY_LICENSE,https://financialgravityfamilyofficeservices.com/walters/newsletter/cautionary-tale,,保留元数据和原链接，不抓取或再分发正文。,许可未明确，默认仅保存元数据,
WEB-0074,Federal Reserve Bank of St. Louis 来源资料（WEB-0074）,Federal Reserve Bank of St. Louis,D,METADATA_ONLY_LICENSE,https://fred.stlouisfed.org/,,保留元数据和原链接，不抓取或再分发正文。,限制抓取或再分发,https://fred.stlouisfed.org/legal/
WEB-0075,FRED法律条款,Federal Reserve Bank of St. Louis,D,METADATA_ONLY_LICENSE,https://fred.stlouisfed.org/legal,,保留元数据和原链接，不抓取或再分发正文。,限制抓取或再分发,https://fred.stlouisfed.org/legal/
WEB-0076,1. 埃镑汇率数据（15.7 → 48–50）：美联储圣路易斯分部（FRED）EGP/USD,Federal Reserve Bank of St. Louis,D,METADATA_ONLY_LICENSE,https://fred.stlouisfed.org/series/AEXEGUS,,保留元数据和原链接，不抓取或再分发正文。,限制抓取或再分发,https://fred.stlouisfed.org/legal/
WEB-0077,1. 里亚尔汇率数据（2011–2025）：IMF IFS / Bonbast（伊朗黑市汇率跟踪）/美联储 FRED（IRR/USD）,Federal Reserve Bank of St. Louis,D,METADATA_ONLY_LICENSE,https://fred.stlouisfed.org/series/AEXIRUS,,保留元数据和原链接，不抓取或再分发正文。,限制抓取或再分发,https://fred.stlouisfed.org/legal/
WEB-0078,"1. 奈拉汇率数据（N461 → N1,535）：美联储圣路易斯分部（FRED）NGN/USD",Federal Reserve Bank of St. Louis,D,METADATA_ONLY_LICENSE,https://fred.stlouisfed.org/series/AEXNUS,,保留元数据和原链接，不抓取或再分发正文。,限制抓取或再分发,https://fred.stlouisfed.org/legal/
WEB-0079,"Adjusted Spread,",Federal Reserve Bank of St. Louis,D,METADATA_ONLY_LICENSE,https://fred.stlouisfed.org/series/BAMLH0A0HYM2,,保留元数据和原链接，不抓取或再分发正文。,限制抓取或再分发,https://fred.stlouisfed.org/legal/
WEB-0080,1. 卢布 2014 年汇率（33 → 68，-72%）：美联储圣路易斯分部（FRED）RUB/USD,Federal Reserve Bank of St. Louis,D,METADATA_ONLY_LICENSE,https://fred.stlouisfed.org/series/CCUSMA02RUM618N,,保留元数据和原链接，不抓取或再分发正文。,限制抓取或再分发,https://fred.stlouisfed.org/legal/
WEB-0081,2. 美联储圣路易斯分部（FRED）比索/美元汇率数据,Federal Reserve Bank of St. Louis,D,METADATA_ONLY_LICENSE,https://fred.stlouisfed.org/series/DEXMXUS,,保留元数据和原链接，不抓取或再分发正文。,限制抓取或再分发,https://fred.stlouisfed.org/legal/
WEB-0082,2. 美联储圣路易斯分部（FRED）阿根廷比索/美元汇率,Federal Reserve Bank of St. Louis,D,METADATA_ONLY_LICENSE,https://fred.stlouisfed.org/series/DEXRARL,,保留元数据和原链接，不抓取或再分发正文。,限制抓取或再分发,https://fred.stlouisfed.org/legal/
WEB-0083,1. 土耳其里拉汇率数据（2018–2025）：美联储圣路易斯分部（FRED）TRY/USD,Federal Reserve Bank of St. Louis,D,METADATA_ONLY_LICENSE,https://fred.stlouisfed.org/series/DEXTAUS,,保留元数据和原链接，不抓取或再分发正文。,限制抓取或再分发,https://fred.stlouisfed.org/legal/
WEB-0084,5. 联邦基金利率（沃尔克 20% 峰值，1981-06）：美联储圣路易斯分部,Federal Reserve Bank of St. Louis,D,METADATA_ONLY_LICENSE,https://fred.stlouisfed.org/series/DFF,,保留元数据和原链接，不抓取或再分发正文。,限制抓取或再分发,https://fred.stlouisfed.org/legal/
WEB-0085,5. 以色列谢克尔汇率：FRED ILS/USD,Federal Reserve Bank of St. Louis,D,METADATA_ONLY_LICENSE,https://fred.stlouisfed.org/series/EXILUS,,保留元数据和原链接，不抓取或再分发正文。,限制抓取或再分发,https://fred.stlouisfed.org/legal/
WEB-0086,3. 希腊 10 年期国债收益率历史,Federal Reserve Bank of St. Louis,D,METADATA_ONLY_LICENSE,https://fred.stlouisfed.org/series/IRLTLT01GRM156N,,保留元数据和原链接，不抓取或再分发正文。,限制抓取或再分发,https://fred.stlouisfed.org/legal/
WEB-0087,Federal Reserve Bank of St. Louis 来源资料（WEB-0087）,Federal Reserve Bank of St. Louis,D,METADATA_ONLY_LICENSE,https://fred.stlouisfed.org/series/NFCI,,保留元数据和原链接，不抓取或再分发正文。,限制抓取或再分发,https://fred.stlouisfed.org/legal/
WEB-0088,2. 美联储圣路易斯分部（FRED）卢布/美元汇率,Federal Reserve Bank of St. Louis,D,METADATA_ONLY_LICENSE,https://fred.stlouisfed.org/series/RBIBIS,,保留元数据和原链接，不抓取或再分发正文。,限制抓取或再分发,https://fred.stlouisfed.org/legal/
WEB-0089,Federal Reserve Bank of St. Louis 来源资料（WEB-0089）,Federal Reserve Bank of St. Louis,D,METADATA_ONLY_LICENSE,https://fred.stlouisfed.org/series/SAHMREALTIME,,保留元数据和原链接，不抓取或再分发正文。,限制抓取或再分发,https://fred.stlouisfed.org/legal/
WEB-0090,"13 Federal Reserve Bank of St. Louis, FRED economic data,",fred.stlouisfed,D,METADATA_ONLY_LICENSE,https://fred.stlouisfed/,,保留元数据和原链接，不抓取或再分发正文。,许可未明确，默认仅保存元数据,
WEB-0091,WGC 报告，2023,fund.eastmoney.com,D,METADATA_ONLY_LICENSE,https://fund.eastmoney.com/a/202303312678415644.html,,保留元数据和原链接，不抓取或再分发正文。,许可未明确，默认仅保存元数据,
WEB-0092,"文本词典,THUOCL财经词表,论文参考文献32所列清华财经类词汇词库,更新于2016-12-24,3830词条,THUNLP/Heywhale,",github.com,D,PAYWALL_OR_AUTH,https://github.com/thunlp/THUOCL,AUTH_OR_BOT_CHALLENGE,,政府/国际组织公开资料，按原站署名与条款使用,
WEB-0093,5. Tether XAUt（黄金计价稳定币，约 7.66 吨实物支持）：Tether 官方产品页面,gold.tether.to,D,METADATA_ONLY_LICENSE,https://gold.tether.to/,,保留元数据和原链接，不抓取或再分发正文。,许可未明确，默认仅保存元数据,
WEB-0094,"5. GoldSilver.com（引 LBMA 与 Macrotrends 数据）：""The 1971 Nixon Shock""（金价 35→850 美元、+2,300%），",goldsilver.com,D,METADATA_ONLY_LICENSE,https://goldsilver.com/learn/how-money-works/the-1971-nixon-shock,,保留元数据和原链接，不抓取或再分发正文。,许可未明确，默认仅保存元数据,
WEB-0095,"2. GoldSilver.com（引用 Macrotrends 百年金价图、LBMA 历史数据、World Gold Council），""Gold Price Cycles: What History's Patterns Tell Us""（2026），",goldsilver.com,D,METADATA_ONLY_LICENSE,https://goldsilver.com/learn/investing-in-gold/gold-price-cycles-market-trends,,保留元数据和原链接，不抓取或再分发正文。,许可未明确，默认仅保存元数据,
WEB-0096,"hm.src = """,hm.baidu.com,D,METADATA_ONLY_LICENSE,https://hm.baidu.com/hm.js?62fa33f77aa3ca59592c24364d3c42eb=,,保留元数据和原链接，不抓取或再分发正文。,许可未明确，默认仅保存元数据,
WEB-0097,"hm.src = """,hm.baidu.com,D,METADATA_ONLY_LICENSE,https://hm.baidu.com/hm.js?9165e30c92968eb1baa5e3eb5f34dc60=,,保留元数据和原链接，不抓取或再分发正文。,许可未明确，默认仅保存元数据,
WEB-0100,4. 美国 10 年期国债收益率：美国财政部利率历史,U.S. Department of the Treasury,A,FETCH_FAILED,https://home.treasury.gov/resource-center/data-chart-center/interest-rates,HTTP_503,原链接不可用或不适合自动归档；使用已验证替代资产 WEB-0101。,政府/国际组织公开资料，按原站署名与条款使用,
WEB-0102,6. HowMuch.net（2020）：百年金银价格比图，1933 年金银比 132.4 的极值记录。,howmuch.net,D,METADATA_ONLY_LICENSE,https://howmuch.net/articles/gold-silver-ratio-timeline,,保留元数据和原链接，不抓取或再分发正文。,许可未明确，默认仅保存元数据,
WEB-0104,"1. 日经指数历史数据（峰值 38,957 点、谷底 7,607 点）：日经平均指数官方历史数据，<",indexes.nikkei.co.jp,D,METADATA_ONLY_LICENSE,https://indexes.nikkei.co.jp/nkave/historical/en/nikkei_stock_average_daily_en.html,,保留元数据和原链接，不抓取或再分发正文。,许可未明确，默认仅保存元数据,
WEB-0105,彭博社转引，2020,international.sindonews.com,D,METADATA_ONLY_LICENSE,https://international.sindonews.com/read/88912/41/akui-guaido-presiden-venezuela-bank-inggris-tolak-maduro-tarik-emas-rp143-t-1593709649,,保留元数据和原链接，不抓取或再分发正文。,许可未明确，默认仅保存元数据,
WEB-0106,1. International Banker（2021）：《The Dotcom Bubble Burst (2000)》——纳斯达克跌幅与 5 万亿美元市值蒸发数据。,internationalbanker.com,D,METADATA_ONLY_LICENSE,https://internationalbanker.com/history-of-financial-crises/the-dotcom-bubble-burst-2000,,保留元数据和原链接，不抓取或再分发正文。,许可未明确，默认仅保存元数据,
WEB-0107,"1. Palantir 2021Q2 财报与致股东信（购入 5,070 万美元金条、对冲黑天鹅表述）",investors.palantir.com,D,METADATA_ONLY_LICENSE,https://investors.palantir.com/,,保留元数据和原链接，不抓取或再分发正文。,许可未明确，默认仅保存元数据,
WEB-0110,7. KSE（基辅经济学院）《Direct losses of Russian assets and companies》2025,kse.ua,D,METADATA_ONLY_LICENSE,https://kse.ua/,,保留元数据和原链接，不抓取或再分发正文。,许可未明确，默认仅保存元数据,
WEB-0111,财联社，2025-01,m.cls.cn,C,METADATA_ONLY_LICENSE,https://m.cls.cn/detail/1913267,,保留元数据和原链接，不抓取或再分发正文。,新闻/媒体版权，默认仅保存元数据,
WEB-0112,财联社，2025-10,m.cls.cn,C,METADATA_ONLY_LICENSE,https://m.cls.cn/detail/2176533,,保留元数据和原链接，不抓取或再分发正文。,新闻/媒体版权，默认仅保存元数据,
WEB-0113,搜狐财经，2026-05,m.sohu.com,D,METADATA_ONLY_LICENSE,https://m.sohu.com/a/1026660896_465408,,保留元数据和原链接，不抓取或再分发正文。,许可未明确，默认仅保存元数据,
WEB-0114,"3. Federal Reserve History / maseconomics 综述——印尼盾贬值约 80%、韩元约 50%、IMF 超 1,100 亿美元救助、雅加达指数跌 81%：",maseconomics.com,D,METADATA_ONLY_LICENSE,https://maseconomics.com/1997-asian-financial-crisis-explained-how-contagion-spread-across-borders,,保留元数据和原链接，不抓取或再分发正文。,许可未明确，默认仅保存元数据,
WEB-0116,4. MetalCharts / National Mining Association 历史金价数据：1987年LBMA均价447美元、年涨约21.5%。,metalcharts.org,D,METADATA_ONLY_LICENSE,https://metalcharts.org/gold-price-history,,保留元数据和原链接，不抓取或再分发正文。,许可未明确，默认仅保存元数据,
WEB-0117,"4. Mises Institute, ""Understanding Money Mechanics""（货币供应膨胀70亿倍等数据），2024。",mises.org,D,METADATA_ONLY_LICENSE,https://mises.org/understanding-money-mechanics/monetary-inflation-and-price-inflation,,保留元数据和原链接，不抓取或再分发正文。,许可未明确，默认仅保存元数据,
WEB-0118,modelwhale.com 来源资料（WEB-0118）,modelwhale.com,D,METADATA_ONLY_LICENSE,https://modelwhale.com/client,,保留元数据和原链接，不抓取或再分发正文。,许可未明确，默认仅保存元数据,
WEB-0119,中国黄金公告，2026,money.finance.sina.com.cn,C,METADATA_ONLY_LICENSE,https://money.finance.sina.com.cn/corp/view/vCB_AllBulletinDetail.php?stockid=600916&id=12268449,,保留元数据和原链接，不抓取或再分发正文。,许可未明确，默认仅保存元数据,
WEB-0120,mp.weixin.qq.com 来源资料（WEB-0120）,mp.weixin.qq.com,D,METADATA_ONLY_LICENSE,https://mp.weixin.qq.com/mp/appmsgalbum?__biz=Mzk0OTM0NDY2NQ%3D%3D&action=getalbum&album_id=2973375948618498052&scene=126,,保留元数据和原链接，不抓取或再分发正文。,许可未明确，默认仅保存元数据,
WEB-0121,mw-ds-ng-parsed-meta-1254542291.cos.ap-nanjing.myqcloud.com 来源资料（WEB-0121）,mw-ds-ng-parsed-meta-1254542291.cos.ap-nanjing.myqcloud.com,D,METADATA_ONLY_LICENSE,https://mw-ds-ng-parsed-meta-1254542291.cos.ap-nanjing.myqcloud.com/$,,保留元数据和原链接，不抓取或再分发正文。,许可未明确，默认仅保存元数据,
WEB-0122,mw-workspace-parsed-1254542291.cos.ap-nanjing.myqcloud.com 来源资料（WEB-0122）,mw-workspace-parsed-1254542291.cos.ap-nanjing.myqcloud.com,D,METADATA_ONLY_LICENSE,https://mw-workspace-parsed-1254542291.cos.ap-nanjing.myqcloud.com/$,,保留元数据和原链接，不抓取或再分发正文。,许可未明确，默认仅保存元数据,
WEB-0123,"8. New Business Age（TC Correspondent），2014年，""Investors Run Away From Gold In 2013""——GLD全年减持546吨、两日自1525跌至1321美元",newbusinessage.com,D,METADATA_ONLY_LICENSE,https://newbusinessage.com/news/2361/investors-run-away-from-gold-in-2013,,保留元数据和原链接，不抓取或再分发正文。,许可未明确，默认仅保存元数据,
WEB-0124,New Lines Magazine，2026,newlinesmag.com,D,METADATA_ONLY_LICENSE,https://newlinesmag.com/reportage/why-iran-is-witnessing-a-gold-rush,,保留元数据和原链接，不抓取或再分发正文。,许可未明确，默认仅保存元数据,
WEB-0125,世界黄金协会，2026,news.10jqka.com.cn,D,METADATA_ONLY_LICENSE,https://news.10jqka.com.cn/20260806/c678732646.shtml,,保留元数据和原链接，不抓取或再分发正文。,许可未明确，默认仅保存元数据,
WEB-0126,新浪新闻引中国新闻周刊，2021,news.sina.cn,C,METADATA_ONLY_LICENSE,https://news.sina.cn/gn/2021-11-20/detail-iktzscyy6640228.d.html?vt=4,,保留元数据和原链接，不抓取或再分发正文。,新闻/媒体版权，默认仅保存元数据,
WEB-0127,4. MetalCharts / National Mining Association 历史金价数据：1987年LBMA均价447美元、年涨约21.5%。,nma.org,D,METADATA_ONLY_LICENSE,https://nma.org/resources/historical-gold-prices-1833-to-present,,保留元数据和原链接，不抓取或再分发正文。,许可未明确，默认仅保存元数据,
WEB-0130,"related Sanctions and Gold-related Transactions, 2022,",ofac.treasury,A,METADATA_ONLY_LICENSE,https://ofac.treasury/,,保留元数据和原链接，不抓取或再分发正文。,许可未明确，默认仅保存元数据,
WEB-0131,5. OnlyGold 历史金价：1986年末390.9美元、1987年末486.5美元。,onlygold.com,D,METADATA_ONLY_LICENSE,https://onlygold.com/gold-prices/historical-gold-prices,,保留元数据和原链接，不抓取或再分发正文。,许可未明确，默认仅保存元数据,
WEB-0133,"3. 财新网，《""直升机撒钱""：赤字货币化是魔鬼吗》，2016。",opinion.caixin.com,C,METADATA_ONLY_LICENSE,https://opinion.caixin.com/2016-08-24/100981080.html,,保留元数据和原链接，不抓取或再分发正文。,新闻/媒体版权，默认仅保存元数据,
WEB-0134,财新网专栏，2023,opinion.caixin.com,C,METADATA_ONLY_LICENSE,https://opinion.caixin.com/2023-08-09/102091459.html,,保留元数据和原链接，不抓取或再分发正文。,新闻/媒体版权，默认仅保存元数据,
WEB-0140,缺失论文PDF恢复候选,NCBI/PMC,A,FETCH_FAILED,https://pmc.ncbi.nlm.nih.gov/articles/PMC13025532/pdf/entropy-28-00271.pdf,PDF_SIGNATURE_MISMATCH,原链接不可用或不适合自动归档；使用已验证替代资产 WEB-0115。,开放获取或开放仓库，逐项保留原许可,
WEB-0141,press.un.org 来源资料（WEB-0141）,press.un.org,D,METADATA_ONLY_LICENSE,https://press.un.org/en/2022/sgsm21132.doc.htm,,保留元数据和原链接，不抓取或再分发正文。,许可未明确，默认仅保存元数据,
WEB-0142,res.wx.qq.com 来源资料（WEB-0142）,res.wx.qq.com,D,METADATA_ONLY_LICENSE,https://res.wx.qq.com/open/js/jweixin-1.3.2.js,,保留元数据和原链接，不抓取或再分发正文。,许可未明确，默认仅保存元数据,
WEB-0144,2. 俄罗斯 CPI（1998-12 同比 84%）：俄罗斯联邦统计局（Rosstat）,rosstat.gov.ru,A,METADATA_ONLY_LICENSE,https://rosstat.gov.ru/,,保留元数据和原链接，不抓取或再分发正文。,许可未明确，默认仅保存元数据,
WEB-0145,"a href=""",上海黄金交易所,B,FETCH_FAILED,https://service.sge.com.cn:8443/financialinquiry/initAuth.htm,fetch failed,原链接不可用或不适合自动归档；使用已验证替代资产 WEB-0395。,政府/国际组织公开资料，按原站署名与条款使用,
WEB-0147,silverinstitute.org 来源资料（WEB-0147）,silverinstitute.org,D,METADATA_ONLY_LICENSE,https://silverinstitute.org/all-world-silver-surveys,,保留元数据和原链接，不抓取或再分发正文。,许可未明确，默认仅保存元数据,
WEB-0148,silverinstitute.org 来源资料（WEB-0148）,silverinstitute.org,D,METADATA_ONLY_LICENSE,https://silverinstitute.org/elevated-lease-rates-regional-liquidity-tightness-and-robust-investor-interest-resulted-in-record-silver-prices-in-2025,,保留元数据和原链接，不抓取或再分发正文。,许可未明确，默认仅保存元数据,
WEB-0150,4. Small Caps（2020）：《What history teaches us about gold in economic crises》，Homestake 股价 80→495 美元、1932 年全球黄金产量纪录、6102 号行政令细节。,smallcaps.com.au,D,METADATA_ONLY_LICENSE,https://smallcaps.com.au/article/what-history-teaches-about-gold-economic-crises,,保留元数据和原链接，不抓取或再分发正文。,许可未明确，默认仅保存元数据,
WEB-0151,static.heywhale.com 来源资料（WEB-0151）,static.heywhale.com,D,MANUAL_ACTION_REQUIRED,https://static.heywhale.com/bundle/workbench,,由用户阅读并接受来源条款后人工下载；登记文件哈希和许可范围。,需人工接受条款或确认许可,https://static.heywhale.com/bundle/workbench
WEB-0152,static.heywhale.com 来源资料（WEB-0152）,static.heywhale.com,D,MANUAL_ACTION_REQUIRED,https://static.heywhale.com/bundle/workbench/static/css/app.184341d4.css,,由用户阅读并接受来源条款后人工下载；登记文件哈希和许可范围。,需人工接受条款或确认许可,https://static.heywhale.com/bundle/workbench/static/css/app.184341d4.css
WEB-0153,static.heywhale.com 来源资料（WEB-0153）,static.heywhale.com,D,MANUAL_ACTION_REQUIRED,https://static.heywhale.com/bundle/workbench/static/css/chunk-vendors.c32cdedd.css,,由用户阅读并接受来源条款后人工下载；登记文件哈希和许可范围。,需人工接受条款或确认许可,https://static.heywhale.com/bundle/workbench/static/css/chunk-vendors.c32cdedd.css
WEB-0154,static.heywhale.com 来源资料（WEB-0154）,static.heywhale.com,D,MANUAL_ACTION_REQUIRED,https://static.heywhale.com/bundle/workbench/static/js/app.25414c0c.js,,由用户阅读并接受来源条款后人工下载；登记文件哈希和许可范围。,需人工接受条款或确认许可,https://static.heywhale.com/bundle/workbench/static/js/app.25414c0c.js
WEB-0155,static.heywhale.com 来源资料（WEB-0155）,static.heywhale.com,D,MANUAL_ACTION_REQUIRED,https://static.heywhale.com/bundle/workbench/static/js/chunk-vendors.11f65d5b.js,,由用户阅读并接受来源条款后人工下载；登记文件哈希和许可范围。,需人工接受条款或确认许可,https://static.heywhale.com/bundle/workbench/static/js/chunk-vendors.11f65d5b.js
WEB-0157,1. Tether《Tether Attestation Reports》（储备构成与黄金持仓）,tether.to,D,METADATA_ONLY_LICENSE,https://tether.to/en/transparency,,保留元数据和原链接，不抓取或再分发正文。,许可未明确，默认仅保存元数据,
WEB-0160,核验记录，,Smartbi,D,PAYWALL_OR_AUTH,https://tiaozhanbei.cloud.smartbi.com.cn/smartbi/vision/index,,保留元数据和原链接，不抓取或再分发正文。,认证环境，仅保存脱敏元数据,
WEB-0161,Smartbi 来源资料（WEB-0161）,Smartbi,D,PAYWALL_OR_AUTH,https://tiaozhanbei.cloud.smartbi.com.cn/smartbi/vision/index.jsp,,保留元数据和原链接，不抓取或再分发正文。,认证环境，仅保存脱敏元数据,
WEB-0163,"5. US Gold and Coin Research，""Gold vs S&P 500 by Decade (1970s–2020s)""（2026 年 2 月更新，数据源：National Mining Association / Slickcharts），",usgoldandcoin.com,D,METADATA_ONLY_LICENSE,https://usgoldandcoin.com/research/gold-vs-sp500,,保留元数据和原链接，不抓取或再分发正文。,许可未明确，默认仅保存元数据,
WEB-0164,中国经营报，2025-12,view.inews.qq.com,D,METADATA_ONLY_LICENSE,https://view.inews.qq.com/a/20251226A08F0300,,保留元数据和原链接，不抓取或再分发正文。,许可未明确，默认仅保存元数据,
WEB-0167,"vesting Operating Cash, 2014,",www.afponline,D,METADATA_ONLY_LICENSE,https://www.afponline/,,保留元数据和原链接，不抓取或再分发正文。,许可未明确，默认仅保存元数据,
WEB-0168,4. Arabian Gulf Business Insight（AGBI），2023，《Lebanon's new bank rules offer 'lollar' accounts respite》——存款从 1160 亿降至 890 亿美元、折损 70%–83%。,www.agbi.com,D,METADATA_ONLY_LICENSE,https://www.agbi.com/analysis/banking-finance/2023/10/lebanons-new-bank-rules-offer-lollar-accounts-respite,,保留元数据和原链接，不抓取或再分发正文。,许可未明确，默认仅保存元数据,
WEB-0169,3. 世界黄金协会（WGC），2013年《Gold Demand Trends Q2 2013》——ETF流出为需求下滑主因,www.agloc.org,D,PAYWALL_OR_AUTH,https://www.agloc.org/pdf/GDT_Q2_2013.pdf,HTTP 403,,公开可访问但再分发范围未完全确认，仅本机归档,
WEB-0170,AInvest，2026,www.ainvest.com,D,METADATA_ONLY_LICENSE,https://www.ainvest.com/news/tether-buys-27-tons-gold-q4-2025-xaut-stablecoin-2601,,保留元数据和原链接，不抓取或再分发正文。,许可未明确，默认仅保存元数据,
WEB-0171,2. 伊朗 CPI 数据（2018–2025 30%–50%）：伊朗统计中心（SCI）,www.amar.org.ir,D,METADATA_ONLY_LICENSE,https://www.amar.org.ir/,,保留元数据和原链接，不抓取或再分发正文。,许可未明确，默认仅保存元数据,
WEB-0172,9. 希腊雅典综合指数历史,www.athexgroup.gr,D,METADATA_ONLY_LICENSE,https://www.athexgroup.gr/,,保留元数据和原链接，不抓取或再分发正文。,许可未明确，默认仅保存元数据,
WEB-0173,AzerNews，2013,www.azernews.az,D,METADATA_ONLY_LICENSE,https://www.azernews.az/business/62020.html,,保留元数据和原链接，不抓取或再分发正文。,许可未明确，默认仅保存元数据,
WEB-0174,3. 墨西哥央行（Banxico）历史汇率与利率数据,www.banxico.org.mx,D,METADATA_ONLY_LICENSE,https://www.banxico.org.mx/SieInternet/consultarDirectorioInternetAction.do?locale=en,,保留元数据和原链接，不抓取或再分发正文。,许可未明确，默认仅保存元数据,
WEB-0175,"2. 2014-12""黑色星期二""与央行加息 650 基点：Reuters/BBC 2014 年 12 月报道",BBC,C,METADATA_ONLY_LICENSE,https://www.bbc.com/news/business,,保留元数据和原链接，不抓取或再分发正文。,新闻/媒体版权，默认仅保存元数据,
WEB-0176,"8. 2021 年""低利率政策""与里拉 -44%：BBC/Reuters 2021 年 12 月报道",BBC,C,METADATA_ONLY_LICENSE,https://www.bbc.com/news/business-59514816,,保留元数据和原链接，不抓取或再分发正文。,新闻/媒体版权，默认仅保存元数据,
WEB-0177,4. 废钞与美元化（2009-02）：Reuters/BBC 2009 年报道,BBC,C,METADATA_ONLY_LICENSE,https://www.bbc.com/news/world-africa-14180904,,保留元数据和原链接，不抓取或再分发正文。,新闻/媒体版权，默认仅保存元数据,
WEB-0178,1. 委内瑞拉伦敦黄金（31 吨/约 10 亿美元）被冻结：Reuters/BBC 2019–2020 年报道,BBC,C,METADATA_ONLY_LICENSE,https://www.bbc.com/news/world-latin-america,,保留元数据和原链接，不抓取或再分发正文。,新闻/媒体版权，默认仅保存元数据,
WEB-0179,3. 2018 年向俄销售黄金与德银抵押被没收：Reuters/BBC,BBC,C,METADATA_ONLY_LICENSE,https://www.bbc.com/news/world-latin-america-47844418,,保留元数据和原链接，不抓取或再分发正文。,新闻/媒体版权，默认仅保存元数据,
WEB-0180,6. 伊朗央行金本位/黄金担保数字货币（2025）：Reuters/BBC Persian 报道,BBC,C,METADATA_ONLY_LICENSE,https://www.bbc.com/persian,,保留元数据和原链接，不抓取或再分发正文。,新闻/媒体版权，默认仅保存元数据,
WEB-0181,4. 阿根廷央行（BCRA）历史汇率与通胀数据,www.bcra.gob.ar,A,METADATA_ONLY_LICENSE,https://www.bcra.gob.ar/en,,保留元数据和原链接，不抓取或再分发正文。,许可未明确，默认仅保存元数据,
WEB-0182,analisis e investigacion,www.bde.es,D,METADATA_ONLY_LICENSE,https://www.bde.es/wbe/en/areas-actuacion/analisis-e-investigacion,,保留元数据和原链接，不抓取或再分发正文。,许可未明确，默认仅保存元数据,
WEB-0183,www.bde.es 来源资料（WEB-0183）,www.bde.es,D,METADATA_ONLY_LICENSE,https://www.bde.es/wbe/en/areas-actuacion/analisis-e-investigacion/recursos/indices-de-riesgo-geopolitico-generales-y-bilaterales-para-34-economias-6075d2451c9da91.html,,保留元数据和原链接，不抓取或再分发正文。,许可未明确，默认仅保存元数据,
WEB-0184,BDO，2018,www.bdo.ae,D,METADATA_ONLY_LICENSE,https://www.bdo.ae/getattachment/Services/Audit-Assurance/IFRS-Advisory-Services/IFRS-PUBLICATIONS/IFRB-2018-02-Argentina-and-IAS-29.pdf.aspx?lang=,,保留元数据和原链接，不抓取或再分发正文。,许可未明确，默认仅保存元数据,
WEB-0185,8. BDO《IAS 29 应用指引》,www.bdo.global,D,METADATA_ONLY_LICENSE,https://www.bdo.global/,,保留元数据和原链接，不抓取或再分发正文。,许可未明确，默认仅保存元数据,
WEB-0193,"黄金. Bank for International Settlements, 2013, pp. 1–75. url:",www.bis,D,METADATA_ONLY_LICENSE,https://www.bis/,,保留元数据和原链接，不抓取或再分发正文。,许可未明确，默认仅保存元数据,
WEB-0196,4. 墨西哥股市 IPC 指数历史数据,www.bmv.com.mx,D,METADATA_ONLY_LICENSE,https://www.bmv.com.mx/en/indices/indice-de-precios-y-cotizaciones-ipc,,保留元数据和原链接，不抓取或再分发正文。,许可未明确，默认仅保存元数据,
WEB-0201,"5. Britannica, ""Hyperinflation in the Weimar Republic (1922–23)""。",www.britannica.com,D,METADATA_ONLY_LICENSE,https://www.britannica.com/event/hyperinflation-in-the-Weimar-Republic,,保留元数据和原链接，不抓取或再分发正文。,许可未明确，默认仅保存元数据,
WEB-0202,"4. Britannica（大英百科全书）：""Silver Thursday""（亨特兄弟持仓与 1980 年银价崩盘），",www.britannica.com,D,METADATA_ONLY_LICENSE,https://www.britannica.com/topic/Silver-Thursday,,保留元数据和原链接，不抓取或再分发正文。,许可未明确，默认仅保存元数据,
WEB-0203,2. BullionVault（2009）：《Gold in the Depression》，Homestake EPS、股息数据及里士满联储 John Walter（2005）银行倒闭统计。,www.bullionvault.com,D,METADATA_ONLY_LICENSE,https://www.bullionvault.com/gold-news/history/gold-depression-06082009,,保留元数据和原链接，不抓取或再分发正文。,新闻/媒体版权，默认仅保存元数据,
WEB-0204,"1. BullionVault（Adrian Ash），2023年，""Gold's Big Price Crash, 10 Year On""——两日跌幅、季度-25.4%、TIPS相关性、GLD流出等细节",www.bullionvault.com,D,METADATA_ONLY_LICENSE,https://www.bullionvault.com/gold-news/opinion-analysis/golds-big-price-crash-10-year-07072023,,保留元数据和原链接，不抓取或再分发正文。,新闻/媒体版权，默认仅保存元数据,
WEB-0205,"2. BullionVault, Adrian Ash, ""How Does Gold Perform When Stock Markets Crash?""（2024）：黑色星期一当日金价 +3.2%。",www.bullionvault.com,D,METADATA_ONLY_LICENSE,https://www.bullionvault.com/gold-news/opinion-analysis/how-does-gold-price-perform-stock-market-crash-080720241,,保留元数据和原链接，不抓取或再分发正文。,新闻/媒体版权，默认仅保存元数据,
WEB-0206,3. Merval 指数历史数据,www.byma.com.ar,D,METADATA_ONLY_LICENSE,https://www.byma.com.ar/en/indices/indice-merval,,保留元数据和原链接，不抓取或再分发正文。,许可未明确，默认仅保存元数据,
WEB-0208,2. 埃及 CPI（2023-09 峰值 38.0%）：埃及中央公共动员与统计局（CAPMAS）,www.capmas.gov.eg,A,METADATA_ONLY_LICENSE,https://www.capmas.gov.eg/,,保留元数据和原链接，不抓取或再分发正文。,许可未明确，默认仅保存元数据,
WEB-0209,"1. 德意志联邦银行（Deutsche Bundesbank）历史统计档案，转引自 Cato Institute：Hanke & Krus, ""World Hyperinflations"", Cato Working Paper No. 8, 2012。",www.cato.org,D,PAYWALL_OR_AUTH,https://www.cato.org/sites/cato.org/files/pubs/pdf/workingpaper-8.pdf,HTTP 403,,公开可访问但再分发范围未完全确认，仅本机归档,
WEB-0210,3. 2022–2024 年三次贬值时间线：Reuters/Bloomberg 报道及埃及央行（CBE）公告,www.cbe.org.eg,D,METADATA_ONLY_LICENSE,https://www.cbe.org.eg/,,保留元数据和原链接，不抓取或再分发正文。,许可未明确，默认仅保存元数据,
WEB-0211,7. 尼日利亚央行（CBN）外汇改革声明（2023-06 统一汇率）,www.cbn.gov.ng,A,METADATA_ONLY_LICENSE,https://www.cbn.gov.ng/,,保留元数据和原链接，不抓取或再分发正文。,许可未明确，默认仅保存元数据,
WEB-0212,www.cboe.com 来源资料（WEB-0212）,www.cboe.com,D,METADATA_ONLY_LICENSE,https://www.cboe.com/tradable_products/vix,,保留元数据和原链接，不抓取或再分发正文。,许可未明确，默认仅保存元数据,
WEB-0213,"4. 俄央行固定价 5,000 卢布/克购金：俄罗斯央行（CBR）公告",www.cbr.ru,D,METADATA_ONLY_LICENSE,https://www.cbr.ru/eng,,保留元数据和原链接，不抓取或再分发正文。,许可未明确，默认仅保存元数据,
WEB-0214,www.cftc.gov 来源资料（WEB-0214）,www.cftc.gov,A,METADATA_ONLY_LICENSE,https://www.cftc.gov/MarketReports/CommitmentsofTraders/HistoricalCompressed/index.htm,,保留元数据和原链接，不抓取或再分发正文。,许可未明确，默认仅保存元数据,
WEB-0215,Channels TV，2024,www.channelstv.com,D,METADATA_ONLY_LICENSE,https://www.channelstv.com/2024/02/28/nestle-nigeria-posts-n104bn-loss-for-2023,,保留元数据和原链接，不抓取或再分发正文。,许可未明确，默认仅保存元数据,
WEB-0217,正保会计网校，2025,www.chinaacc.com,D,METADATA_ONLY_LICENSE,https://www.chinaacc.com/zhuceshuiwushi/jhwd/zy20250626114216.shtml,,保留元数据和原链接，不抓取或再分发正文。,许可未明确，默认仅保存元数据,
WEB-0218,2. 中国黄金集团黄金珠宝股份有限公司官网/公告,www.chinagoldsh.com,D,METADATA_ONLY_LICENSE,https://www.chinagoldsh.com/portal/cn/index.html,,保留元数据和原链接，不抓取或再分发正文。,许可未明确，默认仅保存元数据,
WEB-0220,2. 传音 2024-10 三季报（2024Q3 净利润同比 -44%，归因埃塞俄比亚币贬值汇兑损失）：公司公告/财联社 2024-10 报道,www.cls.cn,C,METADATA_ONLY_LICENSE,https://www.cls.cn/,,保留元数据和原链接，不抓取或再分发正文。,新闻/媒体版权，默认仅保存元数据,
WEB-0221,财联社，2025-04,www.cls.cn,C,METADATA_ONLY_LICENSE,https://www.cls.cn/detail/1997358,,保留元数据和原链接，不抓取或再分发正文。,新闻/媒体版权，默认仅保存元数据,
WEB-0222,财联社，2026-01,www.cls.cn,C,METADATA_ONLY_LICENSE,https://www.cls.cn/detail/2272392,,保留元数据和原链接，不抓取或再分发正文。,新闻/媒体版权，默认仅保存元数据,
WEB-0223,"2. 财联社（2024/2026）：""以史为鉴：70年代的黄金牛市是如何开始、如何结束的""（1970–74、1977–80 黄金年化收益 32.5%/45.2%），",www.cls.cn,C,METADATA_ONLY_LICENSE,https://www.cls.cn/detail/2341263,,保留元数据和原链接，不抓取或再分发正文。,新闻/媒体版权，默认仅保存元数据,
WEB-0224,5. WTI 原油负值事件（2020-04-20）：CME Group 与媒体记录,www.cmegroup.com,D,METADATA_ONLY_LICENSE,https://www.cmegroup.com/,,保留元数据和原链接，不抓取或再分发正文。,许可未明确，默认仅保存元数据,
WEB-0225,www.cmegroup.com 来源资料（WEB-0225）,www.cmegroup.com,D,METADATA_ONLY_LICENSE,https://www.cmegroup.com/markets/metals/precious.html,,保留元数据和原链接，不抓取或再分发正文。,许可未明确，默认仅保存元数据,
WEB-0226,"4. CNBC Indonesia，《Rupiah Nelangsa, Krisis 1997/1998 Terulang?》，2024——印尼盾金价 40,000→73,125 印尼盾/克、通胀 77.63%、GDP -13.7%：",www.cnbcindonesia.com,D,METADATA_ONLY_LICENSE,https://www.cnbcindonesia.com/research/20240418153237-128-531396/rupiah-nelangsa-krisis-1997-1998-terulang,,保留元数据和原链接，不抓取或再分发正文。,许可未明确，默认仅保存元数据,
WEB-0227,7. 新华网/新华财经，2023，《黎巴嫩本币兑美元汇率跌破 100000 比 1 大关》——黑市破 10 万、累计贬值超 98%。,www.cnfin.com,D,METADATA_ONLY_LICENSE,https://www.cnfin.com/hs-lb/detail/20230314/3822485_1.html,,保留元数据和原链接，不抓取或再分发正文。,许可未明确，默认仅保存元数据,
WEB-0228,"文本语料,金投网黄金新闻,标题与正文共1303篇,2022-02-01至2025-02-28,文章级→日聚合,金投网,",World Gold Council,D,METADATA_ONLY_LICENSE,https://www.cngold.org/,,保留元数据和原链接，不抓取或再分发正文。,新闻/媒体版权，默认仅保存元数据,
WEB-0229,3. 美国财政部 OFAC 对伊朗制裁与 IFCA（2013）条文：美国国会立法《Iran Freedom and Counter-Proliferation Act》,www.congress.gov,A,METADATA_ONLY_LICENSE,https://www.congress.gov/,,保留元数据和原链接，不抓取或再分发正文。,许可未明确，默认仅保存元数据,
WEB-0230,Cornerstone Research,www.cornerstone.com,D,METADATA_ONLY_LICENSE,https://www.cornerstone.com/insights/cases/ashanti-goldfields-securities-litigation,,保留元数据和原链接，不抓取或再分发正文。,许可未明确，默认仅保存元数据,
WEB-0231,CPDbox，2024,www.cpdbox.com,D,METADATA_ONLY_LICENSE,https://www.cpdbox.com/040-investment-gold-ifrs,,保留元数据和原链接，不抓取或再分发正文。,许可未明确，默认仅保存元数据,
WEB-0232,1. Crescat Capital（2024）：《The Countercyclicality of Gold Mining Stocks》，Homestake 与道指 1929–1932 对比数据。,www.crescat.net,D,METADATA_ONLY_LICENSE,https://www.crescat.net/the-countercyclicality-of-gold-mining-stocks,,保留元数据和原链接，不抓取或再分发正文。,许可未明确，默认仅保存元数据,
WEB-0233,4. 银行不良债权处置（100 万亿日元级）：日本金融厅/存款保险机构披露，<,www.dic.go.jp,D,METADATA_ONLY_LICENSE,https://www.dic.go.jp/english,,保留元数据和原链接，不抓取或再分发正文。,许可未明确，默认仅保存元数据,
WEB-0234,6. 迪拜黄金贸易枢纽角色：迪拜多种商品交易中心（DMCC）黄金贸易报告,www.dmcc.ae,D,METADATA_ONLY_LICENSE,https://www.dmcc.ae/,,保留元数据和原链接，不抓取或再分发正文。,许可未明确，默认仅保存元数据,
WEB-0240,4. 土耳其天然气进口数据：EIA《Turkey》国别分析,www.eia.gov,A,METADATA_ONLY_LICENSE,https://www.eia.gov/,,保留元数据和原链接，不抓取或再分发正文。,许可未明确，默认仅保存元数据,
WEB-0241,10. 委内瑞拉石油产量与制裁：EIA,www.eia.gov,A,METADATA_ONLY_LICENSE,https://www.eia.gov/international/analysis/country/VEN,,保留元数据和原链接，不抓取或再分发正文。,许可未明确，默认仅保存元数据,
WEB-0242,change Restrictions. 2026. url:,International Monetary Fund,B,MANUAL_ACTION_REQUIRED,https://www.elibrary.imf.org/subject/012,,由用户阅读并接受来源条款后人工下载；登记文件哈希和许可范围。,需人工接受条款或确认许可,https://www.elibrary.imf.org/subject/012
WEB-0243,IMF WP，2020,International Monetary Fund,B,MANUAL_ACTION_REQUIRED,https://www.elibrary.imf.org/view/journals/001/2020/179/article-A001-en.xml,,由用户阅读并接受来源条款后人工下载；登记文件哈希和许可范围。,需人工接受条款或确认许可,https://www.elibrary.imf.org/view/journals/001/2020/179/article-A001-en.xml
WEB-0244,"3. IMF，2023，《Lebanon: 2023 Article IV Consultation》——黑市汇率 2023 年 3 月中旬达 140,000/美元。",International Monetary Fund,B,MANUAL_ACTION_REQUIRED,https://www.elibrary.imf.org/view/journals/002/2023/237/article-A001-en.xml,,由用户阅读并接受来源条款后人工下载；登记文件哈希和许可范围。,需人工接受条款或确认许可,https://www.elibrary.imf.org/view/journals/002/2023/237/article-A001-en.xml
WEB-0245,"2026/007, 2026,",International Monetary Fund,B,MANUAL_ACTION_REQUIRED,https://www.elibrary.imf.org/view/journals/068/2026/007,,由用户阅读并接受来源条款后人工下载；登记文件哈希和许可范围。,需人工接受条款或确认许可,https://www.elibrary.imf.org/view/journals/068/2026/007
WEB-0246,International Monetary Fund 来源资料（WEB-0246）,International Monetary Fund,B,MANUAL_ACTION_REQUIRED,https://www.elibrary.imf.org/view/journals/068/2026/007/article-A001-en.xml,,由用户阅读并接受来源条款后人工下载；登记文件哈希和许可范围。,需人工接受条款或确认许可,https://www.elibrary.imf.org/view/journals/068/2026/007/article-A001-en.xml
WEB-0247,3. 名义 GDP 停滞数据：日本内阁府国民经济核算，<,www.esri.cao.go.jp,D,METADATA_ONLY_LICENSE,https://www.esri.cao.go.jp/en/sna/menu.html,,保留元数据和原链接，不抓取或再分发正文。,许可未明确，默认仅保存元数据,
WEB-0248,EuroFinance，2022,www.eurofinance.com,D,METADATA_ONLY_LICENSE,https://www.eurofinance.com/news/walking-the-fx-tightrope-in-latin-america,,保留元数据和原链接，不抓取或再分发正文。,许可未明确，默认仅保存元数据,
WEB-0250,EY，2025,www.ey.com,D,METADATA_ONLY_LICENSE,https://www.ey.com/en_gl/technical/tax-alerts/argentina-eliminates-most-remaining-foreign-exchange-controls,,保留元数据和原链接，不抓取或再分发正文。,许可未明确，默认仅保存元数据,
WEB-0251,方达律所速评,www.fangdalaw.com,D,METADATA_ONLY_LICENSE,https://www.fangdalaw.com/content/details32_8567.html,,保留元数据和原链接，不抓取或再分发正文。,许可未明确，默认仅保存元数据,
WEB-0252,www.fdic.gov 来源资料（WEB-0252）,www.fdic.gov,A,METADATA_ONLY_LICENSE,https://www.fdic.gov/news/press-releases/2023/pr23016.html,,保留元数据和原链接，不抓取或再分发正文。,许可未明确，默认仅保存元数据,
WEB-0255,4. 美联储 2020 年 3 月紧急行动（降息至 0–0.25% + 无限量 QE）：美联储官网新闻稿,Federal Reserve Board,A,BROKEN_OR_UNREACHABLE,https://www.federalreserve.gov/newsevents/pressreleases/2020-monetary.htm,HTTP 404,原链接不可用或不适合自动归档；使用已验证替代资产 WEB-0256。,政府/国际组织公开资料，按原站署名与条款使用,
WEB-0267,"1. Federal Reserve History（美联储官方历史项目，2013）：""Nixon Ends Convertibility of U.S. Dollars to Gold and Announces Wage/Price Controls""，",www.federalreservehistory.org,B,METADATA_ONLY_LICENSE,https://www.federalreservehistory.org/essays/gold-convertibility-ends,,保留元数据和原链接，不抓取或再分发正文。,许可未明确，默认仅保存元数据,
WEB-0268,1. Federal Reserve History（美联储官方历史网站），《Gold Reserve Act of 1934》，,www.federalreservehistory.org,B,METADATA_ONLY_LICENSE,https://www.federalreservehistory.org/essays/gold-reserve-act,,保留元数据和原链接，不抓取或再分发正文。,许可未明确，默认仅保存元数据,
WEB-0269,中国金融新闻网，2025-02,www.financialnews.com.cn,D,METADATA_ONLY_LICENSE,https://www.financialnews.com.cn/2025-02/05/content_417794.html,,保留元数据和原链接，不抓取或再分发正文。,许可未明确，默认仅保存元数据,
WEB-0270,中国金融新闻网，2024-02,www.financialnews.com.cn,D,METADATA_ONLY_LICENSE,https://www.financialnews.com.cn/jg/zc/202402/t20240202_286986.html,,保留元数据和原链接，不抓取或再分发正文。,许可未明确，默认仅保存元数据,
WEB-0271,中国黄金协会，2026-02,www.fx678.com,D,METADATA_ONLY_LICENSE,https://www.fx678.com/C/20260205/202602051010132463.html,,保留元数据和原链接，不抓取或再分发正文。,许可未明确，默认仅保存元数据,
WEB-0272,WGC《黄金作为战略资产（2025 年版）》,www.fxbaogao.com,D,METADATA_ONLY_LICENSE,https://www.fxbaogao.com/detail/4680353,,保留元数据和原链接，不抓取或再分发正文。,许可未明确，默认仅保存元数据,
WEB-0273,2. Gainesville Coins，《Gold Price History: Why Did Gold Fall In 2008?》，2025年（引LBMA历史定盘价），,www.gainesvillecoins.com,D,METADATA_ONLY_LICENSE,https://www.gainesvillecoins.com/blog/gold-price-2008-what-we-can-learn,,保留元数据和原链接，不抓取或再分发正文。,许可未明确，默认仅保存元数据,
WEB-0274,www.gdeltproject.org 来源资料（WEB-0274）,www.gdeltproject.org,D,METADATA_ONLY_LICENSE,https://www.gdeltproject.org/data.html,,保留元数据和原链接，不抓取或再分发正文。,许可未明确，默认仅保存元数据,
WEB-0275,WGC，2018,World Gold Council,D,METADATA_ONLY_LICENSE,https://www.gold.org/download/file/8208/Working_towards_a%20common_accounting_framework_for_gold_updated_Jan2018.pdf,,保留元数据和原链接，不抓取或再分发正文。,限制抓取或再分发,https://www.gold.org/terms-and-conditions
WEB-0276,World Gold Council 来源资料（WEB-0276）,World Gold Council,D,METADATA_ONLY_LICENSE,https://www.gold.org/goldhub/data,,保留元数据和原链接，不抓取或再分发正文。,限制抓取或再分发,https://www.gold.org/terms-and-conditions
WEB-0277,"5. 2022-03-08 金价冲至 2,078 美元：LBMA 金价历史数据/世界黄金协会",World Gold Council,D,METADATA_ONLY_LICENSE,https://www.gold.org/goldhub/data/gold-prices,,保留元数据和原链接，不抓取或再分发正文。,限制抓取或再分发,https://www.gold.org/terms-and-conditions
WEB-0278,"2. 俄罗斯境内黄金储备（约 2,300 吨）与""制裁免疫""：世界黄金协会黄金储备数据库",World Gold Council,D,METADATA_ONLY_LICENSE,https://www.gold.org/goldhub/data/gold-reserves-by-country,,保留元数据和原链接，不抓取或再分发正文。,限制抓取或再分发,https://www.gold.org/terms-and-conditions
WEB-0279,9. 世界黄金协会《Gold as a Strategic Asset》地缘风险研究,World Gold Council,D,METADATA_ONLY_LICENSE,https://www.gold.org/goldhub/research,,保留元数据和原链接，不抓取或再分发正文。,限制抓取或再分发,https://www.gold.org/terms-and-conditions
WEB-0280,"4. 2022 年全球央行购金 1,136 吨：世界黄金协会《Gold Demand Trends Full Year 2022》",World Gold Council,D,METADATA_ONLY_LICENSE,https://www.gold.org/goldhub/research/gold-demand-trends,,保留元数据和原链接，不抓取或再分发正文。,限制抓取或再分发,https://www.gold.org/terms-and-conditions
WEB-0281,World Gold Council 来源资料（WEB-0281）,World Gold Council,D,METADATA_ONLY_LICENSE,https://www.gold.org/goldhub/research/gold-demand-trends/gold-demand-trends-full-year-2024/central-banks,,保留元数据和原链接，不抓取或再分发正文。,限制抓取或再分发,https://www.gold.org/terms-and-conditions
WEB-0282,2. World Gold Council（世界黄金协会），《The Asian financial crisis – 20 years later》，2017——危机成因、黄金无信用风险属性的分析：,World Gold Council,D,METADATA_ONLY_LICENSE,https://www.gold.org/goldhub/research/gold-investor/gold-investor-december-2017/13216,,保留元数据和原链接，不抓取或再分发正文。,限制抓取或再分发,https://www.gold.org/terms-and-conditions
WEB-0283,1. 世界黄金协会（WGC），《The gold perspective – 10 years after Lehman Brothers failed》，2019年，,World Gold Council,D,METADATA_ONLY_LICENSE,https://www.gold.org/goldhub/research/gold-investor/gold-investor-february-2019/13643,,保留元数据和原链接，不抓取或再分发正文。,限制抓取或再分发,https://www.gold.org/terms-and-conditions
WEB-0284,10. 世界黄金协会《Gold Outlook》：2022 年黄金组合分散价值研究报告,World Gold Council,D,METADATA_ONLY_LICENSE,https://www.gold.org/goldhub/research/outlook,,保留元数据和原链接，不抓取或再分发正文。,限制抓取或再分发,https://www.gold.org/terms-and-conditions
WEB-0285,World Gold Council 来源资料（WEB-0285）,World Gold Council,D,METADATA_ONLY_LICENSE,https://www.gold.org/goldhub/research/relevance-of-gold-as-a-strategic-asset/portfolio-impact,,保留元数据和原链接，不抓取或再分发正文。,限制抓取或再分发,https://www.gold.org/terms-and-conditions
WEB-0286,WGC条款,World Gold Council,D,METADATA_ONLY_LICENSE,https://www.gold.org/terms-and-conditions,,保留元数据和原链接，不抓取或再分发正文。,限制抓取或再分发,https://www.gold.org/terms-and-conditions
WEB-0287,"1. Goldman Sachs, ""Global Financial Markets Crash on Black Monday""（2019）：道指单日 -22.61%、508.32点。",www.goldmansachs.com,D,METADATA_ONLY_LICENSE,https://www.goldmansachs.com/our-firm/history/moments/1987-black-monday,,保留元数据和原链接，不抓取或再分发正文。,许可未明确，默认仅保存元数据,
WEB-0288,5. Gold Price Forecast（2024）：《Dot-com Bubble and Gold》——纳斯达克 1994—2000 年约 600% 涨幅及同期黄金走势背景。,www.goldpriceforecast.com,D,METADATA_ONLY_LICENSE,https://www.goldpriceforecast.com/explanations/dot-com-bubble-gold,,保留元数据和原链接，不抓取或再分发正文。,许可未明确，默认仅保存元数据,
WEB-0290,6. 英国 1999–2000 年出售黄金储备（415 吨）：英国财政部/英格兰银行公开记录,www.gov.uk,A,METADATA_ONLY_LICENSE,https://www.gov.uk/,,保留元数据和原链接，不抓取或再分发正文。,许可未明确，默认仅保存元数据,
WEB-0291,Z 值模型应用研究，2021,www.gwyoo.com,D,METADATA_ONLY_LICENSE,https://www.gwyoo.com/lunwen/cwlw/cwyjlw/202105/740664.html,,保留元数据和原链接，不抓取或再分发正文。,许可未明确，默认仅保存元数据,
WEB-0292,汉坤律所解读,www.hankunlaw.com,D,METADATA_ONLY_LICENSE,https://www.hankunlaw.com/portal/article/index/cid/8/id/13961.html,,保留元数据和原链接，不抓取或再分发正文。,许可未明确，默认仅保存元数据,
WEB-0293,www.heywhale.com 来源资料（WEB-0293）,www.heywhale.com,D,MANUAL_ACTION_REQUIRED,https://www.heywhale.com/,,由用户阅读并接受来源条款后人工下载；登记文件哈希和许可范围。,需人工接受条款或确认许可,https://www.heywhale.com/
WEB-0294,www.heywhale.com 来源资料（WEB-0294）,www.heywhale.com,D,MANUAL_ACTION_REQUIRED,https://www.heywhale.com/about,,由用户阅读并接受来源条款后人工下载；登记文件哈希和许可范围。,需人工接受条款或确认许可,https://www.heywhale.com/about
WEB-0295,www.heywhale.com 来源资料（WEB-0295）,www.heywhale.com,D,MANUAL_ACTION_REQUIRED,https://www.heywhale.com/mw/dataset/611a163b911b3300174a19f2,,由用户阅读并接受来源条款后人工下载；登记文件哈希和许可范围。,需人工接受条款或确认许可,https://www.heywhale.com/mw/dataset/611a163b911b3300174a19f2
WEB-0296,1. 华为 2025 年年度报告（净汇兑损失 12.68 亿元、财务费用构成）：华为投资控股有限公司官网（企业社会责任/年度报告栏目）,www.huawei.com,D,METADATA_ONLY_LICENSE,https://www.huawei.com/cn/annual-report,,保留元数据和原链接，不抓取或再分发正文。,许可未明确，默认仅保存元数据,
WEB-0302,"Dollars with Major Clearance in Nigeria. June 2, 2024. url:",www.iata,B,METADATA_ONLY_LICENSE,https://www.iata/,,保留元数据和原链接，不抓取或再分发正文。,许可未明确，默认仅保存元数据,
WEB-0304,"Paper AP10, 2016,",IFRS Foundation,B,BROKEN_OR_UNREACHABLE,https://www.ifrs.org/content/dam/ifrs/meetings/2016,HTTP 404,原链接不可用或不适合自动归档；使用已验证替代资产 WEB-0306。,公开可访问但再分发范围未完全确认，仅本机归档,
WEB-0305,25. url:,IFRS Foundation,B,BROKEN_OR_UNREACHABLE,https://www.ifrs.org/content/dam/ifrs/meetings/2016/november,HTTP 404,原链接不可用或不适合自动归档；使用已验证替代资产 WEB-0306。,公开可访问但再分发范围未完全确认，仅本机归档,
WEB-0308,2026. url:,IFRS Foundation,B,BROKEN_OR_UNREACHABLE,https://www.ifrs.org/issued-,HTTP 404,原链接不可用或不适合自动归档；使用已验证替代资产 WEB-0306。,公开可访问但再分发范围未完全确认，仅本机归档,
WEB-0311,5. IMF《Blocked Funds and Currency Convertibility》研究（危机期对冲成本高企）,International Monetary Fund,B,PAYWALL_OR_AUTH,https://www.imf.org/,HTTP 403,,公开可访问但再分发范围未完全确认，仅本机归档,
WEB-0312,1. IMF《Argentina: Selected Issues》与 2001 年救助文件,International Monetary Fund,B,PAYWALL_OR_AUTH,https://www.imf.org/en/Countries/ARG,HTTP 403,,公开可访问但再分发范围未完全确认，仅本机归档,
WEB-0313,4. IMF 救助（2022-12 30 亿美元 → 2024-03 80 亿美元）：IMF《Egypt Article IV Consultation》与新闻稿,International Monetary Fund,B,PAYWALL_OR_AUTH,https://www.imf.org/en/Countries/EGY,HTTP 403,,公开可访问但再分发范围未完全确认，仅本机归档,
WEB-0314,1. IMF《Russian Federation: Selected Issues》与 1998 年救助文件,International Monetary Fund,B,PAYWALL_OR_AUTH,https://www.imf.org/en/Countries/RUS,HTTP 403,,公开可访问但再分发范围未完全确认，仅本机归档,
WEB-0315,6. 2021 年 IMF/世行暂停对苏援助：IMF 新闻稿,International Monetary Fund,B,PAYWALL_OR_AUTH,https://www.imf.org/en/Countries/SDN,HTTP 403,,公开可访问但再分发范围未完全确认，仅本机归档,
WEB-0316,"2023,",International Monetary Fund,B,PAYWALL_OR_AUTH,https://www.imf.org/en/publications/wp/issues/2023/01/27,HTTP 403,,公开可访问但再分发范围未完全确认，仅本机归档,
WEB-0317,International Monetary Fund 来源资料（WEB-0317）,International Monetary Fund,B,PAYWALL_OR_AUTH,https://www.imf.org/en/publications/wp/issues/2023/01/27/gold-as-international-reserves-a-barbarous-relic-no-more-528089,HTTP 403,,公开可访问但再分发范围未完全确认，仅本机归档,
WEB-0319,2. 阿根廷 CPI（2023-12 单月 25.5%、2024-05 同比 289.4%）：阿根廷国家统计局（INDEC）,www.indec.gob.ar,A,METADATA_ONLY_LICENSE,https://www.indec.gob.ar/,,保留元数据和原链接，不抓取或再分发正文。,许可未明确，默认仅保存元数据,
WEB-0320,"4. Investopedia，""Silver Thursday: What It Means, How It Works""，",www.investopedia.com,D,METADATA_ONLY_LICENSE,https://www.investopedia.com/terms/s/silver_thursday.asp,,保留元数据和原链接，不抓取或再分发正文。,许可未明确，默认仅保存元数据,
WEB-0321,4. 2024–2025 年以色列打击后伊朗金价飙升报道：Iran International、Reuters 2024–2025 年报道,www.iranintl.com,D,METADATA_ONLY_LICENSE,https://www.iranintl.com/,,保留元数据和原链接，不抓取或再分发正文。,新闻/媒体版权，默认仅保存元数据,
WEB-0322,Iran International，2025,www.iranintl.com,D,METADATA_ONLY_LICENSE,https://www.iranintl.com/en/202512153499,,保留元数据和原链接，不抓取或再分发正文。,新闻/媒体版权，默认仅保存元数据,
WEB-0323,4. 美国 20+ 年期长期国债 ETF（TLT）-30% 涨跌：贝莱德 iShares TLT 历史价格,www.ishares.com,D,METADATA_ONLY_LICENSE,https://www.ishares.com/us/products/239454,,保留元数据和原链接，不抓取或再分发正文。,许可未明确，默认仅保存元数据,
WEB-0324,"6. 解放日报·上观新闻，2023，《""全球最大危机之一""！""中东小巴黎""，发生了什么？》——2023 年 2 月 1 日官方汇率 1507.5→15000、黑市 64000。",www.jfdaily.com,D,METADATA_ONLY_LICENSE,https://www.jfdaily.com/wx/detail.do?id=594267,,保留元数据和原链接，不抓取或再分发正文。,许可未明确，默认仅保存元数据,
WEB-0325,金杜律所，2022,www.kingandwood.com,D,METADATA_ONLY_LICENSE,https://www.kingandwood.com/cn/zh/insights/latest-thinking/gold-market-foreign-investors-participate-in-chinas-gold-market.html,,保留元数据和原链接，不抓取或再分发正文。,许可未明确，默认仅保存元数据,
WEB-0326,"6. Kitco News，《Gold revaluation would pay Washington, not private holders, historian says》（2026，引述美联储历史记录中28亿美元重估收益），",www.kitco.com,D,METADATA_ONLY_LICENSE,https://www.kitco.com/news/article/2026-08-03/gold-revaluation-would-pay-washington-not-private-holders-historian-says,,保留元数据和原链接，不抓取或再分发正文。,许可未明确，默认仅保存元数据,
WEB-0327,2. G7 禁运俄金（2022-06）与 LBMA 除名：G7 峰会公报 / LBMA 官方声明,London Bullion Market Association,D,METADATA_ONLY_LICENSE,https://www.lbma.org.uk/,,保留元数据和原链接，不抓取或再分发正文。,限制抓取或再分发,
WEB-0328,"2. LBMA《Alchemist》第74期，""After the Gold Crash""——2013全年-30%、集中于二季度、近半跌幅在4月两日",London Bullion Market Association,D,METADATA_ONLY_LICENSE,https://www.lbma.org.uk/alchemist/issue-74/after-the-gold-crash,,保留元数据和原链接，不抓取或再分发正文。,限制抓取或再分发,
WEB-0329,London Bullion Market Association 来源资料（WEB-0329）,London Bullion Market Association,D,METADATA_ONLY_LICENSE,https://www.lbma.org.uk/articles/silver-trading-volume-exceeds-1-billion-oz-on-1-february,,保留元数据和原链接，不抓取或再分发正文。,限制抓取或再分发,
WEB-0330,London Bullion Market Association 来源资料（WEB-0330）,London Bullion Market Association,D,METADATA_ONLY_LICENSE,https://www.lbma.org.uk/prices-and-data,,保留元数据和原链接，不抓取或再分发正文。,限制抓取或再分发,
WEB-0331,"目标价格,LBMA黄金价格,LBMA Gold Price，AM/PM及币种未说明,2022-02-01至2025-02-28,日频/含非交易日,LBMA/IBA,",London Bullion Market Association,D,METADATA_ONLY_LICENSE,https://www.lbma.org.uk/prices-and-data/lbma-precious-metal-prices,,保留元数据和原链接，不抓取或再分发正文。,限制抓取或再分发,
WEB-0332,7. 白银历史价格：LBMA 白银基准价历史数据，<,London Bullion Market Association,D,METADATA_ONLY_LICENSE,https://www.lbma.org.uk/prices-and-data/precious-metal-prices,,保留元数据和原链接，不抓取或再分发正文。,限制抓取或再分发,
WEB-0333,6. Macrotrends 白银百年价格序列：1987年10—12月白银月度价格。,www.macrotrends.net,D,METADATA_ONLY_LICENSE,https://www.macrotrends.net/1470/historical-silver-prices-100-year-chart,,保留元数据和原链接，不抓取或再分发正文。,许可未明确，默认仅保存元数据,
WEB-0334,www.matteoiacoviello.com 来源资料（WEB-0334）,www.matteoiacoviello.com,D,METADATA_ONLY_LICENSE,https://www.matteoiacoviello.com/gpr.htm,,保留元数据和原链接，不抓取或再分发正文。,许可未明确，默认仅保存元数据,
WEB-0337,Mineros 公告，2026,www.mineros.com.co,D,METADATA_ONLY_LICENSE,https://www.mineros.com.co/news/mineros-s-a-adopts-strategic-gold-reserve-policy-2026-07-10,,保留元数据和原链接，不抓取或再分发正文。,许可未明确，默认仅保存元数据,
WEB-0338,彭博/MINING.COM，2019,www.mining.com,D,METADATA_ONLY_LICENSE,https://www.mining.com/web/venezuela-said-default-gold-swap-deutsche-bank,,保留元数据和原链接，不抓取或再分发正文。,许可未明确，默认仅保存元数据,
WEB-0339,www.modelwhale.com 来源资料（WEB-0339）,www.modelwhale.com,D,METADATA_ONLY_LICENSE,https://www.modelwhale.com/,,保留元数据和原链接，不抓取或再分发正文。,许可未明确，默认仅保存元数据,
WEB-0340,www.modelwhale.com 来源资料（WEB-0340）,www.modelwhale.com,D,METADATA_ONLY_LICENSE,https://www.modelwhale.com/pricing,,保留元数据和原链接，不抓取或再分发正文。,许可未明确，默认仅保存元数据,
WEB-0341,3. RTS 指数历史数据（1997 峰值 → 1998 谷底）,www.moex.com,D,METADATA_ONLY_LICENSE,https://www.moex.com/en/index/RTS,,保留元数据和原链接，不抓取或再分发正文。,许可未明确，默认仅保存元数据,
WEB-0342,接投资统计公报. 2025. url:,中华人民共和国商务部,A,FETCH_FAILED,https://www.mofcom.gov.cn/zfxxgk/fdzdgknr,HTTP_503,原链接不可用或不适合自动归档；使用已验证替代资产 WEB-0344。,政府/国际组织公开资料，按原站署名与条款使用,
WEB-0343,资统计公报，2025，,中华人民共和国商务部,A,FETCH_FAILED,https://www.mofcom.gov.cn/zfxxgk/fdzdgknr/ztfl/tjsj,HTTP_503,原链接不可用或不适合自动归档；使用已验证替代资产 WEB-0344。,政府/国际组织公开资料，按原站署名与条款使用,
WEB-0346,2. MTN Group 2024 年报（含尼日利亚分部汇兑损失披露）,www.mtn.com,D,METADATA_ONLY_LICENSE,https://www.mtn.com/,,保留元数据和原链接，不抓取或再分发正文。,许可未明确，默认仅保存元数据,
WEB-0347,"3. MTN Nigeria 2023/2024 财报（汇兑损失 7,404 亿 + 9,254 亿奈拉）：MTN Group 与 MTN Nigeria 官方公告（NGX 披露）",www.mtn.ng,D,METADATA_ONLY_LICENSE,https://www.mtn.ng/,,保留元数据和原链接，不抓取或再分发正文。,许可未明确，默认仅保存元数据,
WEB-0353,"16 National Bureau of Economic Research, Business Cycle Dating,",www.nber,B,METADATA_ONLY_LICENSE,https://www.nber/,,保留元数据和原链接，不抓取或再分发正文。,许可未明确，默认仅保存元数据,
WEB-0354,全国股转系统公司年报披露，2021–2022,www.neeq.com.cn,D,PAYWALL_OR_AUTH,https://www.neeq.com.cn/disclosure/2022/2022-08-19/1660895675_962813.pdf,HTTP 403,,公开可访问但再分发范围未完全确认，仅本机归档,
WEB-0355,4. 雀巢尼日利亚 2023 年报（股东权益 -780 亿奈拉）：雀巢尼日利亚/NGX 披露,www.nestle-cwa.com,D,METADATA_ONLY_LICENSE,https://www.nestle-cwa.com/,,保留元数据和原链接，不抓取或再分发正文。,许可未明确，默认仅保存元数据,
WEB-0356,2. 雀巢集团 2023 年报（尼日利亚分部汇兑损失与资不抵债披露）,www.nestle.com,D,METADATA_ONLY_LICENSE,https://www.nestle.com/,,保留元数据和原链接，不抓取或再分发正文。,许可未明确，默认仅保存元数据,
WEB-0360,2. 尼日利亚 CPI（2024-06 同比 34.2%）：尼日利亚国家统计局（NBS）,www.nigerianstat.gov.ng,A,METADATA_ONLY_LICENSE,https://www.nigerianstat.gov.ng/,,保留元数据和原链接，不抓取或再分发正文。,许可未明确，默认仅保存元数据,
WEB-0361,OSW/KSE，2025,www.osw.waw.pl,D,METADATA_ONLY_LICENSE,https://www.osw.waw.pl/en/publikacje/osw-commentary/2025-09-01/putins-elite-divides-spoils-russia-large-scale-nationalisation,,保留元数据和原链接，不抓取或再分发正文。,许可未明确，默认仅保存元数据,
WEB-0362,PIIE，2024,www.piie.com,D,METADATA_ONLY_LICENSE,https://www.piie.com/research/piie-charts/2024/egyptian-pound-devaluations-have-induced-recurring-crises-1952,,保留元数据和原链接，不抓取或再分发正文。,许可未明确，默认仅保存元数据,
WEB-0365,7. Reuters（经Politico转引），2013年12月31日——标普500全年+29.6%,www.politico.com,D,METADATA_ONLY_LICENSE,https://www.politico.com/tipsheets/playbook/2014/01/new-years-eve-reid-vs-paul-happy-new-year-and-obamacare-sayonara-2013-politico-presents-2013s-13-favorite-online-moments-no-more-white-house-petitions-no-lesson-the-clock-tick-tock-tick-tock-the-article-must-go-btv-gop-117247,,保留元数据和原链接，不抓取或再分发正文。,许可未明确，默认仅保存元数据,
WEB-0366,2. The American Presidency Project（加州大学圣巴巴拉分校），《White House Statement on Proclamation 2072》（1934年1月31日原文），,www.presidency.ucsb.edu,D,METADATA_ONLY_LICENSE,https://www.presidency.ucsb.edu/documents/white-house-statement-proclamation-2072,,保留元数据和原链接，不抓取或再分发正文。,许可未明确，默认仅保存元数据,
WEB-0367,PR Newswire，2025,www.prnewswire.com,D,METADATA_ONLY_LICENSE,https://www.prnewswire.com/news-releases/prestige-wealth-inc-signs-and-closes-approx-150-million-financing-for-aurelion-treasury-initiating-nasdaq-s-first-tether-gold-treasury-prestige-wealth-inc-nasdaq-aure-plans-to-be-renamed-to-aurelion-inc-subject-to-appro-302583388.html,,保留元数据和原链接，不抓取或再分发正文。,许可未明确，默认仅保存元数据,
WEB-0369,3. RAND《How Russia is using gold in wartime》（2025）,www.rand.org,D,PAYWALL_OR_AUTH,https://www.rand.org/,HTTP 403,,公开可访问但再分发范围未完全确认，仅本机归档,
WEB-0370,RAND，2025,www.rand.org,D,PAYWALL_OR_AUTH,https://www.rand.org/content/dam/rand/pubs/research_reports/RRA3200/RRA3230-1/RAND_RRA3230-1.summary.pdf,HTTP 403,,公开可访问但再分发范围未完全确认，仅本机归档,
WEB-0371,2. 日本不动产研究所《六大城市地价指数》历史数据（商业地价 -87%）,www.reinet.or.jp,D,METADATA_ONLY_LICENSE,https://www.reinet.or.jp/en/data/indices/land-price/urban-land-price-index,,保留元数据和原链接，不抓取或再分发正文。,许可未明确，默认仅保存元数据,
WEB-0372,1. 雷诺 2022 年报与 AvtoVAZ 出售（1 卢布）公告：雷诺集团官网/SEC 20-F,www.renaultgroup.com,D,METADATA_ONLY_LICENSE,https://www.renaultgroup.com/,,保留元数据和原链接，不抓取或再分发正文。,许可未明确，默认仅保存元数据,
WEB-0373,5. 2020 年以 9 吨黄金支付伊朗换汽油：Reuters 2020-05,Reuters,C,METADATA_ONLY_LICENSE,https://www.reuters.com/article/idUSKBN22Y0SR,,保留元数据和原链接，不抓取或再分发正文。,新闻/媒体版权，默认仅保存元数据,
WEB-0374,"6. 西方企业退出俄罗斯损失超 1,070 亿美元：Reuters 2024-03 统计",Reuters,C,METADATA_ONLY_LICENSE,https://www.reuters.com/business,,保留元数据和原链接，不抓取或再分发正文。,新闻/媒体版权，默认仅保存元数据,
WEB-0375,5. 阿联酋 ADQ 350 亿美元注资（2024-02）：Reuters/路透报道,Reuters,C,METADATA_ONLY_LICENSE,https://www.reuters.com/markets,,保留元数据和原链接，不抓取或再分发正文。,新闻/媒体版权，默认仅保存元数据,
WEB-0376,"3. 2024-10-26 以色列打击与金价 2,790 新高：Reuters 2024-10",Reuters,C,METADATA_ONLY_LICENSE,https://www.reuters.com/markets/commodities,,保留元数据和原链接，不抓取或再分发正文。,新闻/媒体版权，默认仅保存元数据,
WEB-0377,7. 2018-08-10 里拉单日 -14% 与新兴市场传染：Reuters/Bloomberg 2018 年 8 月报道,Reuters,C,METADATA_ONLY_LICENSE,https://www.reuters.com/markets/currencies,,保留元数据和原链接，不抓取或再分发正文。,新闻/媒体版权，默认仅保存元数据,
WEB-0378,2. CEO 卡普公开表述（金库地点、接受黄金付款意向）：Reuters/Bloomberg 2021-08 报道,Reuters,C,METADATA_ONLY_LICENSE,https://www.reuters.com/technology,,保留元数据和原链接，不抓取或再分发正文。,新闻/媒体版权，默认仅保存元数据,
WEB-0379,"1. 俄罗斯外储被冻结约 3,000 亿美元：Reuters/Reuters 2022-02-28 报道",Reuters,C,METADATA_ONLY_LICENSE,https://www.reuters.com/world/europe,,保留元数据和原链接，不抓取或再分发正文。,新闻/媒体版权，默认仅保存元数据,
WEB-0380,Reuters，2024,www.rt.com,D,METADATA_ONLY_LICENSE,https://www.rt.com/business/595044-firms-leaving-russia-losses,,保留元数据和原链接，不抓取或再分发正文。,许可未明确，默认仅保存元数据,
WEB-0381,中国证券业协会，2025,www.sac.net.cn,D,METADATA_ONLY_LICENSE,https://www.sac.net.cn/sjb/xxgk/hysj/jjsj/202512/t20251231_73981.html,,保留元数据和原链接，不抓取或再分发正文。,许可未明确，默认仅保存元数据,
WEB-0383,7. 上海高级金融学院（转文汇报，2015）：港股及全球市场1987年10月跌幅数据。,www.saif.sjtu.edu.cn,D,METADATA_ONLY_LICENSE,https://www.saif.sjtu.edu.cn/show-66-2563.html,,保留元数据和原链接，不抓取或再分发正文。,许可未明确，默认仅保存元数据,
WEB-0460,新浪财经，2025-10,www.sina.cn,C,METADATA_ONLY_LICENSE,https://www.sina.cn/news/detail/5218620311077476.html,,保留元数据和原链接，不抓取或再分发正文。,新闻/媒体版权，默认仅保存元数据,
WEB-0461,4. SlickCharts 据标普官方数据——标普 500 含股息年度总回报（2000：-9.10%；2001：-11.89%；2002：-22.10%）。,www.slickcharts.com,D,METADATA_ONLY_LICENSE,https://www.slickcharts.com/sp500/returns,,保留元数据和原链接，不抓取或再分发正文。,许可未明确，默认仅保存元数据,
WEB-0462,3 Smartbi：AIChat，,Smartbi,D,METADATA_ONLY_LICENSE,https://www.smartbi.com.cn/aichat,,保留元数据和原链接，不抓取或再分发正文。,许可未明确，默认仅保存元数据,
WEB-0463,4 Smartbi：V11 最新版本与能力说明，,Smartbi,D,METADATA_ONLY_LICENSE,https://www.smartbi.com.cn/newversion,,保留元数据和原链接，不抓取或再分发正文。,许可未明确，默认仅保存元数据,
WEB-0464,2 Smartbi：数据连接与准备，,Smartbi,D,METADATA_ONLY_LICENSE,https://www.smartbi.com.cn/prepare,,保留元数据和原链接，不抓取或再分发正文。,许可未明确，默认仅保存元数据,
WEB-0465,2. 法兴出售罗斯银行（1 欧元）与累计损失（约 31 亿欧元）：法兴 2022–2023 年报,www.societegenerale.com,D,METADATA_ONLY_LICENSE,https://www.societegenerale.com/,,保留元数据和原链接，不抓取或再分发正文。,许可未明确，默认仅保存元数据,
WEB-0466,搜狐财经引 Wind，2025-04,www.sohu.com,D,METADATA_ONLY_LICENSE,https://www.sohu.com/a/890104126_121976698,,保留元数据和原链接，不抓取或再分发正文。,许可未明确，默认仅保存元数据,
WEB-0467,搜狐·承兑逾期查询，2024,www.sohu.com,D,METADATA_ONLY_LICENSE,https://www.sohu.com/a/969711762_789488,,保留元数据和原链接，不抓取或再分发正文。,许可未明确，默认仅保存元数据,
WEB-0468,3. 标普 500 历史指数（1980–2000）：Yahoo Finance/S&P 历史数据,www.spglobal.com,D,METADATA_ONLY_LICENSE,https://www.spglobal.com/spdji/en,,保留元数据和原链接，不抓取或再分发正文。,许可未明确，默认仅保存元数据,
WEB-0470,2. 希腊统计局（ELSTAT）GDP/失业率历史数据,www.statistics.gr,D,METADATA_ONLY_LICENSE,https://www.statistics.gr/en/home,,保留元数据和原链接，不抓取或再分发正文。,许可未明确，默认仅保存元数据,
WEB-0473,8. 圣路易斯联储经济评论《The Tequila Effect: Mexico's 1994-95 Financial Crisis》（危机传染与跨国影响综述）,www.stlouisfed.org,D,METADATA_ONLY_LICENSE,https://www.stlouisfed.org/publications/regional-economist,,保留元数据和原链接，不抓取或再分发正文。,许可未明确，默认仅保存元数据,
WEB-0474,6. 苏伊士运河收入下降（红海危机）：苏伊士运河管理局（SCA）年度数据,www.suezcanal.gov.eg,A,METADATA_ONLY_LICENSE,https://www.suezcanal.gov.eg/,,保留元数据和原链接，不抓取或再分发正文。,许可未明确，默认仅保存元数据,
WEB-0475,英国最高法院 UKSC 2020/0195,www.supremecourt.uk,D,METADATA_ONLY_LICENSE,https://www.supremecourt.uk/cases/uksc-2020-0195,,保留元数据和原链接，不抓取或再分发正文。,许可未明确，默认仅保存元数据,
WEB-0476,3. 土耳其央行利率决策（2018 加息、2021 降息、2023–24 再加息）：土耳其央行（CBRT）,www.tcmb.gov.tr,A,METADATA_ONLY_LICENSE,https://www.tcmb.gov.tr/wps/wcm/connect/en/tcmb+en,,保留元数据和原链接，不抓取或再分发正文。,许可未明确，默认仅保存元数据,
WEB-0477,TheCable，2024,www.thecable.ng,D,METADATA_ONLY_LICENSE,https://www.thecable.ng/mtn-nigeria-recorded-n740bn-fx-losses-in-2023,,保留元数据和原链接，不抓取或再分发正文。,许可未明确，默认仅保存元数据,
WEB-0478,The National，2023,www.thenationalnews.com,D,METADATA_ONLY_LICENSE,https://www.thenationalnews.com/business/economy/2023/01/31/lebanon-to-devalue-the-pound-by-90-central-bank-governor-says,,保留元数据和原链接，不抓取或再分发正文。,许可未明确，默认仅保存元数据,
WEB-0479,"5. ""7 家企业 2024 财年汇兑损失 2.06 万亿奈拉""：THISDAY 2025-03 报道",www.thisdaylive.com,C,METADATA_ONLY_LICENSE,https://www.thisdaylive.com/,,保留元数据和原链接，不抓取或再分发正文。,新闻/媒体版权，默认仅保存元数据,
WEB-0480,THISDAY，2025,www.thisdaylive.com,C,METADATA_ONLY_LICENSE,https://www.thisdaylive.com/2025/03/10/naira-devaluation-mtn-nestle-dangote-cement-others-suffer-n2-06trn-fx-losses,,保留元数据和原链接，不抓取或再分发正文。,新闻/媒体版权，默认仅保存元数据,
WEB-0481,2. 土耳其 CPI（2018-10 峰值 25.2%、2022-10 峰值 85.5%）：土耳其统计局（TURKSTAT）,www.tuik.gov.tr,A,METADATA_ONLY_LICENSE,https://www.tuik.gov.tr/,,保留元数据和原链接，不抓取或再分发正文。,许可未明确，默认仅保存元数据,
WEB-0482,4. 苏丹黄金产量（非洲第三、约 50–70 吨/年）：美国地质调查局（USGS）矿物年鉴,www.usgs.gov,A,METADATA_ONLY_LICENSE,https://www.usgs.gov/centers/national-minerals-information-center,,保留元数据和原链接，不抓取或再分发正文。,许可未明确，默认仅保存元数据,
WEB-0483,5. U.S. Money Reserve，《How Does Silver Perform in a Recession?》，2024年（白银2008年2月末19.24美元→10月末9.09美元），,www.usmoneyreserve.com,D,METADATA_ONLY_LICENSE,https://www.usmoneyreserve.com/news/executive-insights/how-silver-performs-recession,,保留元数据和原链接，不抓取或再分发正文。,许可未明确，默认仅保存元数据,
WEB-0484,路透社 Factbox，2023,www.usnews.com,D,METADATA_ONLY_LICENSE,https://www.usnews.com/news/world/articles/2023-12-28/factbox-what-and-where-are-russias-300-billion-in-reserves-frozen-in-the-west,,保留元数据和原链接，不抓取或再分发正文。,许可未明确，默认仅保存元数据,
WEB-0485,www.whitehouse.gov 来源资料（WEB-0485）,www.whitehouse.gov,A,METADATA_ONLY_LICENSE,https://www.whitehouse.gov/presidential-actions/2025/04/regulating-imports-with-a-reciprocal-tariff-to-rectify-trade-practices-that-contribute-to-large-and-persistent-annual-united-states-goods-trade-deficits,,保留元数据和原链接，不抓取或再分发正文。,许可未明确，默认仅保存元数据,
WEB-0486,www.whitehouse.gov 来源资料（WEB-0486）,www.whitehouse.gov,A,METADATA_ONLY_LICENSE,https://www.whitehouse.gov/releases/2026/01/wide-acclaim-for-president-trumps-nomination-of-kevin-warsh-as-fed-chair,,保留元数据和原链接，不抓取或再分发正文。,许可未明确，默认仅保存元数据,
WEB-0487,www.whitehouse.gov 来源资料（WEB-0487）,www.whitehouse.gov,A,METADATA_ONLY_LICENSE,https://www.whitehouse.gov/releases/2026/04/peace-through-strength-operation-epic-fury-crushes-iranian-threat-as-ceasefire-takes-hold,,保留元数据和原链接，不抓取或再分发正文。,许可未明确，默认仅保存元数据,
WEB-0488,www.who.int 来源资料（WEB-0488）,www.who.int,D,METADATA_ONLY_LICENSE,https://www.who.int/director-general/speeches/detail/who-director-general-s-o,,保留元数据和原链接，不抓取或再分发正文。,许可未明确，默认仅保存元数据,
WEB-0489,www.who.int 来源资料（WEB-0489）,www.who.int,D,METADATA_ONLY_LICENSE,https://www.who.int/director-general/speeches/detail/who-director-general-s-opening-remarks-at-the-media-briefing-on-covid-19---11-march-2020,,保留元数据和原链接，不抓取或再分发正文。,许可未明确，默认仅保存元数据,
WEB-0490,www.who.int 来源资料（WEB-0490）,www.who.int,D,METADATA_ONLY_LICENSE,https://www.who.int/news-room/speeches/item/who-director-general-s-opening-remarks-at-the-media-briefing-on-covid-19---11-march-2020,,保留元数据和原链接，不抓取或再分发正文。,许可未明确，默认仅保存元数据,
WEB-0491,Wisconsin Project，2025,www.wisconsinproject.org,D,METADATA_ONLY_LICENSE,https://www.wisconsinproject.org/major-turkish-bank-prosecuted-in-unprecedented-iran-sanctions-evasion-case,,保留元数据和原链接，不抓取或再分发正文。,许可未明确，默认仅保存元数据,
WEB-0499,盈科律所贷后风控要点,www.yingkelvshi.net,D,METADATA_ONLY_LICENSE,https://www.yingkelvshi.net/show-m.asp?id=2947,,保留元数据和原链接，不抓取或再分发正文。,许可未明确，默认仅保存元数据,
WEB-0500,中国清算网典型案例，2021,www.yunqingsuan.com,D,METADATA_ONLY_LICENSE,https://www.yunqingsuan.com/html/yqs/news/63/87563.html,,保留元数据和原链接，不抓取或再分发正文。,许可未明确，默认仅保存元数据,
WEB-0501,Research Affiliates，2021,www.zhitongcaijing.com,D,METADATA_ONLY_LICENSE,https://www.zhitongcaijing.com/content/detail/491607.html,,保留元数据和原链接，不抓取或再分发正文。,许可未明确，默认仅保存元数据,
WEB-0502,北京日报，2025-02,xinwen.bjd.com.cn,D,METADATA_ONLY_LICENSE,https://xinwen.bjd.com.cn/content/s67a5ceb2e4b08edd28f4c180.html,,保留元数据和原链接，不抓取或再分发正文。,许可未明确，默认仅保存元数据,
WEB-0503,雪球研究，2025,xueqiu.com,D,METADATA_ONLY_LICENSE,https://xueqiu.com/1859186301/332846795,,保留元数据和原链接，不抓取或再分发正文。,新闻/媒体版权，默认仅保存元数据,
WEB-0504,金融监管总局数据，2026,xueqiu.com,D,METADATA_ONLY_LICENSE,https://xueqiu.com/3145432369/377457302,,保留元数据和原链接，不抓取或再分发正文。,新闻/媒体版权，默认仅保存元数据,
WEB-0505,监管指引整理,xueqiu.com,D,METADATA_ONLY_LICENSE,https://xueqiu.com/3410678413/223931252,,保留元数据和原链接，不抓取或再分发正文。,新闻/媒体版权，默认仅保存元数据,
WEB-0506,证券时报·数据宝，2021,xueqiu.com,D,METADATA_ONLY_LICENSE,https://xueqiu.com/6089013236/178955965,,保留元数据和原链接，不抓取或再分发正文。,新闻/媒体版权，默认仅保存元数据,
WEB-0507,xueshu.baidu.com 来源资料（WEB-0507）,xueshu.baidu.com,D,METADATA_ONLY_LICENSE,https://xueshu.baidu.com/ndscholar/browse/detail?paperid=a3f467ded7447d54b618d2c3335d37f3&site=xueshu_se,,保留元数据和原链接，不抓取或再分发正文。,许可未明确，默认仅保存元数据,
REF-0001,40国候选样本数据接口预审记录,题录发布者待核验,D,MANUAL_ACTION_REQUIRED,,无URL/DOI题录，未自动下载。,按题名、作者和年份检索权威原文；取得后登记URL、许可、文件哈希和证据等级。,许可与公开状态待定位原件后确认,
