page,file_name,file_size,width,height,ink_ratio,dark_ink_ratio,blank,edge_touch,edge_ink_pixels,margin_left,margin_top,margin_right,margin_bottom
1,page-001.png,67464,662,936,0.038733,0.035776,false,false,0,96,161,91,73
2,page-002.png,244925,662,936,0.119188,0.10482,false,false,0,74,111,69,40
3,page-003.png,150716,662,936,0.074002,0.066038,false,false,0,69,111,74,40
4,page-004.png,121480,662,936,0.056834,0.050929,false,false,0,74,37,70,40
5,page-005.png,139772,662,936,0.06693,0.059453,false,false,0,69,37,75,40
6,page-006.png,161073,662,936,0.076316,0.067932,false,false,0,74,37,70,40
7,page-007.png,155788,662,936,0.073768,0.064717,false,false,0,69,37,74,40
8,page-008.png,139278,662,936,0.067167,0.059484,false,false,0,74,111,70,40
9,page-009.png,107914,662,936,0.047577,0.042094,false,false,0,69,112,75,40
10,page-010.png,115304,662,936,0.052521,0.047552,false,false,0,74,37,70,40
11,page-011.png,126746,662,936,0.057729,0.051205,false,false,0,69,37,75,40
12,page-012.png,141665,662,936,0.063969,0.05665,false,false,0,74,37,70,40
13,page-013.png,113106,662,936,0.053127,0.048689,false,false,0,69,37,75,40
14,page-014.png,103504,662,936,0.046131,0.041581,false,false,0,74,37,70,40
15,page-015.png,97654,662,936,0.042248,0.036841,false,false,0,70,111,75,40
16,page-016.png,103135,662,936,0.045788,0.039583,false,false,0,74,37,70,40
17,page-017.png,46930,662,936,0.019928,0.017375,false,false,0,69,37,75,40
18,page-018.png,18582,662,936,0.01024,0.009594,false,false,0,104,331,100,40
19,page-019.png,199583,662,936,0.098229,0.086735,false,false,0,70,111,74,40
20,page-020.png,134449,662,936,0.068069,0.06063,false,false,0,74,37,69,39
21,page-021.png,183380,662,936,0.092432,0.082452,false,false,0,69,111,74,40
22,page-022.png,193503,662,936,0.09561,0.084833,false,false,0,74,37,70,39
23,page-023.png,157765,662,936,0.076292,0.067766,false,false,0,69,37,74,39
24,page-024.png,146229,662,936,0.073695,0.065437,false,false,0,74,37,70,39
25,page-025.png,162311,662,936,0.080141,0.071207,false,false,0,69,37,75,39
26,page-026.png,136321,662,936,0.067061,0.059622,false,false,0,74,37,70,39
27,page-027.png,141532,662,936,0.083424,0.076507,false,false,0,69,111,78,39
28,page-028.png,192300,662,936,0.121819,0.111384,false,false,0,74,37,70,40
29,page-029.png,136971,662,936,0.081277,0.073879,false,false,0,69,37,74,40
30,page-030.png,23558,662,936,0.013573,0.012756,false,false,0,75,111,71,39
31,page-031.png,193791,936,662,0.094719,0.081971,false,false,0,39,69,38,75
32,page-032.png,82871,662,936,0.041864,0.037167,false,false,0,74,111,70,39
33,page-033.png,160962,662,936,0.077333,0.068629,false,false,0,70,111,74,39
34,page-034.png,16493,662,936,0.008553,0.00804,false,false,0,145,331,142,39
35,page-035.png,37678,662,936,0.016742,0.015077,false,false,0,69,111,74,39
36,page-036.png,150483,936,662,0.073092,0.062111,false,false,0,38,74,38,70
37,page-037.png,153331,936,662,0.074405,0.063279,false,false,0,38,69,38,74
38,page-038.png,152708,936,662,0.07446,0.063313,false,false,0,39,74,38,70
39,page-039.png,153034,936,662,0.074472,0.063323,false,false,0,39,69,38,74
40,page-040.png,151967,936,662,0.073794,0.062663,false,false,0,38,74,38,70
41,page-041.png,152768,936,662,0.074284,0.06302,false,false,0,39,69,38,74
42,page-042.png,149167,936,662,0.072256,0.061359,false,false,0,38,74,38,70
43,page-043.png,133757,936,662,0.064387,0.054587,false,false,0,38,69,38,75
44,page-044.png,129498,936,662,0.061196,0.05185,false,false,0,38,74,38,70
45,page-045.png,127398,936,662,0.060392,0.051122,false,false,0,38,69,38,75
46,page-046.png,123854,936,662,0.058929,0.049973,false,false,0,38,74,38,70
47,page-047.png,120534,936,662,0.056835,0.048283,false,false,0,38,69,38,75
48,page-048.png,127815,936,662,0.060644,0.05134,false,false,0,38,74,38,70
49,page-049.png,130837,936,662,0.062495,0.052828,false,false,0,38,69,38,75
50,page-050.png,133409,936,662,0.063748,0.053985,false,false,0,38,74,38,70
51,page-051.png,128354,936,662,0.060886,0.05156,false,false,0,38,69,38,75
52,page-052.png,144567,936,662,0.069698,0.059019,false,false,0,38,74,38,70
53,page-053.png,157562,936,662,0.07624,0.064729,false,false,0,38,69,38,74
54,page-054.png,158711,936,662,0.0764,0.064809,false,false,0,38,74,38,70
55,page-055.png,151396,936,662,0.07326,0.062063,false,false,0,38,69,38,75
56,page-056.png,150706,936,662,0.07298,0.061959,false,false,0,38,74,38,70
57,page-057.png,154101,936,662,0.074598,0.063262,false,false,0,38,69,38,74
58,page-058.png,162429,936,662,0.078271,0.06642,false,false,0,39,74,38,70
59,page-059.png,158805,936,662,0.07703,0.065344,false,false,0,39,69,38,74
60,page-060.png,157044,936,662,0.075916,0.064296,false,false,0,38,74,38,70
61,page-061.png,156100,936,662,0.075484,0.063927,false,false,0,39,69,38,74
62,page-062.png,160539,936,662,0.077546,0.065684,false,false,0,38,74,38,70
63,page-063.png,154720,936,662,0.074817,0.063292,false,false,0,38,69,38,75
64,page-064.png,159745,936,662,0.077509,0.065652,false,false,0,38,74,38,70
65,page-065.png,152336,936,662,0.07436,0.063037,false,false,0,38,69,38,74
66,page-066.png,147802,936,662,0.070869,0.060141,false,false,0,38,74,38,70
67,page-067.png,158060,936,662,0.076587,0.064859,false,false,0,38,69,38,74
68,page-068.png,156649,936,662,0.075563,0.063977,false,false,0,38,74,38,70
69,page-069.png,151829,936,662,0.073513,0.062227,false,false,0,38,69,38,74
70,page-070.png,152480,936,662,0.0739,0.062468,false,false,0,38,74,38,70
71,page-071.png,156223,936,662,0.075634,0.06413,false,false,0,38,69,38,75
72,page-072.png,160369,936,662,0.077105,0.065352,false,false,0,38,74,38,70
73,page-073.png,150920,936,662,0.072348,0.061194,false,false,0,38,69,38,75
74,page-074.png,157745,936,662,0.076024,0.064632,false,false,0,38,74,38,70
75,page-075.png,152631,936,662,0.074141,0.062882,false,false,0,38,69,38,75
76,page-076.png,153635,936,662,0.074725,0.063341,false,false,0,38,74,38,70
77,page-077.png,155372,936,662,0.074888,0.063284,false,false,0,38,69,38,74
78,page-078.png,157174,936,662,0.075792,0.06422,false,false,0,38,74,38,70
79,page-079.png,151358,936,662,0.072798,0.061827,false,false,0,38,69,38,74
80,page-080.png,147871,936,662,0.071613,0.060881,false,false,0,38,74,38,70
81,page-081.png,156910,936,662,0.076076,0.064517,false,false,0,38,69,38,74
82,page-082.png,146804,936,662,0.070787,0.059842,false,false,0,38,74,38,70
83,page-083.png,155034,936,662,0.074944,0.063662,false,false,0,38,69,38,75
84,page-084.png,156399,936,662,0.075837,0.064435,false,false,0,38,74,38,70
85,page-085.png,158953,936,662,0.076836,0.065155,false,false,0,38,69,38,74
86,page-086.png,160948,936,662,0.077291,0.065531,false,false,0,38,74,38,70
87,page-087.png,161923,936,662,0.078106,0.066307,false,false,0,38,69,38,74
88,page-088.png,144762,936,662,0.068873,0.058314,false,false,0,38,74,38,70
89,page-089.png,141932,936,662,0.067656,0.057269,false,false,0,38,69,38,75
90,page-090.png,142385,936,662,0.067666,0.057289,false,false,0,38,74,38,70
91,page-091.png,142281,936,662,0.067727,0.057329,false,false,0,38,69,38,75
92,page-092.png,142362,936,662,0.067713,0.057313,false,false,0,38,74,38,70
93,page-093.png,144710,936,662,0.069043,0.058441,false,false,0,38,69,38,74
94,page-094.png,153804,936,662,0.073763,0.062481,false,false,0,38,74,38,70
95,page-095.png,159968,936,662,0.077496,0.065681,false,false,0,38,69,38,74
96,page-096.png,149247,936,662,0.072199,0.061085,false,false,0,38,74,38,70
97,page-097.png,155015,936,662,0.075106,0.063652,false,false,0,38,69,38,74
98,page-098.png,92202,936,662,0.045299,0.038817,false,false,0,38,74,38,70
99,page-099.png,34983,662,936,0.01639,0.014885,false,false,0,70,111,75,39
100,page-100.png,145126,936,662,0.072938,0.062105,false,false,0,38,74,38,70
101,page-101.png,143332,936,662,0.070695,0.060437,false,false,0,38,69,38,75
102,page-102.png,131804,936,662,0.064498,0.055034,false,false,0,38,74,38,70
103,page-103.png,133829,936,662,0.066614,0.05673,false,false,0,38,69,38,75
104,page-104.png,142922,936,662,0.071352,0.060868,false,false,0,38,74,38,70
105,page-105.png,124050,936,662,0.061616,0.052378,false,false,0,38,69,38,75
106,page-106.png,130390,936,662,0.063778,0.054497,false,false,0,38,74,38,70
107,page-107.png,137210,936,662,0.066793,0.056856,false,false,0,38,69,38,75
108,page-108.png,133328,936,662,0.065876,0.056093,false,false,0,38,74,38,70
109,page-109.png,133788,936,662,0.065962,0.056175,false,false,0,38,69,38,75
110,page-110.png,133559,936,662,0.065938,0.056222,false,false,0,38,74,38,70
111,page-111.png,135184,936,662,0.066264,0.056422,false,false,0,38,69,38,75
112,page-112.png,92803,936,662,0.048369,0.041812,false,false,0,38,74,38,70
113,page-113.png,28059,662,936,0.012729,0.011494,false,false,0,70,111,75,39
114,page-114.png,141823,936,662,0.075655,0.064006,false,false,0,38,74,38,70
115,page-115.png,139329,936,662,0.07477,0.064191,false,false,0,38,69,38,75
116,page-116.png,116972,936,662,0.06445,0.054264,false,false,0,38,74,38,70
117,page-117.png,28527,662,936,0.013786,0.012393,false,false,0,69,111,76,39
118,page-118.png,110792,936,662,0.057189,0.047949,false,false,0,38,74,38,70
119,page-119.png,124189,936,662,0.064098,0.053997,false,false,0,38,69,38,75
120,page-120.png,123043,936,662,0.063367,0.05388,false,false,0,38,74,38,70
121,page-121.png,122330,936,662,0.063259,0.053677,false,false,0,38,69,38,75
122,page-122.png,122192,936,662,0.063207,0.053538,false,false,0,38,74,38,70
123,page-123.png,124339,936,662,0.063585,0.053817,false,false,0,38,69,38,75
124,page-124.png,123196,936,662,0.06316,0.053541,false,false,0,38,74,38,70
125,page-125.png,126148,936,662,0.064711,0.054674,false,false,0,38,69,38,75
126,page-126.png,112794,936,662,0.058312,0.049245,false,false,0,38,74,38,70
127,page-127.png,102730,936,662,0.054068,0.045777,false,false,0,38,69,38,75
128,page-128.png,112024,936,662,0.059301,0.049986,false,false,0,39,74,38,70
129,page-129.png,105731,936,662,0.054176,0.045861,false,false,0,39,69,38,75
130,page-130.png,60871,936,662,0.0327,0.028173,false,false,0,38,74,38,70
131,page-131.png,15009,662,936,0.007309,0.006844,false,false,0,192,331,200,40
132,page-132.png,148842,662,936,0.074113,0.066188,false,false,0,74,111,70,39
133,page-133.png,134788,662,936,0.066493,0.059513,false,false,0,69,37,75,39
134,page-134.png,167782,662,936,0.081952,0.073374,false,false,0,74,37,70,39
135,page-135.png,174376,662,936,0.085935,0.076579,false,false,0,69,37,75,39
136,page-136.png,178559,662,936,0.088506,0.07889,false,false,0,74,37,70,39
137,page-137.png,155777,662,936,0.075584,0.067366,false,false,0,69,37,75,39
138,page-138.png,184776,662,936,0.090886,0.080803,false,false,0,74,37,70,40
139,page-139.png,163118,662,936,0.080691,0.071494,false,false,0,69,37,75,40
140,page-140.png,16285,662,936,0.008292,0.007937,false,false,0,169,331,166,39
141,page-141.png,119126,662,936,0.05465,0.048537,false,false,0,70,111,88,40
142,page-142.png,132202,662,936,0.061851,0.054684,false,false,0,74,37,70,39
143,page-143.png,14957,662,936,0.00759,0.007065,false,false,0,70,111,76,39
144,page-144.png,109411,936,662,0.04971,0.043881,false,false,0,38,74,38,70
145,page-145.png,100350,936,662,0.045495,0.040324,false,false,0,38,69,38,75
146,page-146.png,51484,936,662,0.023888,0.021421,false,false,0,38,74,38,70
147,page-147.png,30808,662,936,0.014722,0.013056,false,false,0,69,37,75,39
148,page-148.png,95745,662,936,0.044181,0.039514,false,false,0,75,111,71,39
149,page-149.png,109722,662,936,0.051731,0.045488,false,false,0,69,37,75,39
150,page-150.png,15143,662,936,0.007605,0.007141,false,false,0,169,331,166,39
151,page-151.png,148129,662,936,0.074501,0.066285,false,false,0,70,111,74,39
152,page-152.png,157758,662,936,0.075041,0.06656,false,false,0,74,37,70,39
153,page-153.png,39642,662,936,0.017059,0.015064,false,false,0,69,37,75,39
154,page-154.png,145137,662,936,0.071258,0.063631,false,false,0,74,111,70,39
155,page-155.png,155280,936,662,0.073747,0.06501,false,false,0,38,69,38,75
156,page-156.png,65579,936,662,0.032213,0.028961,false,false,0,38,74,38,70
157,page-157.png,169036,662,936,0.079499,0.070169,false,false,0,69,37,74,39
158,page-158.png,199706,662,936,0.097666,0.086729,false,false,0,74,37,70,40
159,page-159.png,35107,662,936,0.015491,0.013698,false,false,0,69,37,75,40
160,page-160.png,142810,662,936,0.071005,0.06352,false,false,0,74,111,70,39
161,page-161.png,148951,662,936,0.071425,0.063525,false,false,0,69,37,75,40
162,page-162.png,50071,662,936,0.022387,0.019839,false,false,0,74,37,70,39
163,page-163.png,173777,662,936,0.083829,0.074372,false,false,0,70,111,74,39
164,page-164.png,154175,662,936,0.07204,0.064164,false,false,0,74,37,70,39
165,page-165.png,209476,662,936,0.101313,0.089576,false,false,0,69,37,73,39
166,page-166.png,171457,662,936,0.081403,0.071634,false,false,0,74,37,70,39
167,page-167.png,13855,662,936,0.006807,0.00633,false,false,0,180,331,186,39
168,page-168.png,205471,662,936,0.121333,0.109376,false,false,0,74,111,70,39
169,page-169.png,155405,662,936,0.093283,0.084534,false,false,0,69,37,74,39
170,page-170.png,226126,662,936,0.12414,0.111169,false,false,0,74,37,69,39
171,page-171.png,144903,662,936,0.065224,0.056624,false,false,0,69,37,75,39
172,page-172.png,49406,662,936,0.02199,0.019433,false,false,0,74,37,70,39
173,page-173.png,151880,662,936,0.091391,0.082857,false,false,0,69,37,74,39
174,page-174.png,181325,662,936,0.106047,0.095844,false,false,0,74,111,70,39
175,page-175.png,55380,662,936,0.02487,0.021961,false,false,0,69,37,75,39
176,page-176.png,164422,662,936,0.09379,0.084854,false,false,0,74,37,69,39
177,page-177.png,228558,662,936,0.158268,0.145268,false,false,0,69,37,74,39
178,page-178.png,133447,662,936,0.064036,0.056784,false,false,0,74,37,70,39
179,page-179.png,159756,662,936,0.09259,0.083703,false,false,0,69,37,74,39
180,page-180.png,242623,662,936,0.178449,0.164656,false,false,0,74,37,70,39
181,page-181.png,80840,662,936,0.038586,0.033875,false,false,0,69,37,75,39
182,page-182.png,219460,662,936,0.122203,0.109701,false,false,0,74,37,69,39
183,page-183.png,50902,662,936,0.022757,0.020068,false,false,0,69,37,75,39
184,page-184.png,172420,662,936,0.100369,0.090241,false,false,0,74,111,70,39
185,page-185.png,36872,662,936,0.016179,0.014305,false,false,0,69,37,74,39
186,page-186.png,165874,662,936,0.09556,0.086212,false,false,0,74,37,69,39
187,page-187.png,146636,662,936,0.084923,0.076679,false,false,0,69,37,75,39
188,page-188.png,211418,662,936,0.115835,0.104501,false,false,0,74,37,70,39
189,page-189.png,69339,662,936,0.031514,0.027691,false,false,0,69,37,75,39
190,page-190.png,180950,662,936,0.104096,0.094232,false,false,0,74,111,69,39
191,page-191.png,87309,662,936,0.039509,0.034976,false,false,0,69,37,75,39
192,page-192.png,202018,662,936,0.12766,0.116734,false,false,0,74,37,70,39
193,page-193.png,62054,662,936,0.028549,0.025165,false,false,0,69,37,75,39
194,page-194.png,204353,662,936,0.115817,0.104494,false,false,0,74,37,70,39
195,page-195.png,142300,662,936,0.067731,0.060483,false,false,0,70,111,103,39
196,page-196.png,167762,662,936,0.080394,0.071154,false,false,0,74,37,70,39
197,page-197.png,88400,662,936,0.041073,0.036556,false,false,0,69,37,74,39
198,page-198.png,15862,662,936,0.008319,0.007827,false,false,0,155,331,151,39
199,page-199.png,112495,662,936,0.054202,0.048179,false,false,0,70,111,74,39
200,page-200.png,112104,662,936,0.051322,0.045621,false,false,0,75,111,94,39
201,page-201.png,134615,662,936,0.060192,0.053044,false,false,0,69,37,75,39
202,page-202.png,32237,662,936,0.015227,0.013615,false,false,0,74,37,70,39
203,page-203.png,15076,662,936,0.007743,0.007295,false,false,0,70,111,126,39
204,page-204.png,98383,936,662,0.044318,0.039541,false,false,0,38,74,38,70
205,page-205.png,96005,936,662,0.043271,0.038481,false,false,0,38,69,38,75
206,page-206.png,87157,936,662,0.039164,0.034932,false,false,0,38,74,38,70
207,page-207.png,36062,662,936,0.016875,0.015177,false,false,0,69,37,75,39
208,page-208.png,110177,662,936,0.050375,0.044878,false,false,0,75,111,71,39
209,page-209.png,106631,662,936,0.049629,0.044073,false,false,0,69,37,75,39
210,page-210.png,14981,662,936,0.007111,0.006668,false,false,0,75,111,71,39
211,page-211.png,96411,936,662,0.043473,0.038597,false,false,0,38,69,38,75
212,page-212.png,114266,936,662,0.051466,0.045745,false,false,0,38,74,38,70
213,page-213.png,94896,936,662,0.042157,0.03748,false,false,0,38,69,38,75
214,page-214.png,94683,936,662,0.042545,0.037747,false,false,0,38,74,38,70
215,page-215.png,23463,936,662,0.012964,0.012052,false,false,0,38,69,38,75
216,page-216.png,39792,662,936,0.018771,0.016825,false,false,0,74,37,70,39
217,page-217.png,113249,662,936,0.051247,0.045317,false,false,0,70,111,99,39
218,page-218.png,116039,662,936,0.054542,0.048332,false,false,0,74,37,70,39
219,page-219.png,118305,662,936,0.053625,0.047661,false,false,0,70,111,99,39
220,page-220.png,133169,662,936,0.059305,0.052559,false,false,0,74,37,70,39
221,page-221.png,45857,662,936,0.022344,0.019865,false,false,0,69,37,75,39
222,page-222.png,14860,662,936,0.007414,0.006867,false,false,0,75,111,71,39
223,page-223.png,104382,936,662,0.048313,0.043024,false,false,0,38,69,38,75
224,page-224.png,111845,936,662,0.051029,0.045293,false,false,0,38,74,38,70
225,page-225.png,96716,936,662,0.043284,0.038583,false,false,0,38,69,38,75
226,page-226.png,97985,936,662,0.045312,0.04023,false,false,0,38,74,38,70
227,page-227.png,43987,662,936,0.021666,0.01919,false,false,0,69,37,75,39
228,page-228.png,15004,662,936,0.007717,0.007232,false,false,0,75,111,71,40
229,page-229.png,97596,936,662,0.043332,0.038431,false,false,0,39,69,38,75
230,page-230.png,108100,936,662,0.048866,0.043106,false,false,0,38,74,38,70
231,page-231.png,70842,936,662,0.03255,0.029017,false,false,0,39,69,38,75
232,page-232.png,40934,662,936,0.020018,0.017949,false,false,0,74,37,70,39
233,page-233.png,16047,662,936,0.007964,0.007467,false,false,0,104,331,110,39
234,page-234.png,41455,662,936,0.020683,0.01858,false,false,0,74,111,71,39
235,page-235.png,120194,936,662,0.057767,0.051529,false,false,0,38,69,38,75
236,page-236.png,39036,662,936,0.017109,0.015186,false,false,0,74,37,70,39
237,page-237.png,37181,662,936,0.019008,0.017117,false,false,0,69,111,75,39
238,page-238.png,113368,936,662,0.053945,0.047782,false,false,0,39,74,38,70
239,page-239.png,45238,662,936,0.022949,0.020661,false,false,0,70,111,75,40
240,page-240.png,116735,936,662,0.056408,0.050177,false,false,0,38,74,38,70
241,page-241.png,46098,662,936,0.023115,0.021064,false,false,0,70,111,74,40
242,page-242.png,112158,936,662,0.052547,0.046608,false,false,0,38,74,38,70
243,page-243.png,41563,662,936,0.020401,0.018306,false,false,0,70,111,75,39
244,page-244.png,111305,936,662,0.053054,0.047031,false,false,0,38,74,38,70
245,page-245.png,53198,662,936,0.026036,0.02334,false,false,0,70,111,75,39
246,page-246.png,133203,936,662,0.063807,0.056245,false,false,0,38,74,38,70
247,page-247.png,36859,936,662,0.018288,0.016552,false,false,0,38,69,38,75
248,page-248.png,41906,662,936,0.01971,0.017528,false,false,0,74,37,70,39
249,page-249.png,118476,662,936,0.055683,0.049153,false,false,0,70,111,87,39
250,page-250.png,53498,662,936,0.024327,0.021532,false,false,0,74,37,70,39
251,page-251.png,15282,662,936,0.007224,0.006652,false,false,0,192,331,197,39
252,page-252.png,15854,662,936,0.007335,0.006901,false,false,0,75,111,204,39
253,page-253.png,105389,936,662,0.048603,0.042877,false,false,0,38,69,38,75
254,page-254.png,114078,936,662,0.053057,0.046587,false,false,0,38,74,38,70
255,page-255.png,107453,936,662,0.048737,0.043055,false,false,0,38,69,38,75
256,page-256.png,66410,936,662,0.031517,0.028162,false,false,0,38,74,38,70
257,page-257.png,39902,662,936,0.017672,0.015617,false,false,0,69,37,74,39
258,page-258.png,168007,662,936,0.080927,0.071559,false,false,0,74,111,70,40
259,page-259.png,141267,662,936,0.071055,0.06312,false,false,0,69,37,75,40
260,page-260.png,128832,662,936,0.060023,0.05287,false,false,0,74,37,70,39
261,page-261.png,143473,662,936,0.069648,0.061808,false,false,0,69,111,74,40
262,page-262.png,77087,662,936,0.034663,0.030584,false,false,0,74,37,70,39
263,page-263.png,13511,662,936,0.006752,0.00638,false,false,0,70,111,128,39
264,page-264.png,139567,936,662,0.065147,0.057247,false,false,0,38,74,38,70
265,page-265.png,131774,936,662,0.06046,0.053106,false,false,0,38,69,38,75
266,page-266.png,29622,936,662,0.015164,0.013881,false,false,0,38,74,38,70
267,page-267.png,47089,662,936,0.021447,0.018881,false,false,0,69,37,74,39
268,page-268.png,110265,662,936,0.053006,0.047386,false,false,0,74,111,70,39
269,page-269.png,143541,662,936,0.063735,0.056627,false,false,0,69,37,75,39
270,page-270.png,107608,662,936,0.050388,0.044757,false,false,0,75,111,79,39
271,page-271.png,16197,662,936,0.00785,0.007362,false,false,0,164,331,171,39
272,page-272.png,105213,662,936,0.048154,0.04257,false,false,0,74,111,70,39
273,page-273.png,114774,662,936,0.052807,0.046486,false,false,0,69,37,75,39
274,page-274.png,144637,662,936,0.069888,0.062008,false,false,0,74,111,70,39
275,page-275.png,24273,662,936,0.011579,0.010356,false,false,0,69,37,75,39
276,page-276.png,152883,662,936,0.072703,0.06388,false,false,0,75,111,89,39
277,page-277.png,97683,662,936,0.044501,0.039151,false,false,0,69,37,75,39
278,page-278.png,132774,662,936,0.061693,0.054547,false,false,0,76,111,91,39
279,page-279.png,41936,662,936,0.018892,0.01667,false,false,0,69,37,75,39
280,page-280.png,95475,662,936,0.045006,0.040025,false,false,0,76,111,85,39
281,page-281.png,97496,662,936,0.045022,0.039924,false,false,0,70,111,75,39
282,page-282.png,152146,662,936,0.069136,0.061052,false,false,0,76,111,80,39
283,page-283.png,106852,662,936,0.047151,0.041368,false,false,0,69,37,75,39
284,page-284.png,162789,662,936,0.075926,0.066144,false,false,0,75,111,70,39
285,page-285.png,171922,662,936,0.088147,0.076357,false,false,0,69,37,75,39
286,page-286.png,132042,662,936,0.063094,0.055113,false,false,0,74,37,70,39
287,page-287.png,54049,662,936,0.026864,0.02421,false,false,0,116,212,121,87
