parent_asset_id,resource_id,source_file,source_extension,source_size_bytes,source_sha256,object_type,object_name,row_count,column_count,output_path,extraction_state,failure_reason
WEB-0351,WEB-0351-R01,01_新增原件/WEB-0351/WEB-0351-R01_BCDC_spreadsheet_for_website.xlsx,.xlsx,20817,48cd8ba790b500211d3060bd92263f206ee6c4544840ec02310d93424faebeed,xlsx_sheet,NBER Chronology,44,13,03_提取表格/WEB-0351/WEB-0351-R01/NBER_Chronology.csv,EXTRACTED,
WEB-0364,WEB-0364-R01,01_新增原件/WEB-0364/WEB-0364-R01_China_Mainland_Paper_EPU.xlsx,.xlsx,48791,214038d480d88ac7c6f899a407ac69c958c582aa21a5aa21c480a9548b74b4b5,xlsx_sheet,EPU 1949-1978,352,6,03_提取表格/WEB-0364/WEB-0364-R01/EPU_1949-1978.csv,EXTRACTED,
WEB-0364,WEB-0364-R01,01_新增原件/WEB-0364/WEB-0364-R01_China_Mainland_Paper_EPU.xlsx,.xlsx,48791,214038d480d88ac7c6f899a407ac69c958c582aa21a5aa21c480a9548b74b4b5,xlsx_sheet,EPU 1979-1999,253,6,03_提取表格/WEB-0364/WEB-0364-R01/EPU_1979-1999.csv,EXTRACTED,
WEB-0364,WEB-0364-R01,01_新增原件/WEB-0364/WEB-0364-R01_China_Mainland_Paper_EPU.xlsx,.xlsx,48791,214038d480d88ac7c6f899a407ac69c958c582aa21a5aa21c480a9548b74b4b5,xlsx_sheet,EPU 2000 onwards,320,6,03_提取表格/WEB-0364/WEB-0364-R01/EPU_2000_onwards.csv,EXTRACTED,
WEB-0364,WEB-0364-R01,01_新增原件/WEB-0364/WEB-0364-R01_China_Mainland_Paper_EPU.xlsx,.xlsx,48791,214038d480d88ac7c6f899a407ac69c958c582aa21a5aa21c480a9548b74b4b5,xlsx_sheet,TPU 2000 onwards,320,6,03_提取表格/WEB-0364/WEB-0364-R01/TPU_2000_onwards.csv,EXTRACTED,
WEB-0042,WEB-0042-R01,01_新增原件/WEB-0042/WEB-0042-R01_FP.CPI.TOTL.ZG.zip,.zip,113780,13819d0f23614105b04d2d57ae46f76dd895acbe1e10a66333c7e51ba18c6c1d,zip_archive,3 entries,3,,01_新增原件/WEB-0042/expanded/WEB-0042-R01,EXPANDED,
WEB-0042,WEB-0042-R01-E001,01_新增原件/WEB-0042/expanded/WEB-0042-R01/API_FP.CPI.TOTL.ZG_DS2_en_csv_v2_285.csv,.csv,258144,d471d84cc4a1f3a79d46742b79fb23ebced68c1c7efa03aed9392f40292b495c,csv,API_FP.CPI.TOTL.ZG_DS2_en_csv_v2_285.csv,267,3,01_新增原件/WEB-0042/expanded/WEB-0042-R01/API_FP.CPI.TOTL.ZG_DS2_en_csv_v2_285.csv,INSPECTED,
WEB-0042,WEB-0042-R01-E002,01_新增原件/WEB-0042/expanded/WEB-0042-R01/Metadata_Country_API_FP.CPI.TOTL.ZG_DS2_en_csv_v2_285.csv,.csv,64527,5bdd328c25cfbe64901926f79d7178f1a83f19169a2f0b1789737d2e2ea4dd79,csv,Metadata_Country_API_FP.CPI.TOTL.ZG_DS2_en_csv_v2_285.csv,277,6,01_新增原件/WEB-0042/expanded/WEB-0042-R01/Metadata_Country_API_FP.CPI.TOTL.ZG_DS2_en_csv_v2_285.csv,INSPECTED,
WEB-0042,WEB-0042-R01-E003,01_新增原件/WEB-0042/expanded/WEB-0042-R01/Metadata_Indicator_API_FP.CPI.TOTL.ZG_DS2_en_csv_v2_285.csv,.csv,454,2d733136836708adb9cbdd979053eeb6d341fb9e097adf5729240e54c1257b93,csv,Metadata_Indicator_API_FP.CPI.TOTL.ZG_DS2_en_csv_v2_285.csv,1,5,01_新增原件/WEB-0042/expanded/WEB-0042-R01/Metadata_Indicator_API_FP.CPI.TOTL.ZG_DS2_en_csv_v2_285.csv,INSPECTED,
WEB-0043,WEB-0043-R01,01_新增原件/WEB-0043/WEB-0043-R01_PA.NUS.FCRF.zip,.zip,68062,f98ea813ed7cb010739cbc8d168a2aca028e53c248674c65582e1af9949a16f6,zip_archive,3 entries,3,,01_新增原件/WEB-0043/expanded/WEB-0043-R01,EXPANDED,
WEB-0043,WEB-0043-R01-E001,01_新增原件/WEB-0043/expanded/WEB-0043-R01/API_PA.NUS.FCRF_DS2_en_csv_v2_32.csv,.csv,239484,ae7ba56e9e4ed814f4525ab187a0de69a0be67b0c85491da15d3f5a0b5ddf787,csv,API_PA.NUS.FCRF_DS2_en_csv_v2_32.csv,267,3,01_新增原件/WEB-0043/expanded/WEB-0043-R01/API_PA.NUS.FCRF_DS2_en_csv_v2_32.csv,INSPECTED,
WEB-0043,WEB-0043-R01-E002,01_新增原件/WEB-0043/expanded/WEB-0043-R01/Metadata_Country_API_PA.NUS.FCRF_DS2_en_csv_v2_32.csv,.csv,64527,5bdd328c25cfbe64901926f79d7178f1a83f19169a2f0b1789737d2e2ea4dd79,csv,Metadata_Country_API_PA.NUS.FCRF_DS2_en_csv_v2_32.csv,277,6,01_新增原件/WEB-0043/expanded/WEB-0043-R01/Metadata_Country_API_PA.NUS.FCRF_DS2_en_csv_v2_32.csv,INSPECTED,
WEB-0043,WEB-0043-R01-E003,01_新增原件/WEB-0043/expanded/WEB-0043-R01/Metadata_Indicator_API_PA.NUS.FCRF_DS2_en_csv_v2_32.csv,.csv,545,f381f8a8bc37558911a14f2f8844260a433670ee608625c98f8dca8d5902918f,csv,Metadata_Indicator_API_PA.NUS.FCRF_DS2_en_csv_v2_32.csv,1,5,01_新增原件/WEB-0043/expanded/WEB-0043-R01/Metadata_Indicator_API_PA.NUS.FCRF_DS2_en_csv_v2_32.csv,INSPECTED,
WEB-0040,WEB-0040-R01,01_新增原件/WEB-0040/WEB-0040-R01_WEOApr2026all.xlsx,.xlsx,5585205,b29239cb48f8b895d1e526070c4fde01147bc8f6bd3b86f636363bb6bd87fe7a,xlsx_sheet,April 2026 WEO,19,10,03_提取表格/WEB-0040/WEB-0040-R01/April_2026_WEO.csv,EXTRACTED,
WEB-0040,WEB-0040-R01,01_新增原件/WEB-0040/WEB-0040-R01_WEOApr2026all.xlsx,.xlsx,5585205,b29239cb48f8b895d1e526070c4fde01147bc8f6bd3b86f636363bb6bd87fe7a,xlsx_sheet,Countries,8669,81,03_提取表格/WEB-0040/WEB-0040-R01/Countries.csv,EXTRACTED,
WEB-0040,WEB-0040-R01,01_新增原件/WEB-0040/WEB-0040-R01_WEOApr2026all.xlsx,.xlsx,5585205,b29239cb48f8b895d1e526070c4fde01147bc8f6bd3b86f636363bb6bd87fe7a,xlsx_sheet,Country Groups,765,81,03_提取表格/WEB-0040/WEB-0040-R01/Country_Groups.csv,EXTRACTED,
WEB-0040,WEB-0040-R01,01_新增原件/WEB-0040/WEB-0040-R01_WEOApr2026all.xlsx,.xlsx,5585205,b29239cb48f8b895d1e526070c4fde01147bc8f6bd3b86f636363bb6bd87fe7a,xlsx_sheet,Commodity Prices,76,81,03_提取表格/WEB-0040/WEB-0040-R01/Commodity_Prices.csv,EXTRACTED,
WEB-0040,WEB-0040-R01,01_新增原件/WEB-0040/WEB-0040-R01_WEOApr2026all.xlsx,.xlsx,5585205,b29239cb48f8b895d1e526070c4fde01147bc8f6bd3b86f636363bb6bd87fe7a,xlsx_sheet,Country Group Composition,627,6,03_提取表格/WEB-0040/WEB-0040-R01/Country_Group_Composition.csv,EXTRACTED,
WEB-0040,WEB-0040-R02,01_新增原件/WEB-0040/WEB-0040-R02_WEOhistorical.xlsx,.xlsx,10863437,2625e52e1975104e50a4ff2636af946289051f8787de7032919e90b1a3aeff9f,xlsx_sheet,Info,2,2,03_提取表格/WEB-0040/WEB-0040-R02/Info.csv,EXTRACTED,
WEB-0040,WEB-0040-R02,01_新增原件/WEB-0040/WEB-0040-R02_WEOhistorical.xlsx,.xlsx,10863437,2625e52e1975104e50a4ff2636af946289051f8787de7032919e90b1a3aeff9f,xlsx_sheet,ngdp_rpch,8853,77,03_提取表格/WEB-0040/WEB-0040-R02/ngdp_rpch.csv,EXTRACTED,
WEB-0040,WEB-0040-R02,01_新增原件/WEB-0040/WEB-0040-R02_WEOhistorical.xlsx,.xlsx,10863437,2625e52e1975104e50a4ff2636af946289051f8787de7032919e90b1a3aeff9f,xlsx_sheet,pcpi_pch,8853,77,03_提取表格/WEB-0040/WEB-0040-R02/pcpi_pch.csv,EXTRACTED,
WEB-0040,WEB-0040-R02,01_新增原件/WEB-0040/WEB-0040-R02_WEOhistorical.xlsx,.xlsx,10863437,2625e52e1975104e50a4ff2636af946289051f8787de7032919e90b1a3aeff9f,xlsx_sheet,bca_gdp_bp6,8853,77,03_提取表格/WEB-0040/WEB-0040-R02/bca_gdp_bp6.csv,EXTRACTED,
WEB-0048,WEB-0048-R01,01_新增原件/WEB-0048/WEB-0048-R01_GemDataEXTR.zip,.zip,10568953,1671a76cc63f362f61bc5de27ef1d24f478dc8afcc2b834088bae097ea320982,zip_archive,35 entries,35,,01_新增原件/WEB-0048/expanded/WEB-0048-R01,EXPANDED,
WEB-0048,WEB-0048-R01-E001,"01_新增原件/WEB-0048/expanded/WEB-0048-R01/Core CPI, not seas. adj..xlsx",.xlsx,277879,c2a204501d48c4d2e0dacd63267fd1afbaf6c045b08dfe12bed1654dda2fa283,xlsx_sheet,annual,32,95,03_提取表格/WEB-0048/WEB-0048-R01-E001/annual.csv,EXTRACTED,
WEB-0048,WEB-0048-R01-E001,"01_新增原件/WEB-0048/expanded/WEB-0048-R01/Core CPI, not seas. adj..xlsx",.xlsx,277879,c2a204501d48c4d2e0dacd63267fd1afbaf6c045b08dfe12bed1654dda2fa283,xlsx_sheet,monthly,362,95,03_提取表格/WEB-0048/WEB-0048-R01-E001/monthly.csv,EXTRACTED,
WEB-0048,WEB-0048-R01-E002,"01_新增原件/WEB-0048/expanded/WEB-0048-R01/Core CPI, seas. adj..xlsx",.xlsx,258976,6b86c4da2503e5070bd1e3c82739268ad71523d45792b4354a874bcce24e9ab7,xlsx_sheet,annual,32,87,03_提取表格/WEB-0048/WEB-0048-R01-E002/annual.csv,EXTRACTED,
WEB-0048,WEB-0048-R01-E002,"01_新增原件/WEB-0048/expanded/WEB-0048-R01/Core CPI, seas. adj..xlsx",.xlsx,258976,6b86c4da2503e5070bd1e3c82739268ad71523d45792b4354a874bcce24e9ab7,xlsx_sheet,monthly,362,87,03_提取表格/WEB-0048/WEB-0048-R01-E002/monthly.csv,EXTRACTED,
WEB-0048,WEB-0048-R01-E003,"01_新增原件/WEB-0048/expanded/WEB-0048-R01/CPI Price, % y-o-y, median weighted, seas. adj..xlsx",.xlsx,52788,1303d7e339f229c224250f8d599249d592762385446c7ddcc79f691605b2911a,xlsx_sheet,annual,32,13,03_提取表格/WEB-0048/WEB-0048-R01-E003/annual.csv,EXTRACTED,
WEB-0048,WEB-0048-R01-E003,"01_新增原件/WEB-0048/expanded/WEB-0048-R01/CPI Price, % y-o-y, median weighted, seas. adj..xlsx",.xlsx,52788,1303d7e339f229c224250f8d599249d592762385446c7ddcc79f691605b2911a,xlsx_sheet,monthly,362,13,03_提取表格/WEB-0048/WEB-0048-R01-E003/monthly.csv,EXTRACTED,
WEB-0048,WEB-0048-R01-E004,"01_新增原件/WEB-0048/expanded/WEB-0048-R01/CPI Price, % y-o-y, nominal, seas. adj..xlsx",.xlsx,398808,82db14cad82ba1f0c00cf600cbe513ab5831ba3d320f3169d85381342fa0a771,xlsx_sheet,annual,32,109,03_提取表格/WEB-0048/WEB-0048-R01-E004/annual.csv,EXTRACTED,
WEB-0048,WEB-0048-R01-E004,"01_新增原件/WEB-0048/expanded/WEB-0048-R01/CPI Price, % y-o-y, nominal, seas. adj..xlsx",.xlsx,398808,82db14cad82ba1f0c00cf600cbe513ab5831ba3d320f3169d85381342fa0a771,xlsx_sheet,monthly,362,109,03_提取表格/WEB-0048/WEB-0048-R01-E004/monthly.csv,EXTRACTED,
WEB-0048,WEB-0048-R01-E005,"01_新增原件/WEB-0048/expanded/WEB-0048-R01/CPI Price, nominal, not seas. adj..xlsx",.xlsx,532974,0bd49708ba1dbf1cca6c6014592064ee3bca4f8768e0b48fa3166a0b5de741df,xlsx_sheet,annual,32,158,03_提取表格/WEB-0048/WEB-0048-R01-E005/annual.csv,EXTRACTED,
WEB-0048,WEB-0048-R01-E005,"01_新增原件/WEB-0048/expanded/WEB-0048-R01/CPI Price, nominal, not seas. adj..xlsx",.xlsx,532974,0bd49708ba1dbf1cca6c6014592064ee3bca4f8768e0b48fa3166a0b5de741df,xlsx_sheet,monthly,362,158,03_提取表格/WEB-0048/WEB-0048-R01-E005/monthly.csv,EXTRACTED,
WEB-0048,WEB-0048-R01-E006,"01_新增原件/WEB-0048/expanded/WEB-0048-R01/CPI Price, nominal, seas. adj..xlsx",.xlsx,420577,c9deed2d0fcb7539391656a913656b4e1bfaddaa571d537ef73bb16d6a67b4f0,xlsx_sheet,annual,32,121,03_提取表格/WEB-0048/WEB-0048-R01-E006/annual.csv,EXTRACTED,
WEB-0048,WEB-0048-R01-E006,"01_新增原件/WEB-0048/expanded/WEB-0048-R01/CPI Price, nominal, seas. adj..xlsx",.xlsx,420577,c9deed2d0fcb7539391656a913656b4e1bfaddaa571d537ef73bb16d6a67b4f0,xlsx_sheet,monthly,362,121,03_提取表格/WEB-0048/WEB-0048-R01-E006/monthly.csv,EXTRACTED,
WEB-0048,WEB-0048-R01-E007,"01_新增原件/WEB-0048/expanded/WEB-0048-R01/Exchange rate, new LCU per USD extended backward, period average.xlsx",.xlsx,630347,6c03ab590c8439599791fbc7b94dae2d08c2534dcd5ea76482361463c6883167,xlsx_sheet,annual,32,200,03_提取表格/WEB-0048/WEB-0048-R01-E007/annual.csv,EXTRACTED,
WEB-0048,WEB-0048-R01-E007,"01_新增原件/WEB-0048/expanded/WEB-0048-R01/Exchange rate, new LCU per USD extended backward, period average.xlsx",.xlsx,630347,6c03ab590c8439599791fbc7b94dae2d08c2534dcd5ea76482361463c6883167,xlsx_sheet,monthly,362,200,03_提取表格/WEB-0048/WEB-0048-R01-E007/monthly.csv,EXTRACTED,
WEB-0048,WEB-0048-R01-E008,"01_新增原件/WEB-0048/expanded/WEB-0048-R01/Exchange rate, old LCU per USD extended forward, period average.xlsx",.xlsx,621041,6c5c9d760fdb092ded10c4b2d779f4d35ea04ae0605bf7fb39ec11c4a3952383,xlsx_sheet,annual,32,188,03_提取表格/WEB-0048/WEB-0048-R01-E008/annual.csv,EXTRACTED,
WEB-0048,WEB-0048-R01-E008,"01_新增原件/WEB-0048/expanded/WEB-0048-R01/Exchange rate, old LCU per USD extended forward, period average.xlsx",.xlsx,621041,6c5c9d760fdb092ded10c4b2d779f4d35ea04ae0605bf7fb39ec11c4a3952383,xlsx_sheet,monthly,362,188,03_提取表格/WEB-0048/WEB-0048-R01-E008/monthly.csv,EXTRACTED,
WEB-0048,WEB-0048-R01-E009,"01_新增原件/WEB-0048/expanded/WEB-0048-R01/Exports Merchandise, Customs, constant 2010 US$, millions, not seas. adj..xlsx",.xlsx,240644,6364cb22ba7591c9905cd20756df9a6804f5b9a2cc4e735c3d11e4295bd63b02,xlsx_sheet,annual,32,52,03_提取表格/WEB-0048/WEB-0048-R01-E009/annual.csv,EXTRACTED,
WEB-0048,WEB-0048-R01-E009,"01_新增原件/WEB-0048/expanded/WEB-0048-R01/Exports Merchandise, Customs, constant 2010 US$, millions, not seas. adj..xlsx",.xlsx,240644,6364cb22ba7591c9905cd20756df9a6804f5b9a2cc4e735c3d11e4295bd63b02,xlsx_sheet,monthly,362,52,03_提取表格/WEB-0048/WEB-0048-R01-E009/monthly.csv,EXTRACTED,
WEB-0048,WEB-0048-R01-E009,"01_新增原件/WEB-0048/expanded/WEB-0048-R01/Exports Merchandise, Customs, constant 2010 US$, millions, not seas. adj..xlsx",.xlsx,240644,6364cb22ba7591c9905cd20756df9a6804f5b9a2cc4e735c3d11e4295bd63b02,xlsx_sheet,quarterly,122,52,03_提取表格/WEB-0048/WEB-0048-R01-E009/quarterly.csv,EXTRACTED,
WEB-0048,WEB-0048-R01-E010,"01_新增原件/WEB-0048/expanded/WEB-0048-R01/Exports Merchandise, Customs, constant 2010 US$, millions, seas. adj..xlsx",.xlsx,242252,a9b24e1ac11480c4bf1855a8ec69809b5e7e23da36283405136e90abf2eb94fd,xlsx_sheet,annual,32,52,03_提取表格/WEB-0048/WEB-0048-R01-E010/annual.csv,EXTRACTED,
WEB-0048,WEB-0048-R01-E010,"01_新增原件/WEB-0048/expanded/WEB-0048-R01/Exports Merchandise, Customs, constant 2010 US$, millions, seas. adj..xlsx",.xlsx,242252,a9b24e1ac11480c4bf1855a8ec69809b5e7e23da36283405136e90abf2eb94fd,xlsx_sheet,monthly,362,52,03_提取表格/WEB-0048/WEB-0048-R01-E010/monthly.csv,EXTRACTED,
WEB-0048,WEB-0048-R01-E010,"01_新增原件/WEB-0048/expanded/WEB-0048-R01/Exports Merchandise, Customs, constant 2010 US$, millions, seas. adj..xlsx",.xlsx,242252,a9b24e1ac11480c4bf1855a8ec69809b5e7e23da36283405136e90abf2eb94fd,xlsx_sheet,quarterly,122,52,03_提取表格/WEB-0048/WEB-0048-R01-E010/quarterly.csv,EXTRACTED,
WEB-0048,WEB-0048-R01-E011,"01_新增原件/WEB-0048/expanded/WEB-0048-R01/Exports Merchandise, Customs, current US$, millions, not seas. adj..xlsx",.xlsx,612197,68cfd0a75f8b79178eaba3b91c699fb3f41e8b2a0671773c813ea9356efefd73,xlsx_sheet,annual,32,140,03_提取表格/WEB-0048/WEB-0048-R01-E011/annual.csv,EXTRACTED,
WEB-0048,WEB-0048-R01-E011,"01_新增原件/WEB-0048/expanded/WEB-0048-R01/Exports Merchandise, Customs, current US$, millions, not seas. adj..xlsx",.xlsx,612197,68cfd0a75f8b79178eaba3b91c699fb3f41e8b2a0671773c813ea9356efefd73,xlsx_sheet,monthly,362,140,03_提取表格/WEB-0048/WEB-0048-R01-E011/monthly.csv,EXTRACTED,
WEB-0048,WEB-0048-R01-E011,"01_新增原件/WEB-0048/expanded/WEB-0048-R01/Exports Merchandise, Customs, current US$, millions, not seas. adj..xlsx",.xlsx,612197,68cfd0a75f8b79178eaba3b91c699fb3f41e8b2a0671773c813ea9356efefd73,xlsx_sheet,quarterly,122,140,03_提取表格/WEB-0048/WEB-0048-R01-E011/quarterly.csv,EXTRACTED,
WEB-0048,WEB-0048-R01-E012,"01_新增原件/WEB-0048/expanded/WEB-0048-R01/Exports Merchandise, Customs, current US$, millions, seas. adj..xlsx",.xlsx,655614,aad6574f532ecf041ee08a326a7c47b2709c70fe64521bd155bb595eeb19a8b9,xlsx_sheet,annual,32,139,03_提取表格/WEB-0048/WEB-0048-R01-E012/annual.csv,EXTRACTED,
WEB-0048,WEB-0048-R01-E012,"01_新增原件/WEB-0048/expanded/WEB-0048-R01/Exports Merchandise, Customs, current US$, millions, seas. adj..xlsx",.xlsx,655614,aad6574f532ecf041ee08a326a7c47b2709c70fe64521bd155bb595eeb19a8b9,xlsx_sheet,monthly,362,139,03_提取表格/WEB-0048/WEB-0048-R01-E012/monthly.csv,EXTRACTED,
WEB-0048,WEB-0048-R01-E012,"01_新增原件/WEB-0048/expanded/WEB-0048-R01/Exports Merchandise, Customs, current US$, millions, seas. adj..xlsx",.xlsx,655614,aad6574f532ecf041ee08a326a7c47b2709c70fe64521bd155bb595eeb19a8b9,xlsx_sheet,quarterly,122,139,03_提取表格/WEB-0048/WEB-0048-R01-E012/quarterly.csv,EXTRACTED,
WEB-0048,WEB-0048-R01-E013,"01_新增原件/WEB-0048/expanded/WEB-0048-R01/Exports Merchandise, Customs, Price, US$, not seas. adj..xlsx",.xlsx,205648,e07706cca6e59cd5ac8fa8814c3a059ee56179b382b4942757a598d8e1b95677,xlsx_sheet,annual,32,40,03_提取表格/WEB-0048/WEB-0048-R01-E013/annual.csv,EXTRACTED,
WEB-0048,WEB-0048-R01-E013,"01_新增原件/WEB-0048/expanded/WEB-0048-R01/Exports Merchandise, Customs, Price, US$, not seas. adj..xlsx",.xlsx,205648,e07706cca6e59cd5ac8fa8814c3a059ee56179b382b4942757a598d8e1b95677,xlsx_sheet,monthly,362,52,03_提取表格/WEB-0048/WEB-0048-R01-E013/monthly.csv,EXTRACTED,
WEB-0048,WEB-0048-R01-E013,"01_新增原件/WEB-0048/expanded/WEB-0048-R01/Exports Merchandise, Customs, Price, US$, not seas. adj..xlsx",.xlsx,205648,e07706cca6e59cd5ac8fa8814c3a059ee56179b382b4942757a598d8e1b95677,xlsx_sheet,quarterly,122,41,03_提取表格/WEB-0048/WEB-0048-R01-E013/quarterly.csv,EXTRACTED,
WEB-0048,WEB-0048-R01-E014,"01_新增原件/WEB-0048/expanded/WEB-0048-R01/Exports Merchandise, Customs, Price, US$, seas. adj..xlsx",.xlsx,218763,3c654355464fd17d94c15b76d543cbe3d674318de092fb922e637aeec8ea0621,xlsx_sheet,annual,32,52,03_提取表格/WEB-0048/WEB-0048-R01-E014/annual.csv,EXTRACTED,
WEB-0048,WEB-0048-R01-E014,"01_新增原件/WEB-0048/expanded/WEB-0048-R01/Exports Merchandise, Customs, Price, US$, seas. adj..xlsx",.xlsx,218763,3c654355464fd17d94c15b76d543cbe3d674318de092fb922e637aeec8ea0621,xlsx_sheet,monthly,362,52,03_提取表格/WEB-0048/WEB-0048-R01-E014/monthly.csv,EXTRACTED,
WEB-0048,WEB-0048-R01-E014,"01_新增原件/WEB-0048/expanded/WEB-0048-R01/Exports Merchandise, Customs, Price, US$, seas. adj..xlsx",.xlsx,218763,3c654355464fd17d94c15b76d543cbe3d674318de092fb922e637aeec8ea0621,xlsx_sheet,quarterly,122,52,03_提取表格/WEB-0048/WEB-0048-R01-E014/quarterly.csv,EXTRACTED,
WEB-0048,WEB-0048-R01-E015,"01_新增原件/WEB-0048/expanded/WEB-0048-R01/Foreign Reserves, Months Import Cover, Goods.xlsx",.xlsx,409216,01e52dd2f31965e08306ae1f18b5af7a35572a9687ee9cf0671fd10d2ffa25e4,xlsx_sheet,annual,32,119,03_提取表格/WEB-0048/WEB-0048-R01-E015/annual.csv,EXTRACTED,
WEB-0048,WEB-0048-R01-E015,"01_新增原件/WEB-0048/expanded/WEB-0048-R01/Foreign Reserves, Months Import Cover, Goods.xlsx",.xlsx,409216,01e52dd2f31965e08306ae1f18b5af7a35572a9687ee9cf0671fd10d2ffa25e4,xlsx_sheet,monthly,362,119,03_提取表格/WEB-0048/WEB-0048-R01-E015/monthly.csv,EXTRACTED,
WEB-0048,WEB-0048-R01-E016,"01_新增原件/WEB-0048/expanded/WEB-0048-R01/GDP at market prices, constant 2010 LCU, millions, seas. adj..xlsx",.xlsx,126722,87a5edef83bf26e0e445719a9f14e80e16356983d1132118f799f1fda23b0b50,xlsx_sheet,annual,32,92,03_提取表格/WEB-0048/WEB-0048-R01-E016/annual.csv,EXTRACTED,
WEB-0048,WEB-0048-R01-E016,"01_新增原件/WEB-0048/expanded/WEB-0048-R01/GDP at market prices, constant 2010 LCU, millions, seas. adj..xlsx",.xlsx,126722,87a5edef83bf26e0e445719a9f14e80e16356983d1132118f799f1fda23b0b50,xlsx_sheet,quarterly,122,92,03_提取表格/WEB-0048/WEB-0048-R01-E016/quarterly.csv,EXTRACTED,
WEB-0048,WEB-0048-R01-E017,"01_新增原件/WEB-0048/expanded/WEB-0048-R01/GDP at market prices, constant 2010 US$, millions, seas. adj..xlsx",.xlsx,144081,44905012479cecb693e6aaf78ae2e5a42685389a210aacb6fb6e5305d28f1120,xlsx_sheet,annual,32,100,03_提取表格/WEB-0048/WEB-0048-R01-E017/annual.csv,EXTRACTED,
WEB-0048,WEB-0048-R01-E017,"01_新增原件/WEB-0048/expanded/WEB-0048-R01/GDP at market prices, constant 2010 US$, millions, seas. adj..xlsx",.xlsx,144081,44905012479cecb693e6aaf78ae2e5a42685389a210aacb6fb6e5305d28f1120,xlsx_sheet,quarterly,122,100,03_提取表格/WEB-0048/WEB-0048-R01-E017/quarterly.csv,EXTRACTED,
WEB-0048,WEB-0048-R01-E018,"01_新增原件/WEB-0048/expanded/WEB-0048-R01/GDP at market prices, current LCU, millions, seas. adj..xlsx",.xlsx,127008,689e70a671b9c3af086035c842ce5fb237e22c2a9d38327d0b64b279fa429210,xlsx_sheet,annual,32,91,03_提取表格/WEB-0048/WEB-0048-R01-E018/annual.csv,EXTRACTED,
WEB-0048,WEB-0048-R01-E018,"01_新增原件/WEB-0048/expanded/WEB-0048-R01/GDP at market prices, current LCU, millions, seas. adj..xlsx",.xlsx,127008,689e70a671b9c3af086035c842ce5fb237e22c2a9d38327d0b64b279fa429210,xlsx_sheet,quarterly,122,91,03_提取表格/WEB-0048/WEB-0048-R01-E018/quarterly.csv,EXTRACTED,
WEB-0048,WEB-0048-R01-E019,"01_新增原件/WEB-0048/expanded/WEB-0048-R01/GDP at market prices, current US$, millions, seas. adj..xlsx",.xlsx,150764,75fce33024650b99c29c48396eb981816208131a6da88463231b762458288f19,xlsx_sheet,annual,32,104,03_提取表格/WEB-0048/WEB-0048-R01-E019/annual.csv,EXTRACTED,
WEB-0048,WEB-0048-R01-E019,"01_新增原件/WEB-0048/expanded/WEB-0048-R01/GDP at market prices, current US$, millions, seas. adj..xlsx",.xlsx,150764,75fce33024650b99c29c48396eb981816208131a6da88463231b762458288f19,xlsx_sheet,quarterly,122,104,03_提取表格/WEB-0048/WEB-0048-R01-E019/quarterly.csv,EXTRACTED,
WEB-0048,WEB-0048-R01-E020,"01_新增原件/WEB-0048/expanded/WEB-0048-R01/GDP Deflator at Market Prices, LCU.xlsx",.xlsx,89489,c5f32a514b3a3c7c91ccfc8f11c93e856b4c6507d4f949c557f853f507c003d5,xlsx_sheet,quarterly,122,85,03_提取表格/WEB-0048/WEB-0048-R01-E020/quarterly.csv,EXTRACTED,
WEB-0048,WEB-0048-R01-E021,"01_新增原件/WEB-0048/expanded/WEB-0048-R01/Imports Merchandise, Customs, constant 2010 US$, millions, not seas. adj..xlsx",.xlsx,245910,91bf1920608a86e4d5e4272b296b6c10afab21d66795f792dd77cf84a99972ae,xlsx_sheet,annual,32,53,03_提取表格/WEB-0048/WEB-0048-R01-E021/annual.csv,EXTRACTED,
WEB-0048,WEB-0048-R01-E021,"01_新增原件/WEB-0048/expanded/WEB-0048-R01/Imports Merchandise, Customs, constant 2010 US$, millions, not seas. adj..xlsx",.xlsx,245910,91bf1920608a86e4d5e4272b296b6c10afab21d66795f792dd77cf84a99972ae,xlsx_sheet,monthly,362,53,03_提取表格/WEB-0048/WEB-0048-R01-E021/monthly.csv,EXTRACTED,
WEB-0048,WEB-0048-R01-E021,"01_新增原件/WEB-0048/expanded/WEB-0048-R01/Imports Merchandise, Customs, constant 2010 US$, millions, not seas. adj..xlsx",.xlsx,245910,91bf1920608a86e4d5e4272b296b6c10afab21d66795f792dd77cf84a99972ae,xlsx_sheet,quarterly,122,53,03_提取表格/WEB-0048/WEB-0048-R01-E021/quarterly.csv,EXTRACTED,
WEB-0048,WEB-0048-R01-E022,"01_新增原件/WEB-0048/expanded/WEB-0048-R01/Imports Merchandise, Customs, constant 2010 US$, millions, seas. adj..xlsx",.xlsx,261173,329ad80529aef6dee13865d355ab2acb893ba7891f909a1abcaa97492163c5fc,xlsx_sheet,annual,32,56,03_提取表格/WEB-0048/WEB-0048-R01-E022/annual.csv,EXTRACTED,
WEB-0048,WEB-0048-R01-E022,"01_新增原件/WEB-0048/expanded/WEB-0048-R01/Imports Merchandise, Customs, constant 2010 US$, millions, seas. adj..xlsx",.xlsx,261173,329ad80529aef6dee13865d355ab2acb893ba7891f909a1abcaa97492163c5fc,xlsx_sheet,monthly,362,56,03_提取表格/WEB-0048/WEB-0048-R01-E022/monthly.csv,EXTRACTED,
WEB-0048,WEB-0048-R01-E022,"01_新增原件/WEB-0048/expanded/WEB-0048-R01/Imports Merchandise, Customs, constant 2010 US$, millions, seas. adj..xlsx",.xlsx,261173,329ad80529aef6dee13865d355ab2acb893ba7891f909a1abcaa97492163c5fc,xlsx_sheet,quarterly,122,56,03_提取表格/WEB-0048/WEB-0048-R01-E022/quarterly.csv,EXTRACTED,
WEB-0048,WEB-0048-R01-E023,"01_新增原件/WEB-0048/expanded/WEB-0048-R01/Imports Merchandise, Customs, current US$, millions, not seas. adj..xlsx",.xlsx,543934,78c6355ec2976eb7b46791098e485ad53dcf920d2f0359e09f5bba07341c070c,xlsx_sheet,annual,32,119,03_提取表格/WEB-0048/WEB-0048-R01-E023/annual.csv,EXTRACTED,
WEB-0048,WEB-0048-R01-E023,"01_新增原件/WEB-0048/expanded/WEB-0048-R01/Imports Merchandise, Customs, current US$, millions, not seas. adj..xlsx",.xlsx,543934,78c6355ec2976eb7b46791098e485ad53dcf920d2f0359e09f5bba07341c070c,xlsx_sheet,monthly,362,119,03_提取表格/WEB-0048/WEB-0048-R01-E023/monthly.csv,EXTRACTED,
WEB-0048,WEB-0048-R01-E023,"01_新增原件/WEB-0048/expanded/WEB-0048-R01/Imports Merchandise, Customs, current US$, millions, not seas. adj..xlsx",.xlsx,543934,78c6355ec2976eb7b46791098e485ad53dcf920d2f0359e09f5bba07341c070c,xlsx_sheet,quarterly,122,119,03_提取表格/WEB-0048/WEB-0048-R01-E023/quarterly.csv,EXTRACTED,
WEB-0048,WEB-0048-R01-E024,"01_新增原件/WEB-0048/expanded/WEB-0048-R01/Imports Merchandise, Customs, current US$, millions, seas. adj..xlsx",.xlsx,571522,a80b13c769236b21b52acb31cd9d485bec64d500d235567fb35d4397b1a404c0,xlsx_sheet,annual,32,121,03_提取表格/WEB-0048/WEB-0048-R01-E024/annual.csv,EXTRACTED,
WEB-0048,WEB-0048-R01-E024,"01_新增原件/WEB-0048/expanded/WEB-0048-R01/Imports Merchandise, Customs, current US$, millions, seas. adj..xlsx",.xlsx,571522,a80b13c769236b21b52acb31cd9d485bec64d500d235567fb35d4397b1a404c0,xlsx_sheet,monthly,362,121,03_提取表格/WEB-0048/WEB-0048-R01-E024/monthly.csv,EXTRACTED,
WEB-0048,WEB-0048-R01-E024,"01_新增原件/WEB-0048/expanded/WEB-0048-R01/Imports Merchandise, Customs, current US$, millions, seas. adj..xlsx",.xlsx,571522,a80b13c769236b21b52acb31cd9d485bec64d500d235567fb35d4397b1a404c0,xlsx_sheet,quarterly,122,121,03_提取表格/WEB-0048/WEB-0048-R01-E024/quarterly.csv,EXTRACTED,
WEB-0048,WEB-0048-R01-E025,"01_新增原件/WEB-0048/expanded/WEB-0048-R01/Imports Merchandise, Customs, Price, US$, not seas. adj..xlsx",.xlsx,216710,6c288ebf2e1d80b87537416926e0b78996638fdd1a0e977c929b800977fe421f,xlsx_sheet,annual,32,43,03_提取表格/WEB-0048/WEB-0048-R01-E025/annual.csv,EXTRACTED,
WEB-0048,WEB-0048-R01-E025,"01_新增原件/WEB-0048/expanded/WEB-0048-R01/Imports Merchandise, Customs, Price, US$, not seas. adj..xlsx",.xlsx,216710,6c288ebf2e1d80b87537416926e0b78996638fdd1a0e977c929b800977fe421f,xlsx_sheet,monthly,362,55,03_提取表格/WEB-0048/WEB-0048-R01-E025/monthly.csv,EXTRACTED,
WEB-0048,WEB-0048-R01-E025,"01_新增原件/WEB-0048/expanded/WEB-0048-R01/Imports Merchandise, Customs, Price, US$, not seas. adj..xlsx",.xlsx,216710,6c288ebf2e1d80b87537416926e0b78996638fdd1a0e977c929b800977fe421f,xlsx_sheet,quarterly,122,43,03_提取表格/WEB-0048/WEB-0048-R01-E025/quarterly.csv,EXTRACTED,
WEB-0048,WEB-0048-R01-E026,"01_新增原件/WEB-0048/expanded/WEB-0048-R01/Imports Merchandise, Customs, Price, US$, seas. adj..xlsx",.xlsx,236232,dcff03dfa831b554a1642a1baa53a27506adb415098f5cb618bb5504dbbc8b66,xlsx_sheet,annual,32,56,03_提取表格/WEB-0048/WEB-0048-R01-E026/annual.csv,EXTRACTED,
WEB-0048,WEB-0048-R01-E026,"01_新增原件/WEB-0048/expanded/WEB-0048-R01/Imports Merchandise, Customs, Price, US$, seas. adj..xlsx",.xlsx,236232,dcff03dfa831b554a1642a1baa53a27506adb415098f5cb618bb5504dbbc8b66,xlsx_sheet,monthly,362,56,03_提取表格/WEB-0048/WEB-0048-R01-E026/monthly.csv,EXTRACTED,
WEB-0048,WEB-0048-R01-E026,"01_新增原件/WEB-0048/expanded/WEB-0048-R01/Imports Merchandise, Customs, Price, US$, seas. adj..xlsx",.xlsx,236232,dcff03dfa831b554a1642a1baa53a27506adb415098f5cb618bb5504dbbc8b66,xlsx_sheet,quarterly,122,56,03_提取表格/WEB-0048/WEB-0048-R01-E026/quarterly.csv,EXTRACTED,
WEB-0048,WEB-0048-R01-E027,"01_新增原件/WEB-0048/expanded/WEB-0048-R01/Industrial Production, constant 2010 US$, not seas. adj..xlsx",.xlsx,249215,ebbb6fef5dba88fb23e7f457937ad2c54db62e52374b599a3703b30814e3a0dd,xlsx_sheet,annual,32,92,03_提取表格/WEB-0048/WEB-0048-R01-E027/annual.csv,EXTRACTED,
WEB-0048,WEB-0048-R01-E027,"01_新增原件/WEB-0048/expanded/WEB-0048-R01/Industrial Production, constant 2010 US$, not seas. adj..xlsx",.xlsx,249215,ebbb6fef5dba88fb23e7f457937ad2c54db62e52374b599a3703b30814e3a0dd,xlsx_sheet,monthly,362,92,03_提取表格/WEB-0048/WEB-0048-R01-E027/monthly.csv,EXTRACTED,
WEB-0048,WEB-0048-R01-E028,"01_新增原件/WEB-0048/expanded/WEB-0048-R01/Industrial Production, constant 2010 US$, seas. adj..xlsx",.xlsx,244566,1f04e7c77b4c64aa72721004b786541bd29094085217be2ef5545450b0f66b32,xlsx_sheet,annual,32,92,03_提取表格/WEB-0048/WEB-0048-R01-E028/annual.csv,EXTRACTED,
WEB-0048,WEB-0048-R01-E028,"01_新增原件/WEB-0048/expanded/WEB-0048-R01/Industrial Production, constant 2010 US$, seas. adj..xlsx",.xlsx,244566,1f04e7c77b4c64aa72721004b786541bd29094085217be2ef5545450b0f66b32,xlsx_sheet,monthly,362,92,03_提取表格/WEB-0048/WEB-0048-R01-E028/monthly.csv,EXTRACTED,
WEB-0048,WEB-0048-R01-E029,"01_新增原件/WEB-0048/expanded/WEB-0048-R01/Official exchange rate, LCU per USD, period average.xlsx",.xlsx,651388,ac7cf98eec1b5c0856bade80ba76495b5d76f5a83a168814d2b2f3f554b6ecbd,xlsx_sheet,annual,32,200,03_提取表格/WEB-0048/WEB-0048-R01-E029/annual.csv,EXTRACTED,
WEB-0048,WEB-0048-R01-E029,"01_新增原件/WEB-0048/expanded/WEB-0048-R01/Official exchange rate, LCU per USD, period average.xlsx",.xlsx,651388,ac7cf98eec1b5c0856bade80ba76495b5d76f5a83a168814d2b2f3f554b6ecbd,xlsx_sheet,monthly,362,200,03_提取表格/WEB-0048/WEB-0048-R01-E029/monthly.csv,EXTRACTED,
WEB-0048,WEB-0048-R01-E030,"01_新增原件/WEB-0048/expanded/WEB-0048-R01/Retail Sales Volume Index, seas. adj..xlsx",.xlsx,138220,ff67b41c08000f228b2f1d151efb67778519c229d18a782cb0253c300051435b,xlsx_sheet,annual,32,41,03_提取表格/WEB-0048/WEB-0048-R01-E030/annual.csv,EXTRACTED,
WEB-0048,WEB-0048-R01-E030,"01_新增原件/WEB-0048/expanded/WEB-0048-R01/Retail Sales Volume Index, seas. adj..xlsx",.xlsx,138220,ff67b41c08000f228b2f1d151efb67778519c229d18a782cb0253c300051435b,xlsx_sheet,monthly,362,41,03_提取表格/WEB-0048/WEB-0048-R01-E030/monthly.csv,EXTRACTED,
WEB-0048,WEB-0048-R01-E031,"01_新增原件/WEB-0048/expanded/WEB-0048-R01/Stock Markets, LCU.xlsx",.xlsx,277330,d9adc87352497ae656f331cb602d075dbcdc0e7f87d76abaa4853860fd16755d,xlsx_sheet,annual,32,77,03_提取表格/WEB-0048/WEB-0048-R01-E031/annual.csv,EXTRACTED,
WEB-0048,WEB-0048-R01-E031,"01_新增原件/WEB-0048/expanded/WEB-0048-R01/Stock Markets, LCU.xlsx",.xlsx,277330,d9adc87352497ae656f331cb602d075dbcdc0e7f87d76abaa4853860fd16755d,xlsx_sheet,monthly,362,77,03_提取表格/WEB-0048/WEB-0048-R01-E031/monthly.csv,EXTRACTED,
WEB-0048,WEB-0048-R01-E032,"01_新增原件/WEB-0048/expanded/WEB-0048-R01/Stock Markets, US$.xlsx",.xlsx,285613,e6f78d1397d56fd7d22cf4298a8e2652d9492ae9849d6db403b9c7686416e613,xlsx_sheet,annual,32,79,03_提取表格/WEB-0048/WEB-0048-R01-E032/annual.csv,EXTRACTED,
WEB-0048,WEB-0048-R01-E032,"01_新增原件/WEB-0048/expanded/WEB-0048-R01/Stock Markets, US$.xlsx",.xlsx,285613,e6f78d1397d56fd7d22cf4298a8e2652d9492ae9849d6db403b9c7686416e613,xlsx_sheet,monthly,362,79,03_提取表格/WEB-0048/WEB-0048-R01-E032/monthly.csv,EXTRACTED,
WEB-0048,WEB-0048-R01-E033,01_新增原件/WEB-0048/expanded/WEB-0048-R01/Terms of Trade.xlsx,.xlsx,124123,d7962f72266564943c98d3e7fc6beec00afd39492c3c3d3b2ff5d63662c0d2bf,xlsx_sheet,monthly,362,42,03_提取表格/WEB-0048/WEB-0048-R01-E033/monthly.csv,EXTRACTED,
WEB-0048,WEB-0048-R01-E034,01_新增原件/WEB-0048/expanded/WEB-0048-R01/Total Reserves.xlsx,.xlsx,616275,41b56914dab7b82e64408ce8cabf86bc3edf549d594c02d083430e930e367f76,xlsx_sheet,annual,32,185,03_提取表格/WEB-0048/WEB-0048-R01-E034/annual.csv,EXTRACTED,
WEB-0048,WEB-0048-R01-E034,01_新增原件/WEB-0048/expanded/WEB-0048-R01/Total Reserves.xlsx,.xlsx,616275,41b56914dab7b82e64408ce8cabf86bc3edf549d594c02d083430e930e367f76,xlsx_sheet,monthly,362,185,03_提取表格/WEB-0048/WEB-0048-R01-E034/monthly.csv,EXTRACTED,
WEB-0048,WEB-0048-R01-E035,"01_新增原件/WEB-0048/expanded/WEB-0048-R01/Unemployment Rate, seas. adj..xlsx",.xlsx,232552,0295949159bcdf20da3e386535d60c7ff122400828e8b7120e4f0dc6feb3e0ed,xlsx_sheet,annual,32,78,03_提取表格/WEB-0048/WEB-0048-R01-E035/annual.csv,EXTRACTED,
WEB-0048,WEB-0048-R01-E035,"01_新增原件/WEB-0048/expanded/WEB-0048-R01/Unemployment Rate, seas. adj..xlsx",.xlsx,232552,0295949159bcdf20da3e386535d60c7ff122400828e8b7120e4f0dc6feb3e0ed,xlsx_sheet,monthly,361,78,03_提取表格/WEB-0048/WEB-0048-R01-E035/monthly.csv,EXTRACTED,
WEB-0498,WEB-0498-R01,01_新增原件/WEB-0498/WEB-0498-R01_CMO-Historical-Data-Annual.xlsx,.xlsx,399410,32b3821b0909cdb7e30dda54b20967e7c4e49258d76143ab0f6aab1f786290e9,xlsx_sheet,AFOSHEET,0,0,03_提取表格/WEB-0498/WEB-0498-R01/AFOSHEET.csv,EXTRACTED,
WEB-0498,WEB-0498-R01,01_新增原件/WEB-0498/WEB-0498-R01_CMO-Historical-Data-Annual.xlsx,.xlsx,399410,32b3821b0909cdb7e30dda54b20967e7c4e49258d76143ab0f6aab1f786290e9,xlsx_sheet,Annual Prices (Nominal),247,87,03_提取表格/WEB-0498/WEB-0498-R01/Annual_Prices_(Nominal).csv,EXTRACTED,
WEB-0498,WEB-0498-R01,01_新增原件/WEB-0498/WEB-0498-R01_CMO-Historical-Data-Annual.xlsx,.xlsx,399410,32b3821b0909cdb7e30dda54b20967e7c4e49258d76143ab0f6aab1f786290e9,xlsx_sheet,Annual Indices (Nominal),65219,81,03_提取表格/WEB-0498/WEB-0498-R01/Annual_Indices_(Nominal).csv,EXTRACTED,
WEB-0498,WEB-0498-R01,01_新增原件/WEB-0498/WEB-0498-R01_CMO-Historical-Data-Annual.xlsx,.xlsx,399410,32b3821b0909cdb7e30dda54b20967e7c4e49258d76143ab0f6aab1f786290e9,xlsx_sheet,Annual Prices (Real),85,75,03_提取表格/WEB-0498/WEB-0498-R01/Annual_Prices_(Real).csv,EXTRACTED,
WEB-0498,WEB-0498-R01,01_新增原件/WEB-0498/WEB-0498-R01_CMO-Historical-Data-Annual.xlsx,.xlsx,399410,32b3821b0909cdb7e30dda54b20967e7c4e49258d76143ab0f6aab1f786290e9,xlsx_sheet,Annual Indices (Real),328,82,03_提取表格/WEB-0498/WEB-0498-R01/Annual_Indices_(Real).csv,EXTRACTED,
WEB-0498,WEB-0498-R01,01_新增原件/WEB-0498/WEB-0498-R01_CMO-Historical-Data-Annual.xlsx,.xlsx,399410,32b3821b0909cdb7e30dda54b20967e7c4e49258d76143ab0f6aab1f786290e9,xlsx_sheet,Description,407,87,03_提取表格/WEB-0498/WEB-0498-R01/Description.csv,EXTRACTED,
WEB-0498,WEB-0498-R01,01_新增原件/WEB-0498/WEB-0498-R01_CMO-Historical-Data-Annual.xlsx,.xlsx,399410,32b3821b0909cdb7e30dda54b20967e7c4e49258d76143ab0f6aab1f786290e9,xlsx_sheet,Definitions,10,23,03_提取表格/WEB-0498/WEB-0498-R01/Definitions.csv,EXTRACTED,
WEB-0498,WEB-0498-R01,01_新增原件/WEB-0498/WEB-0498-R01_CMO-Historical-Data-Annual.xlsx,.xlsx,399410,32b3821b0909cdb7e30dda54b20967e7c4e49258d76143ab0f6aab1f786290e9,xlsx_sheet,Index Weights,92,251,03_提取表格/WEB-0498/WEB-0498-R01/Index_Weights.csv,EXTRACTED,
WEB-0498,WEB-0498-R02,01_新增原件/WEB-0498/WEB-0498-R02_CMO-Historical-Data-Monthly.xlsx,.xlsx,577979,7902a77505ebdc5d202ce65f666c2ee1b04b626f042d7738ed3e6f7d112c8433,xlsx_sheet,AFOSHEET,0,0,03_提取表格/WEB-0498/WEB-0498-R02/AFOSHEET.csv,EXTRACTED,
WEB-0498,WEB-0498-R02,01_新增原件/WEB-0498/WEB-0498-R02_CMO-Historical-Data-Monthly.xlsx,.xlsx,577979,7902a77505ebdc5d202ce65f666c2ee1b04b626f042d7738ed3e6f7d112c8433,xlsx_sheet,Monthly Prices,805,89,03_提取表格/WEB-0498/WEB-0498-R02/Monthly_Prices.csv,EXTRACTED,
WEB-0498,WEB-0498-R02,01_新增原件/WEB-0498/WEB-0498-R02_CMO-Historical-Data-Monthly.xlsx,.xlsx,577979,7902a77505ebdc5d202ce65f666c2ee1b04b626f042d7738ed3e6f7d112c8433,xlsx_sheet,Monthly Indices,1362,81,03_提取表格/WEB-0498/WEB-0498-R02/Monthly_Indices.csv,EXTRACTED,
WEB-0498,WEB-0498-R02,01_新增原件/WEB-0498/WEB-0498-R02_CMO-Historical-Data-Monthly.xlsx,.xlsx,577979,7902a77505ebdc5d202ce65f666c2ee1b04b626f042d7738ed3e6f7d112c8433,xlsx_sheet,Description,409,87,03_提取表格/WEB-0498/WEB-0498-R02/Description.csv,EXTRACTED,
WEB-0498,WEB-0498-R02,01_新增原件/WEB-0498/WEB-0498-R02_CMO-Historical-Data-Monthly.xlsx,.xlsx,577979,7902a77505ebdc5d202ce65f666c2ee1b04b626f042d7738ed3e6f7d112c8433,xlsx_sheet,Index Weights,92,251,03_提取表格/WEB-0498/WEB-0498-R02/Index_Weights.csv,EXTRACTED,
WEB-0197,WEB-0197-R01,01_新增原件/WEB-0197/WEB-0197-R01_whatsnew.xml,.xml,16212,55c597eaa959073f5235062b4ed98f5d1c29323e2750502af78583c35af8a0e7,xml,RSS,294,,01_新增原件/WEB-0197/WEB-0197-R01_whatsnew.xml,INSPECTED,
WEB-0197,WEB-0197-R02,01_新增原件/WEB-0197/WEB-0197-R02_mei260810.xlsx,.xlsx,28969,64b91eb81f52804537449562e695737e45ea4da77544774a6bad1adddaccd960,xlsx_sheet,mei,368,257,03_提取表格/WEB-0197/WEB-0197-R02/mei.csv,EXTRACTED,
WEB-0197,WEB-0197-R03,01_新增原件/WEB-0197/WEB-0197-R03_call.xlsx,.xlsx,33414,55e661a0df1eac36a14478da4e2028e74881af1975642ec689fe7299f17ceece,xlsx_sheet,業態別・By Sector (1) (2),86,13,03_提取表格/WEB-0197/WEB-0197-R03/業態別・By_Sector_(1)_(2).csv,EXTRACTED,
WEB-0197,WEB-0197-R03,01_新增原件/WEB-0197/WEB-0197-R03_call.xlsx,.xlsx,33414,55e661a0df1eac36a14478da4e2028e74881af1975642ec689fe7299f17ceece,xlsx_sheet,業態別・By Sector (3) (4),78,13,03_提取表格/WEB-0197/WEB-0197-R03/業態別・By_Sector_(3)_(4).csv,EXTRACTED,
WEB-0197,WEB-0197-R03,01_新增原件/WEB-0197/WEB-0197-R03_call.xlsx,.xlsx,33414,55e661a0df1eac36a14478da4e2028e74881af1975642ec689fe7299f17ceece,xlsx_sheet,期間別・By Period,52,13,03_提取表格/WEB-0197/WEB-0197-R03/期間別・By_Period.csv,EXTRACTED,
WEB-0200,WEB-0200-R01,01_新增原件/WEB-0200/WEB-0200-R01_sjds.xlsx,.xlsx,28679,aa7bbe20ed9cf27fcef1e52e8f52e988b270e6b1e1a10db4223a78a84e124b2b,xlsx_sheet,SDDS,55,52,03_提取表格/WEB-0200/WEB-0200-R01/SDDS.csv,EXTRACTED,
WEB-0200,WEB-0200-R02,01_新增原件/WEB-0200/WEB-0200-R02_sjfs.xlsx,.xlsx,22877,18204ee9131c18d31edc0e8e3faaf7aaf61ebf1443bd89aa5694573d6c06278d,xlsx_sheet,OFCS,30,92,03_提取表格/WEB-0200/WEB-0200-R02/OFCS.csv,EXTRACTED,
WEB-0200,WEB-0200-R03,01_新增原件/WEB-0200/WEB-0200-R03_sjfy.xlsx,.xlsx,221195,b09e906cbd4ddf2e7d3af4b53632ada6eaa16b9934221c914e4a36ddb651dec1,xlsx_sheet,1,71,19,03_提取表格/WEB-0200/WEB-0200-R03/1.csv,EXTRACTED,
WEB-0200,WEB-0200-R03,01_新增原件/WEB-0200/WEB-0200-R03_sjfy.xlsx,.xlsx,221195,b09e906cbd4ddf2e7d3af4b53632ada6eaa16b9934221c914e4a36ddb651dec1,xlsx_sheet,2,71,15,03_提取表格/WEB-0200/WEB-0200-R03/2.csv,EXTRACTED,
WEB-0200,WEB-0200-R03,01_新增原件/WEB-0200/WEB-0200-R03_sjfy.xlsx,.xlsx,221195,b09e906cbd4ddf2e7d3af4b53632ada6eaa16b9934221c914e4a36ddb651dec1,xlsx_sheet,3,71,17,03_提取表格/WEB-0200/WEB-0200-R03/3.csv,EXTRACTED,
WEB-0200,WEB-0200-R03,01_新增原件/WEB-0200/WEB-0200-R03_sjfy.xlsx,.xlsx,221195,b09e906cbd4ddf2e7d3af4b53632ada6eaa16b9934221c914e4a36ddb651dec1,xlsx_sheet,4,71,14,03_提取表格/WEB-0200/WEB-0200-R03/4.csv,EXTRACTED,
WEB-0200,WEB-0200-R03,01_新增原件/WEB-0200/WEB-0200-R03_sjfy.xlsx,.xlsx,221195,b09e906cbd4ddf2e7d3af4b53632ada6eaa16b9934221c914e4a36ddb651dec1,xlsx_sheet,5,71,18,03_提取表格/WEB-0200/WEB-0200-R03/5.csv,EXTRACTED,
WEB-0200,WEB-0200-R03,01_新增原件/WEB-0200/WEB-0200-R03_sjfy.xlsx,.xlsx,221195,b09e906cbd4ddf2e7d3af4b53632ada6eaa16b9934221c914e4a36ddb651dec1,xlsx_sheet,6,71,15,03_提取表格/WEB-0200/WEB-0200-R03/6.csv,EXTRACTED,
WEB-0200,WEB-0200-R03,01_新增原件/WEB-0200/WEB-0200-R03_sjfy.xlsx,.xlsx,221195,b09e906cbd4ddf2e7d3af4b53632ada6eaa16b9934221c914e4a36ddb651dec1,xlsx_sheet,7,71,19,03_提取表格/WEB-0200/WEB-0200-R03/7.csv,EXTRACTED,
WEB-0200,WEB-0200-R03,01_新增原件/WEB-0200/WEB-0200-R03_sjfy.xlsx,.xlsx,221195,b09e906cbd4ddf2e7d3af4b53632ada6eaa16b9934221c914e4a36ddb651dec1,xlsx_sheet,8,71,17,03_提取表格/WEB-0200/WEB-0200-R03/8.csv,EXTRACTED,
WEB-0200,WEB-0200-R03,01_新增原件/WEB-0200/WEB-0200-R03_sjfy.xlsx,.xlsx,221195,b09e906cbd4ddf2e7d3af4b53632ada6eaa16b9934221c914e4a36ddb651dec1,xlsx_sheet,9,71,13,03_提取表格/WEB-0200/WEB-0200-R03/9.csv,EXTRACTED,
WEB-0200,WEB-0200-R03,01_新增原件/WEB-0200/WEB-0200-R03_sjfy.xlsx,.xlsx,221195,b09e906cbd4ddf2e7d3af4b53632ada6eaa16b9934221c914e4a36ddb651dec1,xlsx_sheet,10,71,14,03_提取表格/WEB-0200/WEB-0200-R03/10.csv,EXTRACTED,
WEB-0200,WEB-0200-R03,01_新增原件/WEB-0200/WEB-0200-R03_sjfy.xlsx,.xlsx,221195,b09e906cbd4ddf2e7d3af4b53632ada6eaa16b9934221c914e4a36ddb651dec1,xlsx_sheet,19,71,18,03_提取表格/WEB-0200/WEB-0200-R03/19.csv,EXTRACTED,
WEB-0200,WEB-0200-R03,01_新增原件/WEB-0200/WEB-0200-R03_sjfy.xlsx,.xlsx,221195,b09e906cbd4ddf2e7d3af4b53632ada6eaa16b9934221c914e4a36ddb651dec1,xlsx_sheet,20,71,18,03_提取表格/WEB-0200/WEB-0200-R03/20.csv,EXTRACTED,
WEB-0200,WEB-0200-R03,01_新增原件/WEB-0200/WEB-0200-R03_sjfy.xlsx,.xlsx,221195,b09e906cbd4ddf2e7d3af4b53632ada6eaa16b9934221c914e4a36ddb651dec1,xlsx_sheet,21,71,23,03_提取表格/WEB-0200/WEB-0200-R03/21.csv,EXTRACTED,
WEB-0200,WEB-0200-R03,01_新增原件/WEB-0200/WEB-0200-R03_sjfy.xlsx,.xlsx,221195,b09e906cbd4ddf2e7d3af4b53632ada6eaa16b9934221c914e4a36ddb651dec1,xlsx_sheet,22,71,14,03_提取表格/WEB-0200/WEB-0200-R03/22.csv,EXTRACTED,
WEB-0200,WEB-0200-R03,01_新增原件/WEB-0200/WEB-0200-R03_sjfy.xlsx,.xlsx,221195,b09e906cbd4ddf2e7d3af4b53632ada6eaa16b9934221c914e4a36ddb651dec1,xlsx_sheet,23,71,17,03_提取表格/WEB-0200/WEB-0200-R03/23.csv,EXTRACTED,
WEB-0200,WEB-0200-R03,01_新增原件/WEB-0200/WEB-0200-R03_sjfy.xlsx,.xlsx,221195,b09e906cbd4ddf2e7d3af4b53632ada6eaa16b9934221c914e4a36ddb651dec1,xlsx_sheet,24,71,15,03_提取表格/WEB-0200/WEB-0200-R03/24.csv,EXTRACTED,
WEB-0200,WEB-0200-R03,01_新增原件/WEB-0200/WEB-0200-R03_sjfy.xlsx,.xlsx,221195,b09e906cbd4ddf2e7d3af4b53632ada6eaa16b9934221c914e4a36ddb651dec1,xlsx_sheet,25,71,19,03_提取表格/WEB-0200/WEB-0200-R03/25.csv,EXTRACTED,
WEB-0200,WEB-0200-R03,01_新增原件/WEB-0200/WEB-0200-R03_sjfy.xlsx,.xlsx,221195,b09e906cbd4ddf2e7d3af4b53632ada6eaa16b9934221c914e4a36ddb651dec1,xlsx_sheet,26,71,17,03_提取表格/WEB-0200/WEB-0200-R03/26.csv,EXTRACTED,
WEB-0200,WEB-0200-R03,01_新增原件/WEB-0200/WEB-0200-R03_sjfy.xlsx,.xlsx,221195,b09e906cbd4ddf2e7d3af4b53632ada6eaa16b9934221c914e4a36ddb651dec1,xlsx_sheet,27,71,13,03_提取表格/WEB-0200/WEB-0200-R03/27.csv,EXTRACTED,
WEB-0200,WEB-0200-R03,01_新增原件/WEB-0200/WEB-0200-R03_sjfy.xlsx,.xlsx,221195,b09e906cbd4ddf2e7d3af4b53632ada6eaa16b9934221c914e4a36ddb651dec1,xlsx_sheet,28,71,14,03_提取表格/WEB-0200/WEB-0200-R03/28.csv,EXTRACTED,
WEB-0200,WEB-0200-R03,01_新增原件/WEB-0200/WEB-0200-R03_sjfy.xlsx,.xlsx,221195,b09e906cbd4ddf2e7d3af4b53632ada6eaa16b9934221c914e4a36ddb651dec1,xlsx_sheet,45,71,19,03_提取表格/WEB-0200/WEB-0200-R03/45.csv,EXTRACTED,
WEB-0200,WEB-0200-R03,01_新增原件/WEB-0200/WEB-0200-R03_sjfy.xlsx,.xlsx,221195,b09e906cbd4ddf2e7d3af4b53632ada6eaa16b9934221c914e4a36ddb651dec1,xlsx_sheet,46,71,16,03_提取表格/WEB-0200/WEB-0200-R03/46.csv,EXTRACTED,
WEB-0200,WEB-0200-R03,01_新增原件/WEB-0200/WEB-0200-R03_sjfy.xlsx,.xlsx,221195,b09e906cbd4ddf2e7d3af4b53632ada6eaa16b9934221c914e4a36ddb651dec1,xlsx_sheet,47,71,27,03_提取表格/WEB-0200/WEB-0200-R03/47.csv,EXTRACTED,
WEB-0200,WEB-0200-R03,01_新增原件/WEB-0200/WEB-0200-R03_sjfy.xlsx,.xlsx,221195,b09e906cbd4ddf2e7d3af4b53632ada6eaa16b9934221c914e4a36ddb651dec1,xlsx_sheet,48,71,13,03_提取表格/WEB-0200/WEB-0200-R03/48.csv,EXTRACTED,
WEB-0200,WEB-0200-R03,01_新增原件/WEB-0200/WEB-0200-R03_sjfy.xlsx,.xlsx,221195,b09e906cbd4ddf2e7d3af4b53632ada6eaa16b9934221c914e4a36ddb651dec1,xlsx_sheet,49,71,30,03_提取表格/WEB-0200/WEB-0200-R03/49.csv,EXTRACTED,
WEB-0200,WEB-0200-R03,01_新增原件/WEB-0200/WEB-0200-R03_sjfy.xlsx,.xlsx,221195,b09e906cbd4ddf2e7d3af4b53632ada6eaa16b9934221c914e4a36ddb651dec1,xlsx_sheet,50,71,14,03_提取表格/WEB-0200/WEB-0200-R03/50.csv,EXTRACTED,
WEB-0200,WEB-0200-R03,01_新增原件/WEB-0200/WEB-0200-R03_sjfy.xlsx,.xlsx,221195,b09e906cbd4ddf2e7d3af4b53632ada6eaa16b9934221c914e4a36ddb651dec1,xlsx_sheet,51,71,19,03_提取表格/WEB-0200/WEB-0200-R03/51.csv,EXTRACTED,
WEB-0200,WEB-0200-R03,01_新增原件/WEB-0200/WEB-0200-R03_sjfy.xlsx,.xlsx,221195,b09e906cbd4ddf2e7d3af4b53632ada6eaa16b9934221c914e4a36ddb651dec1,xlsx_sheet,52,71,17,03_提取表格/WEB-0200/WEB-0200-R03/52.csv,EXTRACTED,
WEB-0200,WEB-0200-R03,01_新增原件/WEB-0200/WEB-0200-R03_sjfy.xlsx,.xlsx,221195,b09e906cbd4ddf2e7d3af4b53632ada6eaa16b9934221c914e4a36ddb651dec1,xlsx_sheet,53,71,13,03_提取表格/WEB-0200/WEB-0200-R03/53.csv,EXTRACTED,
WEB-0200,WEB-0200-R03,01_新增原件/WEB-0200/WEB-0200-R03_sjfy.xlsx,.xlsx,221195,b09e906cbd4ddf2e7d3af4b53632ada6eaa16b9934221c914e4a36ddb651dec1,xlsx_sheet,54,71,14,03_提取表格/WEB-0200/WEB-0200-R03/54.csv,EXTRACTED,
WEB-0253,WEB-0253-R01,01_新增原件/WEB-0253/WEB-0253-R01_feds_notes.xml,.xml,19280,b7da77e290193ecc0d58d1088d3352ddfcc30c4ac1eaeebfcd65d681332c62e4,xml,RSS,111,,01_新增原件/WEB-0253/WEB-0253-R01_feds_notes.xml,INSPECTED,
WEB-0264,WEB-0264-R01,01_新增原件/WEB-0264/WEB-0264-R01_FRB_g17_xml.zip,.zip,8569333,914f89f94403dcbadd517c899c5ade02d9e6219e38b2814bc41b6264a4bffb30,zip_archive,17 entries,17,,01_新增原件/WEB-0264/expanded/WEB-0264-R01,EXPANDED,
WEB-0264,WEB-0264-R01-E004,01_新增原件/WEB-0264/expanded/WEB-0264-R01/G17_data.xml,.xml,86726917,8686e4c12cebfbcd5c2dd329467139f2cc45d9bf605a35175a8dfb8351f3855e,xml,MESSAGE:MESSAGEGROUP,1094475,,01_新增原件/WEB-0264/expanded/WEB-0264-R01/G17_data.xml,INSPECTED,
WEB-0264,WEB-0264-R01-E017,01_新增原件/WEB-0264/expanded/WEB-0264-R01/G17_struct.xml,.xml,255666,7b4ca7ba14a17af7bdddb9a340cc7f6a4c4b664278c138859e295f86787e5635,xml,MESSAGE:STRUCTURE,3286,,01_新增原件/WEB-0264/expanded/WEB-0264-R01/G17_struct.xml,INSPECTED,
WEB-0266,WEB-0266-R01,01_新增原件/WEB-0266/WEB-0266-R01_FRB_h10_xml.zip,.zip,2075512,fb6f9677e8d553a2b4eaa47c0a2e4800480b90f2c3b7009dda99defdccd8b912,zip_archive,4 entries,4,,01_新增原件/WEB-0266/expanded/WEB-0266-R01,EXPANDED,
WEB-0266,WEB-0266-R01-E002,01_新增原件/WEB-0266/expanded/WEB-0266-R01/H10_data.xml,.xml,27276770,a9ac5bbd789657e467895908b87037da023e523481c1de9a9a309502f8e73a04,xml,MESSAGE:MESSAGEGROUP,347177,,01_新增原件/WEB-0266/expanded/WEB-0266-R01/H10_data.xml,INSPECTED,
WEB-0266,WEB-0266-R01-E004,01_新增原件/WEB-0266/expanded/WEB-0266-R01/H10_struct.xml,.xml,131344,d1a13b447580182dc8332487a9eaf1dadd6320e49656cdb86f749c8d7987bbf2,xml,MESSAGE:STRUCTURE,1803,,01_新增原件/WEB-0266/expanded/WEB-0266-R01/H10_struct.xml,INSPECTED,
WEB-0471,WEB-0471-R01,01_新增原件/WEB-0471/WEB-0471-R01_P020250127324149881531.xlsx,.xlsx,31362,df6375a95611b108c6e013ba489bf6f2dac626d701d0c15f39ccbf3bb6c50085,xlsx_sheet,附表1,16,7,03_提取表格/WEB-0471/WEB-0471-R01/附表1.csv,EXTRACTED,
WEB-0471,WEB-0471-R01,01_新增原件/WEB-0471/WEB-0471-R01_P020250127324149881531.xlsx,.xlsx,31362,df6375a95611b108c6e013ba489bf6f2dac626d701d0c15f39ccbf3bb6c50085,xlsx_sheet,附表2,13,9,03_提取表格/WEB-0471/WEB-0471-R01/附表2.csv,EXTRACTED,
WEB-0471,WEB-0471-R01,01_新增原件/WEB-0471/WEB-0471-R01_P020250127324149881531.xlsx,.xlsx,31362,df6375a95611b108c6e013ba489bf6f2dac626d701d0c15f39ccbf3bb6c50085,xlsx_sheet,附表3,53,7,03_提取表格/WEB-0471/WEB-0471-R01/附表3.csv,EXTRACTED,
WEB-0471,WEB-0471-R01,01_新增原件/WEB-0471/WEB-0471-R01_P020250127324149881531.xlsx,.xlsx,31362,df6375a95611b108c6e013ba489bf6f2dac626d701d0c15f39ccbf3bb6c50085,xlsx_sheet,12月用1,17,10,03_提取表格/WEB-0471/WEB-0471-R01/12月用1.csv,EXTRACTED,
WEB-0471,WEB-0471-R01,01_新增原件/WEB-0471/WEB-0471-R01_P020250127324149881531.xlsx,.xlsx,31362,df6375a95611b108c6e013ba489bf6f2dac626d701d0c15f39ccbf3bb6c50085,xlsx_sheet,12月用2,13,11,03_提取表格/WEB-0471/WEB-0471-R01/12月用2.csv,EXTRACTED,
WEB-0471,WEB-0471-R01,01_新增原件/WEB-0471/WEB-0471-R01_P020250127324149881531.xlsx,.xlsx,31362,df6375a95611b108c6e013ba489bf6f2dac626d701d0c15f39ccbf3bb6c50085,xlsx_sheet,12月用3,52,17,03_提取表格/WEB-0471/WEB-0471-R01/12月用3.csv,EXTRACTED,
WEB-0472,WEB-0472-R01,01_新增原件/WEB-0472/WEB-0472-R01_P020241227323532210431.xlsx,.xlsx,31356,27954b39d1eb10fb81d1c2b9ba8c6cf5257a2273320f58541fe00a80bc2cff06,xlsx_sheet,附表1,16,7,03_提取表格/WEB-0472/WEB-0472-R01/附表1.csv,EXTRACTED,
WEB-0472,WEB-0472-R01,01_新增原件/WEB-0472/WEB-0472-R01_P020241227323532210431.xlsx,.xlsx,31356,27954b39d1eb10fb81d1c2b9ba8c6cf5257a2273320f58541fe00a80bc2cff06,xlsx_sheet,附表2,13,9,03_提取表格/WEB-0472/WEB-0472-R01/附表2.csv,EXTRACTED,
WEB-0472,WEB-0472-R01,01_新增原件/WEB-0472/WEB-0472-R01_P020241227323532210431.xlsx,.xlsx,31356,27954b39d1eb10fb81d1c2b9ba8c6cf5257a2273320f58541fe00a80bc2cff06,xlsx_sheet,附表3,53,7,03_提取表格/WEB-0472/WEB-0472-R01/附表3.csv,EXTRACTED,
WEB-0472,WEB-0472-R01,01_新增原件/WEB-0472/WEB-0472-R01_P020241227323532210431.xlsx,.xlsx,31356,27954b39d1eb10fb81d1c2b9ba8c6cf5257a2273320f58541fe00a80bc2cff06,xlsx_sheet,12月用1,17,10,03_提取表格/WEB-0472/WEB-0472-R01/12月用1.csv,EXTRACTED,
WEB-0472,WEB-0472-R01,01_新增原件/WEB-0472/WEB-0472-R01_P020241227323532210431.xlsx,.xlsx,31356,27954b39d1eb10fb81d1c2b9ba8c6cf5257a2273320f58541fe00a80bc2cff06,xlsx_sheet,12月用2,13,11,03_提取表格/WEB-0472/WEB-0472-R01/12月用2.csv,EXTRACTED,
WEB-0472,WEB-0472-R01,01_新增原件/WEB-0472/WEB-0472-R01_P020241227323532210431.xlsx,.xlsx,31356,27954b39d1eb10fb81d1c2b9ba8c6cf5257a2273320f58541fe00a80bc2cff06,xlsx_sheet,12月用3,52,17,03_提取表格/WEB-0472/WEB-0472-R01/12月用3.csv,EXTRACTED,
WEB-0042,WEB-0042-R02,01_新增原件/WEB-0042/WEB-0042-R02_FP.CPI.TOTL.ZG.xls,.xls,342016,69e2ee55c62023a4fad642431ff8b5143ce649c8c5f297617e56758566d64a45,legacy_xls,workbook,,,,MANUAL_CONVERSION_REQUIRED,旧二进制XLS已校验并保存；为避免高危依赖，本轮不自动解析。
WEB-0042,WEB-0042-R03,01_新增原件/WEB-0042/WEB-0042-R03_FP.CPI.TOTL.ZG.zip,.zip,206787,61fe4cc2f8c977ebcf659078b6af9d4dc8fdebe233dc9554a862384b7f37b8ad,zip_archive,1 entries,1,,01_新增原件/WEB-0042/expanded/WEB-0042-R03,EXPANDED,
WEB-0042,WEB-0042-R03-E001,01_新增原件/WEB-0042/expanded/WEB-0042-R03/API_FP.CPI.TOTL.ZG_DS2_en_xml_v2_2812.xml,.xml,4797679,3d5de265b766f589c87f3c0eba2a8b1bb76ae56ed8646146c0e9f55d6e474a63,xml,ROOT,87452,,01_新增原件/WEB-0042/expanded/WEB-0042-R03/API_FP.CPI.TOTL.ZG_DS2_en_xml_v2_2812.xml,INSPECTED,
WEB-0043,WEB-0043-R02,01_新增原件/WEB-0043/WEB-0043-R02_PA.NUS.FCRF.xls,.xls,339968,131a2b90447b95fe7a69c323476557fa72accfe35573975b9647c92bd3a1b194,legacy_xls,workbook,,,,MANUAL_CONVERSION_REQUIRED,旧二进制XLS已校验并保存；为避免高危依赖，本轮不自动解析。
WEB-0043,WEB-0043-R03,01_新增原件/WEB-0043/WEB-0043-R03_PA.NUS.FCRF.zip,.zip,156754,5542c82a913a93ce84f8bffded79388643985a74acbc1bea2828f1fc0c0ae062,zip_archive,1 entries,1,,01_新增原件/WEB-0043/expanded/WEB-0043-R03,EXPANDED,
WEB-0043,WEB-0043-R03-E001,01_新增原件/WEB-0043/expanded/WEB-0043-R03/API_PA.NUS.FCRF_DS2_en_xml_v2_753.xml,.xml,4992667,6d8b8cc5e9ec5cfa47d4faa46c2330b8f7b1e817006a97e4a2f7a91709492b1d,xml,ROOT,87452,,01_新增原件/WEB-0043/expanded/WEB-0043-R03/API_PA.NUS.FCRF_DS2_en_xml_v2_753.xml,INSPECTED,
WEB-0264,WEB-0264-R02,01_新增原件/WEB-0264/WEB-0264-R02_g17.txt,.txt,176550,20ca53404b6400a2b0be004a5aa1b6604739afed1e63a27877aa4b4283501d06,text,WEB-0264-R02_g17.txt,1462,1,01_新增原件/WEB-0264/WEB-0264-R02_g17.txt,INSPECTED,
WEB-0264,WEB-0264-R03,01_新增原件/WEB-0264/WEB-0264-R03_g17.txt,.txt,180665,e6f0b68f124ed6c894ea370318de0638e0d7f892f69983e2b34ef872cef97581,text,WEB-0264-R03_g17.txt,1505,1,01_新增原件/WEB-0264/WEB-0264-R03_g17.txt,INSPECTED,
