asset_id,old_download_status,evidence_grade,redistribution_scope,local_path_v10,source_url,file_exists,file_size_bytes,title_extracted,visible_characters,table_count,direct_resource_count,iframe_count,form_count,block_marker,spa_shell_marker,acquisition_state,content_state,extraction_state,read_error
LCL-0156,ALREADY_LOCAL_VERIFIED,内部,private_only,10_数据集原件与说明/本地原件/最终数据/最终数据/research/media_sentiment_gold_paper/metadata/heywhale_dataset_page.html,,1,1176,工作台 - Heywhale.com,0,0,0,0,0,0,1,ACQUIRED,EMPTY_SHELL,FAILED,
LCL-0157,ALREADY_LOCAL_VERIFIED,内部,private_only,10_数据集原件与说明/本地原件/最终数据/最终数据/research/media_sentiment_gold_paper/metadata/sge_en_daily.html,,1,48869,data_DailyReport,1988,0,0,0,0,0,0,ACQUIRED,NARRATIVE_CONTENT,PENDING,
LCL-0160,ALREADY_LOCAL_VERIFIED,内部,private_only,10_数据集原件与说明/本地原件/最终数据/最终数据/research/media_sentiment_gold_paper/metadata/sge_quotation_daily_new.html,,1,43810,每日行情,726,0,0,0,1,0,0,ACQUIRED,NARRATIVE_CONTENT,PENDING,
WEB-0001,METADATA_ONLY_LICENSE,D,metadata_only,,http://ccb.com/cn/ccbtoday/jhbkhb/20130813_1376363753.html,0,,,0,0,0,0,0,0,0,NOT_ACQUIRED,NOT_ACQUIRED,FAILED,
WEB-0002,DOWNLOADED_VERIFIED,B,shared,06_黄金美元与储备配置/外部原件/WEB-0002__a_href=_/original.html,https://en.sge.com.cn/,1,50382,shanghai gold exchange,2313,2,0,0,0,0,0,ACQUIRED,MIXED_CONTENT,PENDING,
WEB-0003,METADATA_ONLY_LICENSE,D,metadata_only,,http://finance.people.com.cn/stock/n/2013/0422/c67815-21224610.html,0,,,0,0,0,0,0,0,0,NOT_ACQUIRED,NOT_ACQUIRED,FAILED,
WEB-0011,DOWNLOADED_VERIFIED,A,shared,08_企业案例与公开披露/外部原件/WEB-0011_人民银行，2022/original.html,https://www.pbc.gov.cn/tiaofasi/144941/3581332/4600134/index.html,1,32106,中国人民银行办公厅关于印发《黄金租借业务管理暂行办法》的通知（银办发〔2022〕88号）,2232,18,2,0,1,0,0,ACQUIRED,MIXED_CONTENT,PENDING,
WEB-0013,DOWNLOADED_VERIFIED,B,shared,06_黄金美元与储备配置/外部原件/WEB-0013__a_href=_/original.html,https://www.sge.com.cn/,1,72250,首页-上海黄金交易所,1602,1,2,0,1,0,0,ACQUIRED,STRUCTURED_DATA,PENDING,
WEB-0026,DOWNLOADED_VERIFIED,B,shared,06_黄金美元与储备配置/外部原件/WEB-0026_XLSX_entry_xl_worksheets_sheet4.xml/original.html,https://blogs.worldbank.org/en/opendata/precious-metals-retreat-from-record-highs,1,70471,Precious metals retreat from record highs,8310,0,0,3,4,1,0,ACQUIRED,NARRATIVE_CONTENT,PENDING,
WEB-0038,METADATA_ONLY_LICENSE,D,metadata_only,,https://curl.se/docs/http-cookies.html,0,,,0,0,0,0,0,0,0,NOT_ACQUIRED,NOT_ACQUIRED,FAILED,
WEB-0039,DOWNLOADED_VERIFIED,B,shared,"04_国别货币与中国出海/外部原件/WEB-0039_boards,/original.html",https://data.bis.org/topics/RPP/tables-and-dashboards,1,40595,Residential property prices - dashboards | BIS Data Portal,783,0,1,0,0,0,0,ACQUIRED,DOWNLOAD_LANDING,PENDING,
WEB-0040,DOWNLOADED_VERIFIED,B,private_only,06_黄金美元与储备配置/外部原件/WEB-0040_PDF_link_annotation_/original.html,https://data.imf.org/Datasets/WEO,1,328466,WEO,3788,0,5,0,0,0,0,ACQUIRED,NARRATIVE_CONTENT,PENDING,
WEB-0042,DOWNLOADED_VERIFIED,B,shared,04_国别货币与中国出海/外部原件/WEB-0042_PDF_link_annotation_/original.html,https://data.worldbank.org/indicator/FP.CPI.TOTL.ZG,1,1129485,"Inflation, consumer prices (annual %) | Data",2364,0,3,0,0,0,0,ACQUIRED,DOWNLOAD_LANDING,PENDING,
WEB-0043,DOWNLOADED_VERIFIED,B,shared,04_国别货币与中国出海/外部原件/WEB-0043_PDF_link_annotation_/original.html,https://data.worldbank.org/indicator/PA.NUS.FCRF,1,1128846,"Official exchange rate (LCU per US$, period average) | Data",1861,0,3,0,0,0,0,ACQUIRED,DOWNLOAD_LANDING,PENDING,
WEB-0044,DOWNLOADED_VERIFIED,B,shared,04_国别货币与中国出海/外部原件/WEB-0044_World_Bank数据许可/original.html,https://data.worldbank.org/summary-terms-of-use,1,207425,Summary Terms of Use | Data,4866,0,0,0,0,0,0,ACQUIRED,NARRATIVE_CONTENT,PENDING,
WEB-0045,DOWNLOADED_VERIFIED,B,shared,07_会计合规与制裁/外部原件/WEB-0045_8._俄罗斯_2015_年_GDP（-2%）：世界银行_WDI：_/original.html,https://databank.worldbank.org/,1,72642,DataBank | The World Bank,4959,1,0,0,2,0,0,ACQUIRED,MIXED_CONTENT,PENDING,
WEB-0046,DOWNLOADED_VERIFIED,B,shared,"06_黄金美元与储备配置/外部原件/WEB-0046_3_World_Bank,_Global_Economic_Monitor,/original.html",https://datacatalog.worldbank.org/,1,45640,World Bank Data Catalog,579,0,0,0,0,0,0,ACQUIRED,NARRATIVE_CONTENT,PENDING,
WEB-0048,DOWNLOADED_VERIFIED,B,shared,06_黄金美元与储备配置/外部原件/WEB-0048_PDF_link_annotation_/original.html,https://datacatalog.worldbank.org/search/dataset/0037798/global-economic-monitor,1,115923,Global Economic Monitor - World Bank Data Catalog,1889,0,1,0,0,0,0,ACQUIRED,DOWNLOAD_LANDING,PENDING,
WEB-0049,DOWNLOADED_VERIFIED,B,shared,"04_国别货币与中国出海/外部原件/WEB-0049_8_World_Bank,_Indicator_API_Queries,/original.html",https://datahelpdesk.worldbank.org/,1,270319,World Bank Data Help Desk,13870,0,2,0,9,1,0,ACQUIRED,NARRATIVE_CONTENT,PENDING,
WEB-0050,DOWNLOADED_VERIFIED,B,shared,06_黄金美元与储备配置/外部原件/WEB-0050_PDF_link_annotation_/original.html,https://datahelpdesk.worldbank.org/knowledgebase/articles/889392,1,224335,About the Indicators API Documentation – World Bank Data Help Desk,9517,0,1,0,9,1,0,ACQUIRED,NARRATIVE_CONTENT,PENDING,
WEB-0060,DOWNLOADED_VERIFIED,B,shared,06_黄金美元与储备配置/外部原件/WEB-0060_PDF_link_annotation_/original.html,https://en.sge.com.cn/h5_data_BenchmarkPrice,1,25545,shanghai gold exchange,803,6,0,0,0,0,0,ACQUIRED,STRUCTURED_DATA,PENDING,
WEB-0063,METADATA_ONLY_LICENSE,C,metadata_only,,https://finance.caixin.com/2019-06-25/101431232.html,0,,,0,0,0,0,0,0,0,NOT_ACQUIRED,NOT_ACQUIRED,FAILED,
WEB-0064,METADATA_ONLY_LICENSE,D,metadata_only,,https://finance.eastmoney.com/a/202601293635229941.html,0,,,0,0,0,0,0,0,0,NOT_ACQUIRED,NOT_ACQUIRED,FAILED,
WEB-0065,METADATA_ONLY_LICENSE,D,metadata_only,,https://finance.eastmoney.com/a/202601293635238166.html,0,,,0,0,0,0,0,0,0,NOT_ACQUIRED,NOT_ACQUIRED,FAILED,
WEB-0066,METADATA_ONLY_LICENSE,C,metadata_only,,https://finance.sina.cn/2019-11-01/detail-iicezuev6448497.d.html,0,,,0,0,0,0,0,0,0,NOT_ACQUIRED,NOT_ACQUIRED,FAILED,
WEB-0067,METADATA_ONLY_LICENSE,C,metadata_only,,https://finance.sina.cn/futuremarket/qsyw/2022-07-06/detail-imizirav2178461.d.html,0,,,0,0,0,0,0,0,0,NOT_ACQUIRED,NOT_ACQUIRED,FAILED,
WEB-0068,METADATA_ONLY_LICENSE,C,metadata_only,,https://finance.sina.cn/stock/ggyj/2026-01-21/detail-inhiaktt8097986.d.html?vt=4,0,,,0,0,0,0,0,0,0,NOT_ACQUIRED,NOT_ACQUIRED,FAILED,
WEB-0069,METADATA_ONLY_LICENSE,C,metadata_only,,https://finance.sina.cn/zl/2019-04-03/zl-ihvhiewr2875426.d.html,0,,,0,0,0,0,0,0,0,NOT_ACQUIRED,NOT_ACQUIRED,FAILED,
WEB-0091,METADATA_ONLY_LICENSE,D,metadata_only,,https://fund.eastmoney.com/a/202303312678415644.html,0,,,0,0,0,0,0,0,0,NOT_ACQUIRED,NOT_ACQUIRED,FAILED,
WEB-0098,DOWNLOADED_VERIFIED,A,shared,06_黄金美元与储备配置/外部原件/WEB-0098_XLSX_entry_xl_worksheets_sheet4.xml/original.html,https://home.treasury.gov/news/press-releases/jy0612,1,122636,Treasury Prohibits Transactions with Central Bank of Russia and Imposes Sanctions on Key Sources of Russia’s Wealth | U.S. Department of the Treasury,18142,0,1,0,6,1,0,ACQUIRED,NARRATIVE_CONTENT,PENDING,
WEB-0099,DOWNLOADED_VERIFIED,A,shared,05_全球周期与历史危机/外部原件/WEB-0099_3._U.S._Department_of_the_Treasury（美国财政部），《Exchange_Stabilization_Fund_–/original.html,https://home.treasury.gov/policy-issues/international/exchange-stabilization-fund/legislative-basis,1,112464,Legislative Basis | U.S. Department of the Treasury,12582,0,1,0,6,1,0,ACQUIRED,NARRATIVE_CONTENT,PENDING,
WEB-0101,DOWNLOADED_VERIFIED,A,shared,06_黄金美元与储备配置/外部原件/WEB-0101_XLSX_entry_xl_worksheets_sheet2.xml/original.html,https://home.treasury.gov/resource-center/data-chart-center/interest-rates/TextView?type=daily_treasury_real_yield_curve,1,1621196,Daily Treasury Rates | U.S. Department of the Treasury,50414,1,6,0,7,1,0,ACQUIRED,MIXED_CONTENT,PENDING,
WEB-0104,METADATA_ONLY_LICENSE,D,metadata_only,,https://indexes.nikkei.co.jp/nkave/historical/en/nikkei_stock_average_daily_en.html,0,,,0,0,0,0,0,0,0,NOT_ACQUIRED,NOT_ACQUIRED,FAILED,
WEB-0108,DOWNLOADED_VERIFIED,A,shared,08_企业案例与公开披露/外部原件/WEB-0108_上海市委金融办，2025-03/original.html,https://jrj.sh.gov.cn/BX182/20250326/21ddc678b47f47358f7f87bceb73d090.html,1,15481,中国人寿完成国内保险机构首笔黄金询价交易_中共上海市委金融委员会办公室、中共上海市金融工作委员会,984,0,1,0,0,0,0,ACQUIRED,DOWNLOAD_LANDING,PENDING,
WEB-0109,DOWNLOADED_VERIFIED,A,shared,08_企业案例与公开披露/外部原件/WEB-0109_上海金融局，2025/original.html,https://jrj.sh.gov.cn/QT186/20250630/fe7d02adf9a24321921a3f4853668c0f.html,1,18554,上金所启用香港黄金交割仓库 中国黄金市场国际化迈出关键一步_中共上海市委金融委员会办公室、中共上海市金融工作委员会,1787,0,0,0,0,0,0,ACQUIRED,NARRATIVE_CONTENT,PENDING,
WEB-0126,METADATA_ONLY_LICENSE,C,metadata_only,,https://news.sina.cn/gn/2021-11-20/detail-iktzscyy6640228.d.html?vt=4,0,,,0,0,0,0,0,0,0,NOT_ACQUIRED,NOT_ACQUIRED,FAILED,
WEB-0128,DOWNLOADED_VERIFIED,A,shared,07_会计合规与制裁/外部原件/WEB-0128_7._2014_年西方制裁（首轮）：EU_美国财政部_OFAC_公告：_/original.html,https://ofac.treasury.gov/,1,43302,Home | Office of Foreign Assets Control,3940,0,0,0,1,1,0,ACQUIRED,NARRATIVE_CONTENT,PENDING,
WEB-0129,DOWNLOADED_VERIFIED,A,shared,07_会计合规与制裁/外部原件/WEB-0129_PDF_link_annotation_/original.html,https://ofac.treasury.gov/faqs/1029,1,43865,1029 | Office of Foreign Assets Control,7506,0,0,0,2,1,0,ACQUIRED,NARRATIVE_CONTENT,PENDING,
WEB-0133,METADATA_ONLY_LICENSE,C,metadata_only,,https://opinion.caixin.com/2016-08-24/100981080.html,0,,,0,0,0,0,0,0,0,NOT_ACQUIRED,NOT_ACQUIRED,FAILED,
WEB-0134,METADATA_ONLY_LICENSE,C,metadata_only,,https://opinion.caixin.com/2023-08-09/102091459.html,0,,,0,0,0,0,0,0,0,NOT_ACQUIRED,NOT_ACQUIRED,FAILED,
WEB-0139,DOWNLOADED_VERIFIED,A,shared,06_黄金美元与储备配置/外部原件/WEB-0139_-_PMC：/original.html,https://pmc.ncbi.nlm.nih.gov/articles/PMC13025532/,1,364870,Forecasting the Price of Gold with Integrated Media Sentiment—A Prediction Framework Based on Online News Sentiment Mining with CNN-QRLSTM - PMC,110344,55,2,0,4,0,0,ACQUIRED,MIXED_CONTENT,PENDING,
WEB-0159,DOWNLOADED_VERIFIED,B,shared,06_黄金美元与储备配置/外部原件/WEB-0159_XLSX_entry_xl_worksheets_sheet2.xml/original.html,https://thedocs.worldbank.org/en/doc/74e8be41ceb20fa0da750cda2f6b9e4e-0050012026/world-bank-commodities-price-data-the-pink-sheet,1,115046,World Bank Commodities Price Data (The Pink Sheet),6909,0,11,0,7,0,0,ACQUIRED,NARRATIVE_CONTENT,PENDING,
WEB-0162,DOWNLOADED_VERIFIED,A,shared,05_全球周期与历史危机/外部原件/WEB-0162_7._美国财政部《1995_年墨西哥金融救援》文件（200_亿美元外汇稳定基金）：_/original.html,https://home.treasury.gov/,1,181696,Front page | U.S. Department of the Treasury,22184,0,1,0,6,1,0,ACQUIRED,NARRATIVE_CONTENT,PENDING,
WEB-0173,METADATA_ONLY_LICENSE,D,metadata_only,,https://www.azernews.az/business/62020.html,0,,,0,0,0,0,0,0,0,NOT_ACQUIRED,NOT_ACQUIRED,FAILED,
WEB-0183,METADATA_ONLY_LICENSE,D,metadata_only,,https://www.bde.es/wbe/en/areas-actuacion/analisis-e-investigacion/recursos/indices-de-riesgo-geopolitico-generales-y-bilaterales-para-34-economias-6075d2451c9da91.html,0,,,0,0,0,0,0,0,0,NOT_ACQUIRED,NOT_ACQUIRED,FAILED,
WEB-0187,DOWNLOADED_VERIFIED,B,shared,"06_黄金美元与储备配置/外部原件/WEB-0187_change_Reserve_Returns,_BIS_Working_Papers_No._906,_2020,/original.html",https://www.bis.org/,1,22687,Bank for International Settlements,1489,0,0,0,2,0,0,ACQUIRED,NARRATIVE_CONTENT,PENDING,
WEB-0191,DOWNLOADED_VERIFIED,B,shared,06_黄金美元与储备配置/外部原件/WEB-0191_PDF_link_annotation_/original.html,https://www.bis.org/publ/work906.htm,1,35140,What share for gold? On the interaction of gold and foreign exchange reserve returns,3587,0,1,0,2,0,0,ACQUIRED,NARRATIVE_CONTENT,PENDING,
WEB-0194,DOWNLOADED_VERIFIED,A,shared,05_全球周期与历史危机/外部原件/WEB-0194_1._美国_CPI_数据（2022-06_峰值_9.1%）：美国劳工统计局：_/original.html,https://www.bls.gov/cpi/,1,100471,CPI Home : U.S. Bureau of Labor Statistics,8182,0,1,0,3,0,0,ACQUIRED,NARRATIVE_CONTENT,PENDING,
WEB-0195,DOWNLOADED_VERIFIED,A,shared,06_黄金美元与储备配置/外部原件/WEB-0195_XLSX_entry_xl_worksheets_sheet2.xml/original.html,https://www.bls.gov/data/,1,147708,"Databases, Tables & Calculators by Subject : U.S. Bureau of Labor Statistics",12048,16,0,0,2,0,0,ACQUIRED,MIXED_CONTENT,PENDING,
WEB-0197,DOWNLOADED_VERIFIED,B,shared,"05_全球周期与历史危机/外部原件/WEB-0197_Accord,_bubble_formation_and_subsequent_adjustment,/original.html",https://www.boj.or.jp/en,1,63804,Home : 日本銀行 Bank of Japan,13469,0,21,0,1,0,0,ACQUIRED,NARRATIVE_CONTENT,PENDING,
WEB-0198,DOWNLOADED_VERIFIED,B,shared,05_全球周期与历史危机/外部原件/WEB-0198_PDF_link_annotation_/original.html,https://www.boj.or.jp/en/about/press/koen_2011/ko110906a.htm,1,72399,Speech by Board Member Kamezaki in Mie (Recent Economic and Financial Developments in Japan) : 日本銀行 Bank of Japan,39841,0,1,0,1,0,0,ACQUIRED,NARRATIVE_CONTENT,PENDING,
WEB-0199,DOWNLOADED_VERIFIED,B,shared,05_全球周期与历史危机/外部原件/WEB-0199_PDF_link_annotation_/original.html,https://www.boj.or.jp/en/about/press/koen_2021/ko210831a.htm,1,68065,"Speech by Board Member NAKAMURA in Miyazaki (Economic Activity, Prices, and Monetary Policy in Japan (via webcast)) : 日本銀行 Bank of Japan",36885,0,2,0,1,0,0,ACQUIRED,NARRATIVE_CONTENT,PENDING,
WEB-0200,DOWNLOADED_VERIFIED,B,shared,05_全球周期与历史危机/外部原件/WEB-0200_5._日银资金循环统计（家庭金融资产）：日本银行，_/original.html,https://www.boj.or.jp/en/statistics/sj/index.htm,1,59428,Flow of Funds : 日本銀行 Bank of Japan,15781,7,36,0,1,0,0,ACQUIRED,MIXED_CONTENT,PENDING,
WEB-0216,DOWNLOADED_VERIFIED,B,shared,04_国别货币与中国出海/外部原件/WEB-0216_PDF_link_annotation_/original.html,https://www.chicagofed.org/research/data/nfci/current-data,1,82668,National Financial Conditions Index: Current Data - Federal Reserve Bank of Chicago,8630,0,0,1,1,1,0,ACQUIRED,NARRATIVE_CONTENT,PENDING,
WEB-0218,METADATA_ONLY_LICENSE,D,metadata_only,,https://www.chinagoldsh.com/portal/cn/index.html,0,,,0,0,0,0,0,0,0,NOT_ACQUIRED,NOT_ACQUIRED,FAILED,
WEB-0225,METADATA_ONLY_LICENSE,D,metadata_only,,https://www.cmegroup.com/markets/metals/precious.html,0,,,0,0,0,0,0,0,0,NOT_ACQUIRED,NOT_ACQUIRED,FAILED,
WEB-0227,METADATA_ONLY_LICENSE,D,metadata_only,,https://www.cnfin.com/hs-lb/detail/20230314/3822485_1.html,0,,,0,0,0,0,0,0,0,NOT_ACQUIRED,NOT_ACQUIRED,FAILED,
WEB-0235,DOWNLOADED_VERIFIED,A,shared,05_全球周期与历史危机/外部原件/WEB-0235_5._国务院发展研究中心，张瑾《亚洲金融危机回顾与思考》，2022——各国股市跌幅与韩元半年贬值_48%：/original.html,https://www.drc.gov.cn/DocView.aspx?chnid=379&leafid=1338&docid=2905952,1,44391,张瑾：亚洲金融危机回顾与思考 - 国务院发展研究中心,7067,3,0,0,0,0,0,ACQUIRED,MIXED_CONTENT,PENDING,
WEB-0237,DOWNLOADED_VERIFIED,B,shared,05_全球周期与历史危机/外部原件/WEB-0237_7._《华盛顿协议》（1999-09）：欧洲央行（ECB）声明：_/original.html,https://www.ecb.europa.eu/home/html/index.en.html,1,208598,European Central Bank,54459,2,47,0,2,0,0,ACQUIRED,MIXED_CONTENT,PENDING,
WEB-0238,DOWNLOADED_VERIFIED,B,shared,05_全球周期与历史危机/外部原件/WEB-0238_1._ECB《The_Financial_Crisis_in_the_Global_Economy》与希腊救助文件：_/original.html,https://www.ecb.europa.eu/press/pubbydate/html/index.en.html,1,99541,Publications by date,12315,0,0,0,2,0,0,ACQUIRED,NARRATIVE_CONTENT,PENDING,
WEB-0247,METADATA_ONLY_LICENSE,D,metadata_only,,https://www.esri.cao.go.jp/en/sna/menu.html,0,,,0,0,0,0,0,0,0,NOT_ACQUIRED,NOT_ACQUIRED,FAILED,
WEB-0251,METADATA_ONLY_LICENSE,D,metadata_only,,https://www.fangdalaw.com/content/details32_8567.html,0,,,0,0,0,0,0,0,0,NOT_ACQUIRED,NOT_ACQUIRED,FAILED,
WEB-0252,METADATA_ONLY_LICENSE,A,metadata_only,,https://www.fdic.gov/news/press-releases/2023/pr23016.html,0,,,0,0,0,0,0,0,0,NOT_ACQUIRED,NOT_ACQUIRED,FAILED,
WEB-0253,DOWNLOADED_VERIFIED,A,shared,06_黄金美元与储备配置/外部原件/WEB-0253_XLSX_entry_xl_worksheets_sheet4.xml/original.html,https://www.federalreserve.gov/econres/notes/feds-notes/the-federal-reserves-responses-to-the-post-covid-period-of-high-inflation-20240214.html,1,118262,The Fed - The Federal Reserve’s responses to the post-Covid period of high inflation,35610,1,4,0,2,0,0,ACQUIRED,MIXED_CONTENT,PENDING,
WEB-0254,DOWNLOADED_VERIFIED,A,shared,05_全球周期与历史危机/外部原件/WEB-0254_2._美联储加息记录：美联储官网（FOMC_声明与经济预测）：_/original.html,https://www.federalreserve.gov/monetarypolicy/fomccalendars.htm,1,166536,The Fed - Meeting calendars and information,16657,0,112,0,3,0,0,ACQUIRED,NARRATIVE_CONTENT,PENDING,
WEB-0256,DOWNLOADED_VERIFIED,A,shared,04_国别货币与中国出海/外部原件/WEB-0256_2020年FOMC官方新闻稿索引（替代失效汇总链接）/original.html,https://www.federalreserve.gov/newsevents/pressreleases/2020-press-fomc.htm,1,87431,Federal Reserve Board - 2020 FOMC Press Releases,9459,0,1,0,2,0,0,ACQUIRED,NARRATIVE_CONTENT,PENDING,
WEB-0257,DOWNLOADED_VERIFIED,A,shared,06_黄金美元与储备配置/外部原件/WEB-0257_XLSX_entry_xl_worksheets_sheet4.xml/original.html,https://www.federalreserve.gov/newsevents/pressreleases/monetary20200315a.htm,1,87259,Federal Reserve Board - Federal Reserve issues FOMC statement,13084,0,2,0,2,0,0,ACQUIRED,NARRATIVE_CONTENT,PENDING,
WEB-0258,DOWNLOADED_VERIFIED,A,shared,06_黄金美元与储备配置/外部原件/WEB-0258_XLSX_entry_xl_worksheets_sheet4.xml/original.html,https://www.federalreserve.gov/newsevents/pressreleases/monetary20200315a1.htm,1,82734,"Federal Reserve Board - Implementation Note issued March 15, 2020",11993,0,1,0,2,0,0,ACQUIRED,NARRATIVE_CONTENT,PENDING,
WEB-0259,DOWNLOADED_VERIFIED,A,shared,06_黄金美元与储备配置/外部原件/WEB-0259_XLSX_entry_xl_worksheets_sheet4.xml/original.html,https://www.federalreserve.gov/newsevents/pressreleases/monetary20211215a1.htm,1,82508,"Federal Reserve Board - Implementation Note issued December 15, 2021",11535,0,1,0,2,0,0,ACQUIRED,NARRATIVE_CONTENT,PENDING,
WEB-0260,DOWNLOADED_VERIFIED,A,shared,06_黄金美元与储备配置/外部原件/WEB-0260_XLSX_entry_xl_worksheets_sheet4.xml/original.html,https://www.federalreserve.gov/newsevents/pressreleases/monetary20220316a.htm,1,84345,Federal Reserve Board - Federal Reserve issues FOMC statement,10752,0,2,0,2,0,0,ACQUIRED,NARRATIVE_CONTENT,PENDING,
WEB-0261,DOWNLOADED_VERIFIED,A,shared,06_黄金美元与储备配置/外部原件/WEB-0261_XLSX_entry_xl_worksheets_sheet4.xml/original.html,https://www.federalreserve.gov/newsevents/pressreleases/monetary20230312a.htm,1,87011,Federal Reserve Board - Federal Reserve Board announces it will make available additional funding to eligible depository institutions to help assure banks have the ability to meet the needs of all their depositors,11388,0,3,0,2,0,0,ACQUIRED,NARRATIVE_CONTENT,PENDING,
WEB-0262,DOWNLOADED_VERIFIED,A,shared,06_黄金美元与储备配置/外部原件/WEB-0262_XLSX_entry_xl_worksheets_sheet4.xml/original.html,https://www.federalreserve.gov/newsevents/pressreleases/monetary20240918a.htm,1,84619,Federal Reserve Board - Federal Reserve issues FOMC statement,10860,0,2,0,2,0,0,ACQUIRED,NARRATIVE_CONTENT,PENDING,
WEB-0263,DOWNLOADED_VERIFIED,A,shared,06_黄金美元与储备配置/外部原件/WEB-0263_XLSX_entry_xl_worksheets_sheet4.xml/original.html,https://www.federalreserve.gov/newsevents/pressreleases/monetary20251210a.htm,1,84784,Federal Reserve Board - Federal Reserve issues FOMC statement,11015,0,2,0,2,0,0,ACQUIRED,NARRATIVE_CONTENT,PENDING,
WEB-0264,DOWNLOADED_VERIFIED,A,shared,06_黄金美元与储备配置/外部原件/WEB-0264_XLSX_entry_xl_worksheets_sheet2.xml/original.html,https://www.federalreserve.gov/releases/g17/,1,332017,Federal Reserve Board - Industrial Production and Capacity Utilization -
G.17,31322,30,1356,0,2,0,0,ACQUIRED,MIXED_CONTENT,PENDING,
WEB-0265,DOWNLOADED_VERIFIED,A,shared,06_黄金美元与储备配置/外部原件/WEB-0265_-_来源：/original.html,https://www.federalreserve.gov/releases/h10/current/,1,87929,"Federal Reserve Board - Foreign Exchange Rates - H.10 - August 12, 2026",11132,1,3,0,2,0,0,ACQUIRED,MIXED_CONTENT,PENDING,
WEB-0266,DOWNLOADED_VERIFIED,A,shared,06_黄金美元与储备配置/外部原件/WEB-0266_XLSX_entry_xl_worksheets_sheet2.xml/original.html,https://www.federalreserve.gov/releases/h10/summary/jrxwtfb_nb.htm,1,889264,"Federal Reserve Board - Foreign Exchange Rates - H.10 - August 12, 2026",105588,1,3,0,2,0,0,ACQUIRED,MIXED_CONTENT,PENDING,
WEB-0269,METADATA_ONLY_LICENSE,D,metadata_only,,https://www.financialnews.com.cn/2025-02/05/content_417794.html,0,,,0,0,0,0,0,0,0,NOT_ACQUIRED,NOT_ACQUIRED,FAILED,
WEB-0270,METADATA_ONLY_LICENSE,D,metadata_only,,https://www.financialnews.com.cn/jg/zc/202402/t20240202_286986.html,0,,,0,0,0,0,0,0,0,NOT_ACQUIRED,NOT_ACQUIRED,FAILED,
WEB-0271,METADATA_ONLY_LICENSE,D,metadata_only,,https://www.fx678.com/C/20260205/202602051010132463.html,0,,,0,0,0,0,0,0,0,NOT_ACQUIRED,NOT_ACQUIRED,FAILED,
WEB-0274,METADATA_ONLY_LICENSE,D,metadata_only,,https://www.gdeltproject.org/data.html,0,,,0,0,0,0,0,0,0,NOT_ACQUIRED,NOT_ACQUIRED,FAILED,
WEB-0289,DOWNLOADED_VERIFIED,A,shared,08_企业案例与公开披露/外部原件/WEB-0289_办法全文，中国政府网/original.html,https://www.gov.cn/zhengce/2015-04/01/content_5712727.htm,1,49259,黄金及黄金制品进出口管理办法_人民银行_中国政府网,5098,0,1,0,2,0,0,ACQUIRED,NARRATIVE_CONTENT,PENDING,
WEB-0291,METADATA_ONLY_LICENSE,D,metadata_only,,https://www.gwyoo.com/lunwen/cwlw/cwyjlw/202105/740664.html,0,,,0,0,0,0,0,0,0,NOT_ACQUIRED,NOT_ACQUIRED,FAILED,
WEB-0292,METADATA_ONLY_LICENSE,D,metadata_only,,https://www.hankunlaw.com/portal/article/index/cid/8/id/13961.html,0,,,0,0,0,0,0,0,0,NOT_ACQUIRED,NOT_ACQUIRED,FAILED,
WEB-0298,DOWNLOADED_VERIFIED,B,private_only,08_企业案例与公开披露/外部原件/WEB-0298_6._IATA《2024_Blocked_Funds_Update》（尼日利亚清兑后、其余国家仍高企）：_/original.html,https://www.iata.org/,1,134420,IATA - Home,7572,0,0,2,2,0,0,ACQUIRED,NARRATIVE_CONTENT,PENDING,
WEB-0299,DOWNLOADED_VERIFIED,B,private_only,04_国别货币与中国出海/外部原件/WEB-0299_url_=/original.html,https://www.iata.org/blocked-funds,1,109350,IATA - Blocked Funds,7901,1,0,3,2,0,0,ACQUIRED,MIXED_CONTENT,PENDING,
WEB-0300,DOWNLOADED_VERIFIED,B,private_only,08_企业案例与公开披露/外部原件/WEB-0300_1._IATA《Blocked_Funds_Report》（2023-04_峰值_22.7_亿美元、分国别数据）：_/original.html,https://www.iata.org/en/pressroom,1,131788,IATA - Pressroom,8210,0,0,1,3,0,0,ACQUIRED,NARRATIVE_CONTENT,PENDING,
WEB-0301,DOWNLOADED_VERIFIED,B,private_only,04_国别货币与中国出海/外部原件/WEB-0301_PDF_link_annotation_/original.html,https://www.iata.org/en/pressroom/2024-releases/2024-06-02-01,1,106599,IATA - Blocked Funds Drop to $1.8 billion with Major Clearance in Nigeria,9061,1,1,1,2,0,0,ACQUIRED,MIXED_CONTENT,PENDING,
WEB-0303,DOWNLOADED_VERIFIED,B,private_only,07_会计合规与制裁/外部原件/WEB-0303_4._IAS_29《恶性通货膨胀经济中的财务报告》准则文本：IFRS_Foundation：_/original.html,https://www.ifrs.org/,1,131324,IFRS - IFRS Foundation,12900,0,2,0,1,1,0,ACQUIRED,NARRATIVE_CONTENT,PENDING,
WEB-0309,DOWNLOADED_VERIFIED,B,private_only,"07_会计合规与制裁/外部原件/WEB-0309_Economies,/original.html",https://www.ifrs.org/issued-standards/list-of-standards/,1,112988,IFRS - IFRS Accounting Standards Navigator,10258,0,2,1,1,1,0,ACQUIRED,NARRATIVE_CONTENT,PENDING,
WEB-0310,DOWNLOADED_VERIFIED,B,private_only,07_会计合规与制裁/外部原件/WEB-0310_PDF_link_annotation_/original.html,https://www.ifrs.org/issued-standards/list-of-standards/ias-29-financial-reporting-in-hyperinflationary-economies/,1,112316,IFRS - IAS 29 Financial Reporting in Hyperinflationary Economies,11114,0,2,0,1,1,0,ACQUIRED,NARRATIVE_CONTENT,PENDING,
WEB-0318,DOWNLOADED_VERIFIED,B,private_only,05_全球周期与历史危机/外部原件/WEB-0318_1._IMF《Mexico_The_Tequila_Crisis》案例研究（比索汇率、外储、救助规模）：_/original.html,https://www.imf.org/external/np/exr/center/mm/eng/mm_rs_03.htm,1,14719,"Money Matters, an IMF Exhibit -- The Importance of Global Cooperation, Reinventing the System (1972-1981), Part 3 of 7",1705,7,0,0,1,0,0,ACQUIRED,STRUCTURED_DATA,PENDING,
WEB-0325,METADATA_ONLY_LICENSE,D,metadata_only,,https://www.kingandwood.com/cn/zh/insights/latest-thinking/gold-market-foreign-investors-participate-in-chinas-gold-market.html,0,,,0,0,0,0,0,0,0,NOT_ACQUIRED,NOT_ACQUIRED,FAILED,
WEB-0335,DOWNLOADED_VERIFIED,B,private_only,"06_黄金美元与储备配置/外部原件/WEB-0335_论文,论文PDF,完整论文,2026-02-28,一次性,MDPI_PMC,/original.html",https://www.mdpi.com/1099-4300/28/3/271,1,2200,,0,0,0,1,0,1,0,ACQUIRED,BLOCK_PAGE,FAILED,
WEB-0336,DOWNLOADED_VERIFIED,B,private_only,04_国别货币与中国出海/外部原件/WEB-0336_缺失论文PDF恢复候选/original.html,https://www.mdpi.com/1099-4300/28/3/271/pdf,1,2220,,0,0,0,1,0,1,0,ACQUIRED,BLOCK_PAGE,FAILED,
WEB-0344,DOWNLOADED_VERIFIED,A,shared,06_黄金美元与储备配置/外部原件/WEB-0344_PDF_link_annotation_/original.html,https://www.mofcom.gov.cn/zfxxgk/fdzdgknr/ztfl/tjsj/gwjjhztj/art/2025/art_73650df853694bf0a192e5fceb2948bb.html,1,24277,商务部、国家统计局和国家外汇管理局联合发布《2024年度中国对外直接投资统计公报》,2220,0,0,0,0,0,0,ACQUIRED,NARRATIVE_CONTENT,PENDING,
WEB-0345,DOWNLOADED_VERIFIED,A,shared,08_企业案例与公开披露/外部原件/WEB-0345_人社部，2020/original.html,https://www.mohrss.gov.cn/shbxjjjds/SHBXJDSzhengcewenjian/202012/t20201230_406915.html,1,989,,0,0,0,0,0,1,0,ACQUIRED,BLOCK_PAGE,FAILED,
WEB-0348,DOWNLOADED_VERIFIED,B,private_only,05_全球周期与历史危机/外部原件/WEB-0348_PDF_link_annotation_/original.html,https://www.nber.org/papers/w18706,1,92994,The Golden Dilemma | NBER,6991,0,0,0,3,0,0,ACQUIRED,NARRATIVE_CONTENT,PENDING,
WEB-0349,DOWNLOADED_VERIFIED,B,private_only,05_全球周期与历史危机/外部原件/WEB-0349_PDF_link_annotation_/original.html,https://www.nber.org/research/business-cycle-dating,1,80343,Business Cycle Dating | NBER,7140,0,0,1,2,0,0,ACQUIRED,NARRATIVE_CONTENT,PENDING,
WEB-0350,DOWNLOADED_VERIFIED,B,private_only,"05_全球周期与历史危机/外部原件/WEB-0350_sions_and_Contractions,/original.html",https://www.nber.org/research/data,1,72076,Public Use Data Archive | NBER,4819,0,0,0,2,0,0,ACQUIRED,NARRATIVE_CONTENT,PENDING,
WEB-0351,DOWNLOADED_VERIFIED,B,private_only,05_全球周期与历史危机/外部原件/WEB-0351_PDF_link_annotation_/original.html,https://www.nber.org/research/data/us-business-cycle-expansions-and-contractions,1,91464,US Business Cycle Expansions and Contractions | NBER,6807,1,3,0,2,0,0,ACQUIRED,MIXED_CONTENT,PENDING,
WEB-0357,DOWNLOADED_VERIFIED,A,shared,08_企业案例与公开披露/外部原件/WEB-0357_金融监管总局官网全文/original.html,https://www.nfra.gov.cn/cn/view/pages/ItemDetail.html?docId=1151066&itemId=4214&generaltype=1,1,20416,国家金融监督管理总局,873,1,0,0,0,0,0,ACQUIRED,STRUCTURED_DATA,PENDING,
WEB-0358,DUPLICATE_CONTENT,A,shared,08_企业案例与公开披露/外部原件/WEB-0357_金融监管总局官网全文/original.html,https://www.nfra.gov.cn/cn/view/pages/ItemDetail.html?docId=1198136&itemId=915,1,20416,国家金融监督管理总局,873,1,0,0,0,0,0,ACQUIRED,STRUCTURED_DATA,PENDING,
WEB-0359,DOWNLOADED_VERIFIED,A,shared,08_企业案例与公开披露/外部原件/WEB-0359_办法附件测算示例/original.html,https://www.nfra.gov.cn/cn/view/pages/rulesDetail.html?docId=1151066,1,8938,国家金融监督管理总局,110,0,0,0,0,0,0,ACQUIRED,LOW_CONTENT,PARTIAL,
WEB-0363,DOWNLOADED_VERIFIED,D,private_only,06_黄金美元与储备配置/外部原件/WEB-0363_XLSX_entry_xl_worksheets_sheet11.xml/original.html,https://www.policyuncertainty.com/,1,22597,Economic Policy Uncertainty Index,1625,1,0,0,1,0,0,ACQUIRED,STRUCTURED_DATA,PENDING,
WEB-0364,DOWNLOADED_VERIFIED,D,private_only,06_黄金美元与储备配置/外部原件/WEB-0364_-_来源：/original.html,https://www.policyuncertainty.com/china_monthly.html,1,16007,China Policy Uncertainty Indices Based on Mainland Papers,3801,1,2,0,1,0,0,ACQUIRED,MIXED_CONTENT,PENDING,
WEB-0367,METADATA_ONLY_LICENSE,D,metadata_only,,https://www.prnewswire.com/news-releases/prestige-wealth-inc-signs-and-closes-approx-150-million-financing-for-aurelion-treasury-initiating-nasdaq-s-first-tether-gold-treasury-prestige-wealth-inc-nasdaq-aure-plans-to-be-renamed-to-aurelion-inc-subject-to-appro-302583388.html,0,,,0,0,0,0,0,0,0,NOT_ACQUIRED,NOT_ACQUIRED,FAILED,
WEB-0381,METADATA_ONLY_LICENSE,D,metadata_only,,https://www.sac.net.cn/sjb/xxgk/hysj/jjsj/202512/t20251231_73981.html,0,,,0,0,0,0,0,0,0,NOT_ACQUIRED,NOT_ACQUIRED,FAILED,
WEB-0382,DOWNLOADED_VERIFIED,A,shared,05_全球周期与历史危机/外部原件/WEB-0382_7._中国央行_2022_年_11_月重启购金（+32_吨）：国家外汇管理局_2022_年_12_月官方储备数据公报：_/original.html,https://www.safe.gov.cn/,1,103172,国家外汇管理局门户网站,6257,0,4,0,1,0,0,ACQUIRED,NARRATIVE_CONTENT,PENDING,
WEB-0383,METADATA_ONLY_LICENSE,D,metadata_only,,https://www.saif.sjtu.edu.cn/show-66-2563.html,0,,,0,0,0,0,0,0,0,NOT_ACQUIRED,NOT_ACQUIRED,FAILED,
WEB-0385,DOWNLOADED_VERIFIED,A,shared,08_企业案例与公开披露/外部原件/WEB-0385_2._Newmont_公司_10-K_年报（SEC，2006）——引_LBMA_伦敦下午定盘价年度高_低_均价（2000：279；2001：27/original.html,https://www.sec.gov/Archives/edgar/data/1164727/000119312506043441/d10k.htm,1,3578296,Form 10-K,610568,392,0,0,0,0,0,ACQUIRED,MIXED_CONTENT,PENDING,
WEB-0386,DOWNLOADED_VERIFIED,A,shared,08_企业案例与公开披露/外部原件/WEB-0386_3._美国SEC备案文件（SPDR_Gold_Trust_FWP，载2008年3月17日金价1011美元纪录），2009年，/original.html,https://www.sec.gov/Archives/edgar/data/1222333/000095012309004884/y01039ffwp.htm,1,33589,FWP,21189,23,0,0,0,0,0,ACQUIRED,MIXED_CONTENT,PENDING,
WEB-0387,DOWNLOADED_VERIFIED,A,shared,08_企业案例与公开披露/外部原件/WEB-0387_3._AB_InBev_2023_年报（阿根廷贬值_+_IAS_29_冲击_3.03_亿美元）：SEC_EDGAR：_/original.html,https://www.sec.gov/Archives/edgar/data/1668717,1,82525,Directory List of /Archives/edgar/data/1668717,14757,1,0,0,0,0,0,ACQUIRED,MIXED_CONTENT,PENDING,
WEB-0388,DOWNLOADED_VERIFIED,A,shared,08_企业案例与公开披露/外部原件/WEB-0388_1._AB_InBev_2023_年报（20-F，IAS_29_重述与贬值负面影响_3.03_亿美元）：SEC_EDGAR：_/original.html,https://www.sec.gov/Archives/edgar/data/1668717/000119312524052002,1,65607,Directory List of /Archives/edgar/data/1668717/000119312524052002,12613,1,1,0,0,0,0,ACQUIRED,MIXED_CONTENT,PENDING,
WEB-0389,DOWNLOADED_VERIFIED,A,shared,08_企业案例与公开披露/外部原件/WEB-0389_AB_InBev_FY2023，SEC/original.html,https://www.sec.gov/Archives/edgar/data/1668717/000119312524052002/d788729dex991.htm,1,867071,EX-99.1,768456,0,0,0,0,0,0,ACQUIRED,NARRATIVE_CONTENT,PENDING,
WEB-0390,DOWNLOADED_VERIFIED,A,shared,08_企业案例与公开披露/外部原件/WEB-0390_Barrick_2009_年报，SEC/original.html,https://www.sec.gov/Archives/edgar/data/756894/000110465910017012/a10-4461_1ex99d1.htm,1,2528778,North
America,369345,42,0,0,0,0,0,ACQUIRED,MIXED_CONTENT,PENDING,
WEB-0391,DOWNLOADED_VERIFIED,A,shared,08_企业案例与公开披露/外部原件/WEB-0391_4._Palantir_10-Q_10-K（SEC_EDGAR）：_/original.html,https://www.sec.gov/edgar/browse/?CIK=0001321655,1,38617,EDGAR Entity Landing Page,2482,1,0,0,1,1,0,ACQUIRED,MIXED_CONTENT,PENDING,
WEB-0392,DUPLICATE_CONTENT,B,shared,06_黄金美元与储备配置/外部原件/WEB-0013__a_href=_/original.html,https://www.sge.com.cn/,1,72250,首页-上海黄金交易所,1602,1,2,0,1,0,0,ACQUIRED,STRUCTURED_DATA,PENDING,
WEB-0393,DOWNLOADED_VERIFIED,B,shared,08_企业案例与公开披露/外部原件/WEB-0393_SGE_官网/original.html,https://www.sge.com.cn/cpfw/Product_service_details?pro_id=793736488955461632&parent_cplx=0&cplx=7,1,55311,现货实盘合约_详情-上海黄金交易所,1614,1,3,0,1,0,0,ACQUIRED,STRUCTURED_DATA,PENDING,
WEB-0394,DOWNLOADED_VERIFIED,B,shared,06_黄金美元与储备配置/外部原件/WEB-0394_-_SGE_更早历史数据：/original.html,https://www.sge.com.cn/sjzx/mrhqsj,1,51845,每日行情-上海黄金交易所,1319,0,2,0,1,0,0,ACQUIRED,DOWNLOAD_LANDING,PENDING,
WEB-0395,DOWNLOADED_VERIFIED,B,shared,06_黄金美元与储备配置/外部原件/WEB-0395_XLSX_entry_xl_worksheets_sheet11.xml/original.html,https://www.sge.com.cn/sjzx/quotation_daily_new,1,43210,每日行情,750,0,2,0,1,0,0,ACQUIRED,DOWNLOAD_LANDING,PENDING,
WEB-0396,DOWNLOADED_VERIFIED,B,shared,06_黄金美元与储备配置/外部原件/WEB-0396_XLSX_entry_xl_worksheets_sheet6.xml/original.html,https://www.sge.com.cn/sjzx/quotation_daily_new?start_date=2024-01-01&end_date=2024-01-31&inst_ids=Ag%28T%2BD%29&p=,1,93854,每日行情,3431,1,2,0,1,0,0,ACQUIRED,MIXED_CONTENT,PENDING,
WEB-0397,DOWNLOADED_VERIFIED,B,shared,06_黄金美元与储备配置/外部原件/WEB-0397_XLSX_entry_xl_worksheets_sheet6.xml/original.html,https://www.sge.com.cn/sjzx/quotation_daily_new?start_date=2024-01-01&end_date=2024-01-31&inst_ids=Au99.99&p=,1,93346,每日行情,3084,1,2,0,1,0,0,ACQUIRED,MIXED_CONTENT,PENDING,
WEB-0398,DOWNLOADED_VERIFIED,B,shared,06_黄金美元与储备配置/外部原件/WEB-0398_XLSX_entry_xl_worksheets_sheet6.xml/original.html,https://www.sge.com.cn/sjzx/quotation_daily_new?start_date=2024-02-01&end_date=2024-02-29&inst_ids=Ag%28T%2BD%29&p=,1,89606,每日行情,3000,1,2,0,1,0,0,ACQUIRED,MIXED_CONTENT,PENDING,
WEB-0399,DOWNLOADED_VERIFIED,B,shared,06_黄金美元与储备配置/外部原件/WEB-0399_XLSX_entry_xl_worksheets_sheet6.xml/original.html,https://www.sge.com.cn/sjzx/quotation_daily_new?start_date=2024-02-01&end_date=2024-02-29&inst_ids=Au99.99&p=,1,89198,每日行情,2721,1,2,0,1,0,0,ACQUIRED,MIXED_CONTENT,PENDING,
WEB-0400,DOWNLOADED_VERIFIED,B,shared,06_黄金美元与储备配置/外部原件/WEB-0400_XLSX_entry_xl_worksheets_sheet6.xml/original.html,https://www.sge.com.cn/sjzx/quotation_daily_new?start_date=2024-03-01&end_date=2024-03-31&inst_ids=Ag%28T%2BD%29&p=,1,93856,每日行情,3434,1,2,0,1,0,0,ACQUIRED,MIXED_CONTENT,PENDING,
WEB-0401,DOWNLOADED_VERIFIED,B,shared,06_黄金美元与储备配置/外部原件/WEB-0401_XLSX_entry_xl_worksheets_sheet6.xml/original.html,https://www.sge.com.cn/sjzx/quotation_daily_new?start_date=2024-03-01&end_date=2024-03-31&inst_ids=Au99.99&p=,1,93335,每日行情,3073,1,2,0,1,0,0,ACQUIRED,MIXED_CONTENT,PENDING,
WEB-0402,DOWNLOADED_VERIFIED,B,shared,06_黄金美元与储备配置/外部原件/WEB-0402_XLSX_entry_xl_worksheets_sheet6.xml/original.html,https://www.sge.com.cn/sjzx/quotation_daily_new?start_date=2024-04-01&end_date=2024-04-30&inst_ids=Ag%28T%2BD%29&p=,1,93604,每日行情,3447,1,2,0,1,0,0,ACQUIRED,MIXED_CONTENT,PENDING,
WEB-0403,DOWNLOADED_VERIFIED,B,shared,06_黄金美元与储备配置/外部原件/WEB-0403_XLSX_entry_xl_worksheets_sheet6.xml/original.html,https://www.sge.com.cn/sjzx/quotation_daily_new?start_date=2024-04-01&end_date=2024-04-30&inst_ids=Au99.99&p=,1,93069,每日行情,3072,1,2,0,1,0,0,ACQUIRED,MIXED_CONTENT,PENDING,
WEB-0404,DOWNLOADED_VERIFIED,B,shared,06_黄金美元与储备配置/外部原件/WEB-0404_XLSX_entry_xl_worksheets_sheet6.xml/original.html,https://www.sge.com.cn/sjzx/quotation_daily_new?start_date=2024-05-01&end_date=2024-05-31&inst_ids=Ag%28T%2BD%29&p=,1,93589,每日行情,3432,1,2,0,1,0,0,ACQUIRED,MIXED_CONTENT,PENDING,
WEB-0405,DOWNLOADED_VERIFIED,B,shared,06_黄金美元与储备配置/外部原件/WEB-0405_XLSX_entry_xl_worksheets_sheet6.xml/original.html,https://www.sge.com.cn/sjzx/quotation_daily_new?start_date=2024-05-01&end_date=2024-05-31&inst_ids=Au99.99&p=,1,93070,每日行情,3073,1,2,0,1,0,0,ACQUIRED,MIXED_CONTENT,PENDING,
WEB-0406,DOWNLOADED_VERIFIED,B,shared,06_黄金美元与储备配置/外部原件/WEB-0406_XLSX_entry_xl_worksheets_sheet6.xml/original.html,https://www.sge.com.cn/sjzx/quotation_daily_new?start_date=2024-06-01&end_date=2024-06-30&inst_ids=Ag%28T%2BD%29&p=,1,92602,每日行情,3333,1,2,0,1,0,0,ACQUIRED,MIXED_CONTENT,PENDING,
WEB-0407,DOWNLOADED_VERIFIED,B,shared,06_黄金美元与储备配置/外部原件/WEB-0407_XLSX_entry_xl_worksheets_sheet6.xml/original.html,https://www.sge.com.cn/sjzx/quotation_daily_new?start_date=2024-06-01&end_date=2024-06-30&inst_ids=Au99.99&p=,1,92090,每日行情,2973,1,2,0,1,0,0,ACQUIRED,MIXED_CONTENT,PENDING,
WEB-0408,DOWNLOADED_VERIFIED,B,shared,06_黄金美元与储备配置/外部原件/WEB-0408_XLSX_entry_xl_worksheets_sheet6.xml/original.html,https://www.sge.com.cn/sjzx/quotation_daily_new?start_date=2024-07-01&end_date=2024-07-31&inst_ids=Ag%28T%2BD%29&p=,1,93853,每日行情,3429,1,2,0,1,0,0,ACQUIRED,MIXED_CONTENT,PENDING,
WEB-0409,DOWNLOADED_VERIFIED,B,shared,06_黄金美元与储备配置/外部原件/WEB-0409_XLSX_entry_xl_worksheets_sheet6.xml/original.html,https://www.sge.com.cn/sjzx/quotation_daily_new?start_date=2024-07-01&end_date=2024-07-31&inst_ids=Au99.99&p=,1,93313,每日行情,3051,1,2,0,1,0,0,ACQUIRED,MIXED_CONTENT,PENDING,
WEB-0410,DOWNLOADED_VERIFIED,B,shared,06_黄金美元与储备配置/外部原件/WEB-0410_XLSX_entry_xl_worksheets_sheet6.xml/original.html,https://www.sge.com.cn/sjzx/quotation_daily_new?start_date=2024-08-01&end_date=2024-08-31&inst_ids=Ag%28T%2BD%29&p=,1,93864,每日行情,3442,1,2,0,1,0,0,ACQUIRED,MIXED_CONTENT,PENDING,
WEB-0411,DOWNLOADED_VERIFIED,B,shared,06_黄金美元与储备配置/外部原件/WEB-0411_XLSX_entry_xl_worksheets_sheet6.xml/original.html,https://www.sge.com.cn/sjzx/quotation_daily_new?start_date=2024-08-01&end_date=2024-08-31&inst_ids=Au99.99&p=,1,93322,每日行情,3060,1,2,0,1,0,0,ACQUIRED,MIXED_CONTENT,PENDING,
WEB-0412,DOWNLOADED_VERIFIED,B,shared,06_黄金美元与储备配置/外部原件/WEB-0412_XLSX_entry_xl_worksheets_sheet6.xml/original.html,https://www.sge.com.cn/sjzx/quotation_daily_new?start_date=2024-09-01&end_date=2024-09-30&inst_ids=Ag%28T%2BD%29&p=,1,92594,每日行情,3323,1,2,0,1,0,0,ACQUIRED,MIXED_CONTENT,PENDING,
WEB-0413,DOWNLOADED_VERIFIED,B,shared,06_黄金美元与储备配置/外部原件/WEB-0413_XLSX_entry_xl_worksheets_sheet6.xml/original.html,https://www.sge.com.cn/sjzx/quotation_daily_new?start_date=2024-09-01&end_date=2024-09-30&inst_ids=Au99.99&p=,1,92093,每日行情,2976,1,2,0,1,0,0,ACQUIRED,MIXED_CONTENT,PENDING,
WEB-0414,DOWNLOADED_VERIFIED,B,shared,06_黄金美元与储备配置/外部原件/WEB-0414_XLSX_entry_xl_worksheets_sheet6.xml/original.html,https://www.sge.com.cn/sjzx/quotation_daily_new?start_date=2024-10-01&end_date=2024-10-31&inst_ids=Ag%28T%2BD%29&p=,1,91594,每日行情,3212,1,2,0,1,0,0,ACQUIRED,MIXED_CONTENT,PENDING,
WEB-0415,DOWNLOADED_VERIFIED,B,shared,06_黄金美元与储备配置/外部原件/WEB-0415_XLSX_entry_xl_worksheets_sheet6.xml/original.html,https://www.sge.com.cn/sjzx/quotation_daily_new?start_date=2024-10-01&end_date=2024-10-31&inst_ids=Au99.99&p=,1,91125,每日行情,2888,1,2,0,1,0,0,ACQUIRED,MIXED_CONTENT,PENDING,
WEB-0416,DOWNLOADED_VERIFIED,B,shared,06_黄金美元与储备配置/外部原件/WEB-0416_XLSX_entry_xl_worksheets_sheet6.xml/original.html,https://www.sge.com.cn/sjzx/quotation_daily_new?start_date=2024-11-01&end_date=2024-11-30&inst_ids=Ag%28T%2BD%29&p=,1,93860,每日行情,3437,1,2,0,1,0,0,ACQUIRED,MIXED_CONTENT,PENDING,
WEB-0417,DOWNLOADED_VERIFIED,B,shared,06_黄金美元与储备配置/外部原件/WEB-0417_XLSX_entry_xl_worksheets_sheet6.xml/original.html,https://www.sge.com.cn/sjzx/quotation_daily_new?start_date=2024-11-01&end_date=2024-11-30&inst_ids=Au99.99&p=,1,93323,每日行情,3061,1,2,0,1,0,0,ACQUIRED,MIXED_CONTENT,PENDING,
WEB-0418,DOWNLOADED_VERIFIED,B,shared,06_黄金美元与储备配置/外部原件/WEB-0418_XLSX_entry_xl_worksheets_sheet6.xml/original.html,https://www.sge.com.cn/sjzx/quotation_daily_new?start_date=2024-12-01&end_date=2024-12-31&inst_ids=Ag%28T%2BD%29&p=,1,93858,每日行情,3436,1,2,0,1,0,0,ACQUIRED,MIXED_CONTENT,PENDING,
WEB-0419,DOWNLOADED_VERIFIED,B,shared,06_黄金美元与储备配置/外部原件/WEB-0419_XLSX_entry_xl_worksheets_sheet6.xml/original.html,https://www.sge.com.cn/sjzx/quotation_daily_new?start_date=2024-12-01&end_date=2024-12-31&inst_ids=Au99.99&p=,1,93335,每日行情,3073,1,2,0,1,0,0,ACQUIRED,MIXED_CONTENT,PENDING,
WEB-0420,DOWNLOADED_VERIFIED,B,shared,06_黄金美元与储备配置/外部原件/WEB-0420_XLSX_entry_xl_worksheets_sheet6.xml/original.html,https://www.sge.com.cn/sjzx/quotation_daily_new?start_date=2025-01-01&end_date=2025-01-31&inst_ids=Ag%28T%2BD%29&p=,1,91600,每日行情,3219,1,2,0,1,0,0,ACQUIRED,MIXED_CONTENT,PENDING,
WEB-0421,DOWNLOADED_VERIFIED,B,shared,06_黄金美元与储备配置/外部原件/WEB-0421_XLSX_entry_xl_worksheets_sheet6.xml/original.html,https://www.sge.com.cn/sjzx/quotation_daily_new?start_date=2025-01-01&end_date=2025-01-31&inst_ids=Au99.99&p=,1,91120,每日行情,2883,1,2,0,1,0,0,ACQUIRED,MIXED_CONTENT,PENDING,
WEB-0422,DOWNLOADED_VERIFIED,B,shared,06_黄金美元与储备配置/外部原件/WEB-0422_XLSX_entry_xl_worksheets_sheet6.xml/original.html,https://www.sge.com.cn/sjzx/quotation_daily_new?start_date=2025-02-01&end_date=2025-02-28&inst_ids=Ag%28T%2BD%29&p=,1,91608,每日行情,3226,1,2,0,1,0,0,ACQUIRED,MIXED_CONTENT,PENDING,
WEB-0423,DOWNLOADED_VERIFIED,B,shared,06_黄金美元与储备配置/外部原件/WEB-0423_XLSX_entry_xl_worksheets_sheet6.xml/original.html,https://www.sge.com.cn/sjzx/quotation_daily_new?start_date=2025-02-01&end_date=2025-02-28&inst_ids=Au99.99&p=,1,91136,每日行情,2899,1,2,0,1,0,0,ACQUIRED,MIXED_CONTENT,PENDING,
WEB-0424,DOWNLOADED_VERIFIED,B,shared,06_黄金美元与储备配置/外部原件/WEB-0424_XLSX_entry_xl_worksheets_sheet6.xml/original.html,https://www.sge.com.cn/sjzx/quotation_daily_new?start_date=2025-03-01&end_date=2025-03-31&inst_ids=Ag%28T%2BD%29&p=,1,93860,每日行情,3438,1,2,0,1,0,0,ACQUIRED,MIXED_CONTENT,PENDING,
WEB-0425,DOWNLOADED_VERIFIED,B,shared,06_黄金美元与储备配置/外部原件/WEB-0425_XLSX_entry_xl_worksheets_sheet6.xml/original.html,https://www.sge.com.cn/sjzx/quotation_daily_new?start_date=2025-03-01&end_date=2025-03-31&inst_ids=Au99.99&p=,1,93326,每日行情,3064,1,2,0,1,0,0,ACQUIRED,MIXED_CONTENT,PENDING,
WEB-0426,DOWNLOADED_VERIFIED,B,shared,06_黄金美元与储备配置/外部原件/WEB-0426_XLSX_entry_xl_worksheets_sheet6.xml/original.html,https://www.sge.com.cn/sjzx/quotation_daily_new?start_date=2025-04-01&end_date=2025-04-30&inst_ids=Ag%28T%2BD%29&p=,1,93869,每日行情,3447,1,2,0,1,0,0,ACQUIRED,MIXED_CONTENT,PENDING,
WEB-0427,DOWNLOADED_VERIFIED,B,shared,06_黄金美元与储备配置/外部原件/WEB-0427_XLSX_entry_xl_worksheets_sheet6.xml/original.html,https://www.sge.com.cn/sjzx/quotation_daily_new?start_date=2025-04-01&end_date=2025-04-30&inst_ids=Au99.99&p=,1,93358,每日行情,3096,1,2,0,1,0,0,ACQUIRED,MIXED_CONTENT,PENDING,
WEB-0428,DOWNLOADED_VERIFIED,B,shared,06_黄金美元与储备配置/外部原件/WEB-0428_XLSX_entry_xl_worksheets_sheet6.xml/original.html,https://www.sge.com.cn/sjzx/quotation_daily_new?start_date=2025-05-01&end_date=2025-05-31&inst_ids=Ag%28T%2BD%29&p=,1,92597,每日行情,3328,1,2,0,1,0,0,ACQUIRED,MIXED_CONTENT,PENDING,
WEB-0429,DOWNLOADED_VERIFIED,B,shared,06_黄金美元与储备配置/外部原件/WEB-0429_XLSX_entry_xl_worksheets_sheet6.xml/original.html,https://www.sge.com.cn/sjzx/quotation_daily_new?start_date=2025-05-01&end_date=2025-05-31&inst_ids=Au99.99&p=,1,92103,每日行情,2986,1,2,0,1,0,0,ACQUIRED,MIXED_CONTENT,PENDING,
WEB-0430,DOWNLOADED_VERIFIED,B,shared,06_黄金美元与储备配置/外部原件/WEB-0430_XLSX_entry_xl_worksheets_sheet6.xml/original.html,https://www.sge.com.cn/sjzx/quotation_daily_new?start_date=2025-06-01&end_date=2025-06-30&inst_ids=Ag%28T%2BD%29&p=,1,93600,每日行情,3443,1,2,0,1,0,0,ACQUIRED,MIXED_CONTENT,PENDING,
WEB-0431,DOWNLOADED_VERIFIED,B,shared,06_黄金美元与储备配置/外部原件/WEB-0431_XLSX_entry_xl_worksheets_sheet6.xml/original.html,https://www.sge.com.cn/sjzx/quotation_daily_new?start_date=2025-06-01&end_date=2025-06-30&inst_ids=Au99.99&p=,1,93063,每日行情,3066,1,2,0,1,0,0,ACQUIRED,MIXED_CONTENT,PENDING,
WEB-0432,DOWNLOADED_VERIFIED,B,shared,06_黄金美元与储备配置/外部原件/WEB-0432_XLSX_entry_xl_worksheets_sheet6.xml/original.html,https://www.sge.com.cn/sjzx/quotation_daily_new?start_date=2025-07-01&end_date=2025-07-31&inst_ids=Ag%28T%2BD%29&p=,1,93856,每日行情,3434,1,2,0,1,0,0,ACQUIRED,MIXED_CONTENT,PENDING,
WEB-0433,DOWNLOADED_VERIFIED,B,shared,06_黄金美元与储备配置/外部原件/WEB-0433_XLSX_entry_xl_worksheets_sheet6.xml/original.html,https://www.sge.com.cn/sjzx/quotation_daily_new?start_date=2025-07-01&end_date=2025-07-31&inst_ids=Au99.99&p=,1,93335,每日行情,3073,1,2,0,1,0,0,ACQUIRED,MIXED_CONTENT,PENDING,
WEB-0434,DOWNLOADED_VERIFIED,B,shared,06_黄金美元与储备配置/外部原件/WEB-0434_XLSX_entry_xl_worksheets_sheet6.xml/original.html,https://www.sge.com.cn/sjzx/quotation_daily_new?start_date=2025-08-01&end_date=2025-08-31&inst_ids=Ag%28T%2BD%29&p=,1,93850,每日行情,3428,1,2,0,1,0,0,ACQUIRED,MIXED_CONTENT,PENDING,
WEB-0435,DOWNLOADED_VERIFIED,B,shared,06_黄金美元与储备配置/外部原件/WEB-0435_XLSX_entry_xl_worksheets_sheet6.xml/original.html,https://www.sge.com.cn/sjzx/quotation_daily_new?start_date=2025-08-01&end_date=2025-08-31&inst_ids=Au99.99&p=,1,93319,每日行情,3057,1,2,0,1,0,0,ACQUIRED,MIXED_CONTENT,PENDING,
WEB-0436,DOWNLOADED_VERIFIED,B,shared,06_黄金美元与储备配置/外部原件/WEB-0436_XLSX_entry_xl_worksheets_sheet6.xml/original.html,https://www.sge.com.cn/sjzx/quotation_daily_new?start_date=2025-09-01&end_date=2025-09-30&inst_ids=Ag%28T%2BD%29&p=,1,93895,每日行情,3473,1,2,0,1,0,0,ACQUIRED,MIXED_CONTENT,PENDING,
WEB-0437,DOWNLOADED_VERIFIED,B,shared,06_黄金美元与储备配置/外部原件/WEB-0437_XLSX_entry_xl_worksheets_sheet6.xml/original.html,https://www.sge.com.cn/sjzx/quotation_daily_new?start_date=2025-09-01&end_date=2025-09-30&inst_ids=Au99.99&p=,1,93330,每日行情,3068,1,2,0,1,0,0,ACQUIRED,MIXED_CONTENT,PENDING,
WEB-0438,DOWNLOADED_VERIFIED,B,shared,06_黄金美元与储备配置/外部原件/WEB-0438_XLSX_entry_xl_worksheets_sheet6.xml/original.html,https://www.sge.com.cn/sjzx/quotation_daily_new?start_date=2025-10-01&end_date=2025-10-31&inst_ids=Ag%28T%2BD%29&p=,1,90697,每日行情,3198,1,2,0,1,0,0,ACQUIRED,MIXED_CONTENT,PENDING,
WEB-0439,DOWNLOADED_VERIFIED,B,shared,06_黄金美元与储备配置/外部原件/WEB-0439_XLSX_entry_xl_worksheets_sheet6.xml/original.html,https://www.sge.com.cn/sjzx/quotation_daily_new?start_date=2025-10-01&end_date=2025-10-31&inst_ids=Au99.99&p=,1,90197,每日行情,2840,1,2,0,1,0,0,ACQUIRED,MIXED_CONTENT,PENDING,
WEB-0440,DOWNLOADED_VERIFIED,B,shared,06_黄金美元与储备配置/外部原件/WEB-0440_XLSX_entry_xl_worksheets_sheet6.xml/original.html,https://www.sge.com.cn/sjzx/quotation_daily_new?start_date=2025-11-01&end_date=2025-11-30&inst_ids=Ag%28T%2BD%29&p=,1,93663,每日行情,3497,1,2,0,1,0,0,ACQUIRED,MIXED_CONTENT,PENDING,
WEB-0441,DOWNLOADED_VERIFIED,B,shared,06_黄金美元与储备配置/外部原件/WEB-0441_XLSX_entry_xl_worksheets_sheet6.xml/original.html,https://www.sge.com.cn/sjzx/quotation_daily_new?start_date=2025-11-01&end_date=2025-11-30&inst_ids=Au99.99&p=,1,93068,每日行情,3071,1,2,0,1,0,0,ACQUIRED,MIXED_CONTENT,PENDING,
WEB-0442,DOWNLOADED_VERIFIED,B,shared,06_黄金美元与储备配置/外部原件/WEB-0442_XLSX_entry_xl_worksheets_sheet6.xml/original.html,https://www.sge.com.cn/sjzx/quotation_daily_new?start_date=2025-12-01&end_date=2025-12-31&inst_ids=Ag%28T%2BD%29&p=,1,93981,每日行情,3557,1,2,0,1,0,0,ACQUIRED,MIXED_CONTENT,PENDING,
WEB-0443,DOWNLOADED_VERIFIED,B,shared,06_黄金美元与储备配置/外部原件/WEB-0443_XLSX_entry_xl_worksheets_sheet6.xml/original.html,https://www.sge.com.cn/sjzx/quotation_daily_new?start_date=2025-12-01&end_date=2025-12-31&inst_ids=Au99.99&p=,1,93362,每日行情,3100,1,2,0,1,0,0,ACQUIRED,MIXED_CONTENT,PENDING,
WEB-0444,DOWNLOADED_VERIFIED,B,shared,06_黄金美元与储备配置/外部原件/WEB-0444_XLSX_entry_xl_worksheets_sheet6.xml/original.html,https://www.sge.com.cn/sjzx/quotation_daily_new?start_date=2026-01-01&end_date=2026-01-31&inst_ids=Ag%28T%2BD%29&p=,1,93670,每日行情,3508,1,2,0,1,0,0,ACQUIRED,MIXED_CONTENT,PENDING,
WEB-0445,DOWNLOADED_VERIFIED,B,shared,06_黄金美元与储备配置/外部原件/WEB-0445_XLSX_entry_xl_worksheets_sheet6.xml/original.html,https://www.sge.com.cn/sjzx/quotation_daily_new?start_date=2026-01-01&end_date=2026-01-31&inst_ids=Au99.99&p=,1,93177,每日行情,3180,1,2,0,1,0,0,ACQUIRED,MIXED_CONTENT,PENDING,
WEB-0446,DOWNLOADED_VERIFIED,B,shared,06_黄金美元与储备配置/外部原件/WEB-0446_XLSX_entry_xl_worksheets_sheet6.xml/original.html,https://www.sge.com.cn/sjzx/quotation_daily_new?start_date=2026-02-01&end_date=2026-02-28&inst_ids=Ag%28T%2BD%29&p=,1,87652,每日行情,2809,1,2,0,1,0,0,ACQUIRED,MIXED_CONTENT,PENDING,
WEB-0447,DOWNLOADED_VERIFIED,B,shared,06_黄金美元与储备配置/外部原件/WEB-0447_XLSX_entry_xl_worksheets_sheet6.xml/original.html,https://www.sge.com.cn/sjzx/quotation_daily_new?start_date=2026-02-01&end_date=2026-02-28&inst_ids=Au99.99&p=,1,87344,每日行情,2627,1,2,0,1,0,0,ACQUIRED,MIXED_CONTENT,PENDING,
WEB-0448,DOWNLOADED_VERIFIED,B,shared,06_黄金美元与储备配置/外部原件/WEB-0448_XLSX_entry_xl_worksheets_sheet6.xml/original.html,https://www.sge.com.cn/sjzx/quotation_daily_new?start_date=2026-03-01&end_date=2026-03-31&inst_ids=Ag%28T%2BD%29&p=,1,93893,每日行情,3451,1,2,0,1,0,0,ACQUIRED,MIXED_CONTENT,PENDING,
WEB-0449,DOWNLOADED_VERIFIED,B,shared,06_黄金美元与储备配置/外部原件/WEB-0449_XLSX_entry_xl_worksheets_sheet6.xml/original.html,https://www.sge.com.cn/sjzx/quotation_daily_new?start_date=2026-03-01&end_date=2026-03-31&inst_ids=Au99.99&p=,1,93442,每日行情,3180,1,2,0,1,0,0,ACQUIRED,MIXED_CONTENT,PENDING,
WEB-0450,DOWNLOADED_VERIFIED,B,shared,06_黄金美元与储备配置/外部原件/WEB-0450_XLSX_entry_xl_worksheets_sheet6.xml/original.html,https://www.sge.com.cn/sjzx/quotation_daily_new?start_date=2026-04-01&end_date=2026-04-30&inst_ids=Ag%28T%2BD%29&p=,1,93958,每日行情,3534,1,2,0,1,0,0,ACQUIRED,MIXED_CONTENT,PENDING,
WEB-0451,DOWNLOADED_VERIFIED,B,shared,06_黄金美元与储备配置/外部原件/WEB-0451_XLSX_entry_xl_worksheets_sheet6.xml/original.html,https://www.sge.com.cn/sjzx/quotation_daily_new?start_date=2026-04-01&end_date=2026-04-30&inst_ids=Au99.99&p=,1,93429,每日行情,3167,1,2,0,1,0,0,ACQUIRED,MIXED_CONTENT,PENDING,
WEB-0452,DOWNLOADED_VERIFIED,B,shared,06_黄金美元与储备配置/外部原件/WEB-0452_XLSX_entry_xl_worksheets_sheet6.xml/original.html,https://www.sge.com.cn/sjzx/quotation_daily_new?start_date=2026-05-01&end_date=2026-05-31&inst_ids=Ag%28T%2BD%29&p=,1,91710,每日行情,3329,1,2,0,1,0,0,ACQUIRED,MIXED_CONTENT,PENDING,
WEB-0453,DOWNLOADED_VERIFIED,B,shared,06_黄金美元与储备配置/外部原件/WEB-0453_XLSX_entry_xl_worksheets_sheet6.xml/original.html,https://www.sge.com.cn/sjzx/quotation_daily_new?start_date=2026-05-01&end_date=2026-05-31&inst_ids=Au99.99&p=,1,91174,每日行情,2937,1,2,0,1,0,0,ACQUIRED,MIXED_CONTENT,PENDING,
WEB-0454,DOWNLOADED_VERIFIED,B,shared,06_黄金美元与储备配置/外部原件/WEB-0454_XLSX_entry_xl_worksheets_sheet6.xml/original.html,https://www.sge.com.cn/sjzx/quotation_daily_new?start_date=2026-06-01&end_date=2026-06-30&inst_ids=Ag%28T%2BD%29&p=,1,93977,每日行情,3555,1,2,0,1,0,0,ACQUIRED,MIXED_CONTENT,PENDING,
WEB-0455,DOWNLOADED_VERIFIED,B,shared,06_黄金美元与储备配置/外部原件/WEB-0455_XLSX_entry_xl_worksheets_sheet6.xml/original.html,https://www.sge.com.cn/sjzx/quotation_daily_new?start_date=2026-06-01&end_date=2026-06-30&inst_ids=Au99.99&p=,1,93345,每日行情,3083,1,2,0,1,0,0,ACQUIRED,MIXED_CONTENT,PENDING,
WEB-0456,DOWNLOADED_VERIFIED,B,shared,06_黄金美元与储备配置/外部原件/WEB-0456_XLSX_entry_xl_worksheets_sheet6.xml/original.html,https://www.sge.com.cn/sjzx/quotation_daily_new?start_date=2026-07-01&end_date=2026-07-24&inst_ids=Ag%28T%2BD%29&p=,1,91702,每日行情,3321,1,2,0,1,0,0,ACQUIRED,MIXED_CONTENT,PENDING,
WEB-0457,DOWNLOADED_VERIFIED,B,shared,06_黄金美元与储备配置/外部原件/WEB-0457_XLSX_entry_xl_worksheets_sheet6.xml/original.html,https://www.sge.com.cn/sjzx/quotation_daily_new?start_date=2026-07-01&end_date=2026-07-24&inst_ids=Au99.99&p=,1,91137,每日行情,2900,1,2,0,1,0,0,ACQUIRED,MIXED_CONTENT,PENDING,
WEB-0460,METADATA_ONLY_LICENSE,C,metadata_only,,https://www.sina.cn/news/detail/5218620311077476.html,0,,,0,0,0,0,0,0,0,NOT_ACQUIRED,NOT_ACQUIRED,FAILED,
WEB-0469,DOWNLOADED_VERIFIED,D,private_only,07_会计合规与制裁/外部原件/WEB-0469_1._传音控股_2023_2024_年报与三季报（人民币营收、非洲占比、汇率损失）：上交所披露：_/original.html,https://www.sse.com.cn/,1,65612,首页 | 上海证券交易所,2310,1,6,0,0,0,0,ACQUIRED,MIXED_CONTENT,PENDING,
WEB-0471,DOWNLOADED_VERIFIED,A,shared,08_企业案例与公开披露/外部原件/WEB-0471_国家统计局，2025-01/original.html,https://www.stats.gov.cn/sj/zxfb/202501/t20250127_1958485.html,1,591116,2024年全国规模以上工业企业利润下降3.3% - 国家统计局,13316,6,1,0,1,0,0,ACQUIRED,MIXED_CONTENT,PENDING,
WEB-0472,DOWNLOADED_VERIFIED,A,shared,08_企业案例与公开披露/外部原件/WEB-0472_2024-12/original.html,https://www.stats.gov.cn/xxgk/sjfb/zxfb2020/202412/t20241227_1957913.html,1,272046,国家统计局信息公开,5719,3,1,1,0,0,0,ACQUIRED,MIXED_CONTENT,PENDING,
WEB-0492,DOWNLOADED_VERIFIED,B,shared,"06_黄金美元与储备配置/外部原件/WEB-0492_17_World_Bank,_Commodity_Markets_Pink_Sheet,/original.html",https://www.worldbank.org/ext/en/home,1,59707,"World Bank Group - International Development, Poverty and Sustainability",8658,0,1,0,0,0,0,ACQUIRED,NARRATIVE_CONTENT,PENDING,
WEB-0493,DOWNLOADED_VERIFIED,B,shared,07_会计合规与制裁/外部原件/WEB-0493_3._苏丹_GDP（2023_年_-12%～-18%）：世界银行《Sudan_Economic_Update》：_/original.html,https://www.worldbank.org/ext/en/country/sudan,1,60302,Sudan | World Bank Group,17506,0,0,0,0,0,0,ACQUIRED,NARRATIVE_CONTENT,PENDING,
WEB-0494,DOWNLOADED_VERIFIED,B,shared,06_黄金美元与储备配置/外部原件/WEB-0494_2._世界银行（World_Bank），2022，《Lebanon's_Crisis_Great_Denial_in_the_Deliberat/original.html,https://www.worldbank.org/en/news/press-release/2022/01/24/lebanon-s-crisis-great-denial-in-the-deliberate-depression,1,29047,Lebanon’s Crisis: Great Denial in the Deliberate Depression,9059,0,0,0,0,0,0,ACQUIRED,NARRATIVE_CONTENT,PENDING,
WEB-0495,DOWNLOADED_VERIFIED,B,shared,"04_国别货币与中国出海/外部原件/WEB-0495_1._世界银行（World_Bank），2023，《Lebanon_Economic_Monitor,_Spring_2023_Normaliz/original.html",https://www.worldbank.org/en/news/press-release/2023/05/16/lebanon-normalization-of-crisis-is-no-road-to-stabilization,1,28749,Lebanon: Normalization of Crisis is No Road to Stabilization,8610,0,1,0,0,0,0,ACQUIRED,NARRATIVE_CONTENT,PENDING,
WEB-0496,DOWNLOADED_VERIFIED,B,shared,06_黄金美元与储备配置/外部原件/WEB-0496_XLSX_entry_xl_worksheets_sheet4.xml/original.html,https://www.worldbank.org/en/news/press-release/2023/10/26/commodity-markets-outlook-october-2023-press-release,1,33074,Conflict in Middle East Could Bring ‘Dual Shock’ to Global Commodity Markets,10023,0,4,0,0,0,0,ACQUIRED,NARRATIVE_CONTENT,PENDING,
WEB-0497,DOWNLOADED_VERIFIED,B,shared,05_全球周期与历史危机/外部原件/WEB-0497_5._世界银行《Global_Economic_Prospects》1995_年墨西哥_GDP_数据（-6.2%）：_/original.html,https://www.worldbank.org/en/publication/global-economic-prospects,1,167419,Global Economic Prospects,21871,5,95,0,2,1,0,ACQUIRED,MIXED_CONTENT,PENDING,
WEB-0498,DOWNLOADED_VERIFIED,B,shared,07_会计合规与制裁/外部原件/WEB-0498_8._布伦特_2024_年走势：世界银行_Pink_Sheet：_/original.html,https://www.worldbank.org/en/research/commodity-markets,1,56306,Commodity Markets,3009,1,5,0,0,0,0,ACQUIRED,MIXED_CONTENT,PENDING,
WEB-0500,METADATA_ONLY_LICENSE,D,metadata_only,,https://www.yunqingsuan.com/html/yqs/news/63/87563.html,0,,,0,0,0,0,0,0,0,NOT_ACQUIRED,NOT_ACQUIRED,FAILED,
WEB-0501,METADATA_ONLY_LICENSE,D,metadata_only,,https://www.zhitongcaijing.com/content/detail/491607.html,0,,,0,0,0,0,0,0,0,NOT_ACQUIRED,NOT_ACQUIRED,FAILED,
WEB-0502,METADATA_ONLY_LICENSE,D,metadata_only,,https://xinwen.bjd.com.cn/content/s67a5ceb2e4b08edd28f4c180.html,0,,,0,0,0,0,0,0,0,NOT_ACQUIRED,NOT_ACQUIRED,FAILED,
