path,before_sha256,after_sha256,unchanged
~$XH-202612比赛硬性要求与评分标准_含技术方案.xlsx,7a4e96f90a2023d863091f0af8b77d34e645a4995be456daacb74dc2b94fbc99,7a4e96f90a2023d863091f0af8b77d34e645a4995be456daacb74dc2b94fbc99,1
02数据创新平台.pdf,633a1bad02eb6bbc88b06960a6409f6eea6b2f3f9b24a645d653f55aa33e8e00,633a1bad02eb6bbc88b06960a6409f6eea6b2f3f9b24a645d653f55aa33e8e00,1
案例库/地缘冲突与制裁篇/01_2022俄乌冲突-外储冻结/案例档案.md,38ca61de31aa3259853a3a9ddf8f731ff127fa831e7b9996a9cdb3224bdb7357,38ca61de31aa3259853a3a9ddf8f731ff127fa831e7b9996a9cdb3224bdb7357,1
案例库/地缘冲突与制裁篇/02_2022俄罗斯黄金制裁免疫/案例档案.md,e2444232ad868b3695fc26bece3b20e0bbf3b775a4e008b7b6423387bc7d6c58,e2444232ad868b3695fc26bece3b20e0bbf3b775a4e008b7b6423387bc7d6c58,1
案例库/地缘冲突与制裁篇/03_2024以色列-伊朗冲突/案例档案.md,8ecdfc4fa6a231bd29f6910da7493d973cae89f7f71d11864522218f0cfc696e,8ecdfc4fa6a231bd29f6910da7493d973cae89f7f71d11864522218f0cfc696e,1
案例库/地缘冲突与制裁篇/04_2012-2013土耳其-伊朗黄金换天然气/案例档案.md,d057d8669e89b23b30914046bc2456f01b961cc5309c340c232658e8ac3ba693,d057d8669e89b23b30914046bc2456f01b961cc5309c340c232658e8ac3ba693,1
案例库/地缘冲突与制裁篇/05_2019委内瑞拉伦敦黄金冻结/案例档案.md,1f80da0956f174443d8424d31f058e18b6992a37d3530362b29bcff965028a22,1f80da0956f174443d8424d31f058e18b6992a37d3530362b29bcff965028a22,1
案例库/地缘冲突与制裁篇/06_2014克里米亚危机-卢布暴跌/案例档案.md,2abedfa0bc2bb4b73717366ac63a19e217295a93ac323fcd98f58a96625840ef,2abedfa0bc2bb4b73717366ac63a19e217295a93ac323fcd98f58a96625840ef,1
案例库/地缘冲突与制裁篇/07_2018特朗普对伊制裁/案例档案.md,b13566a822205feaa32841ca66c1fd957f1fe190bf5cfe86fcec538e2d49548c,b13566a822205feaa32841ca66c1fd957f1fe190bf5cfe86fcec538e2d49548c,1
案例库/地缘冲突与制裁篇/08_2023苏丹内战黄金经济/案例档案.md,9534ba2c0b824032ed9abfcea5c0fd3db8262d05c14348fc91563d5c0aa27c10,9534ba2c0b824032ed9abfcea5c0fd3db8262d05c14348fc91563d5c0aa27c10,1
案例库/调研方向与跨国企业筛选报告.md,be0edfc04bfff8569793ca7f38258694192c192ca55accffb6dd3b253f9138ad,be0edfc04bfff8569793ca7f38258694192c192ca55accffb6dd3b253f9138ad,1
案例库/宏观危机篇/01_1929大萧条/案例档案.md,957431b19084505f08005bbeee7927dfd21d0a0c473409b517142ea82e00cf92,957431b19084505f08005bbeee7927dfd21d0a0c473409b517142ea82e00cf92,1
案例库/宏观危机篇/02_1933罗斯福黄金新政/案例档案.md,41c175c310fa25d47387304827f48cfaa455bf36835c16ae315400ca68587274,41c175c310fa25d47387304827f48cfaa455bf36835c16ae315400ca68587274,1
案例库/宏观危机篇/03_1971布雷顿森林解体/案例档案.md,60cf5753a3aea3ea5f4ef82eb3031587a39509722f38a9b86a451d2685d40f10,60cf5753a3aea3ea5f4ef82eb3031587a39509722f38a9b86a451d2685d40f10,1
案例库/宏观危机篇/04_1973-1980滞胀大牛市/案例档案.md,0c1aaedf791fe58dead1c9f122b52f95a682fdba0d2b63e9f71c48f169e7d087,0c1aaedf791fe58dead1c9f122b52f95a682fdba0d2b63e9f71c48f169e7d087,1
案例库/宏观危机篇/06_1987黑色星期一/案例档案.md,636509e5f9c15a3b4e02ecbf00ba93ebb5e62d6811f2ddd2838c1eeca200b113,636509e5f9c15a3b4e02ecbf00ba93ebb5e62d6811f2ddd2838c1eeca200b113,1
案例库/宏观危机篇/07_1997亚洲金融危机/案例档案.md,46a87119a61e3db5bbaeb6d675567fab247db48663ced81ded9031084d3ca78d,46a87119a61e3db5bbaeb6d675567fab247db48663ced81ded9031084d3ca78d,1
案例库/宏观危机篇/08_2000互联网泡沫/案例档案.md,4bdebdb6a3168476ab6369fe8d86331bae90e2c7108bba85ee17410c3fc3c7f8,4bdebdb6a3168476ab6369fe8d86331bae90e2c7108bba85ee17410c3fc3c7f8,1
案例库/宏观危机篇/09_2008全球金融危机/案例档案.md,22426a399cbebdf82f29c0e1eaf6e68ca064377bc61652494d8476e0877ab9b9,22426a399cbebdf82f29c0e1eaf6e68ca064377bc61652494d8476e0877ab9b9,1
案例库/宏观危机篇/10_1990日本资产泡沫破裂/案例档案.md,e98534562a7563247fcaae993ad008ac6fc44de3e7fa9a70a551ac739e1c378e,e98534562a7563247fcaae993ad008ac6fc44de3e7fa9a70a551ac739e1c378e,1
案例库/宏观危机篇/11_1994墨西哥龙舌兰危机/案例档案.md,e4eb351fdcd1418ec31d724c1a48ab4db0b3ae2822b2183353cdc682f081182c,e4eb351fdcd1418ec31d724c1a48ab4db0b3ae2822b2183353cdc682f081182c,1
案例库/宏观危机篇/11_2013黄金暴跌（反面案例）/案例档案.md,38d5d21f2096ca496954e7dcf5b8d45785d8b61b249149cc877622bc40c31aa5,38d5d21f2096ca496954e7dcf5b8d45785d8b61b249149cc877622bc40c31aa5,1
案例库/宏观危机篇/12_1998俄罗斯金融危机/案例档案.md,57c13ca0555fb0fc44e43e8c083d6dcc0b9ee065b5a243615f2bf02d1debf67b,57c13ca0555fb0fc44e43e8c083d6dcc0b9ee065b5a243615f2bf02d1debf67b,1
案例库/宏观危机篇/13_2001阿根廷债务危机/案例档案.md,8267298becbfdecdfa572bc34c8f7015eff68d87b37331d58ac9255aa1d6037f,8267298becbfdecdfa572bc34c8f7015eff68d87b37331d58ac9255aa1d6037f,1
案例库/宏观危机篇/14_2010欧洲主权债务危机/案例档案.md,b27e887e2ffb6fbc007314dbc8c6bf4a2cbea98cb76de09739dd7d97c2bfcf45,b27e887e2ffb6fbc007314dbc8c6bf4a2cbea98cb76de09739dd7d97c2bfcf45,1
案例库/宏观危机篇/15_2020疫情全球市场崩盘/案例档案.md,d21febed31c850aab61f9e2cf48107dcdad9e7e07277c17addb5e47be22721ff,d21febed31c850aab61f9e2cf48107dcdad9e7e07277c17addb5e47be22721ff,1
案例库/宏观危机篇/16_2022美联储激进加息周期/案例档案.md,77f24ccb455a254f69286b92f59dfb957c8cb2ad7ad8488207a40cf80e613b11,77f24ccb455a254f69286b92f59dfb957c8cb2ad7ad8488207a40cf80e613b11,1
案例库/宏观危机篇/17_1980-2000黄金熊市_反面案例/案例档案.md,d92d60172efe85bada598866efa8fc42c7c64ad23880c5dc5424d531d569f207,d92d60172efe85bada598866efa8fc42c7c64ad23880c5dc5424d531d569f207,1
案例库/货币崩溃篇/01_1923魏玛德国恶性通胀/案例档案.md,f34a4641742966560eac4994f896f32377e74cf851530e2e51ad0ea244d8a6f6,f34a4641742966560eac4994f896f32377e74cf851530e2e51ad0ea244d8a6f6,1
案例库/货币崩溃篇/02_2008津巴布韦恶性通胀/案例档案.md,ff098f04bd6fbf7a37b53188a75cffc3e3a87bc9d513a5cb6e51762df9b3d6c3,ff098f04bd6fbf7a37b53188a75cffc3e3a87bc9d513a5cb6e51762df9b3d6c3,1
案例库/货币崩溃篇/03_2015-2021委内瑞拉玻利瓦尔/案例档案.md,72556782a7a38430e3e41d195b2a1d078a91505d1e5627deee3adab87c7c747a,72556782a7a38430e3e41d195b2a1d078a91505d1e5627deee3adab87c7c747a,1
案例库/货币崩溃篇/04_2018土耳其里拉危机/案例档案.md,547c9d7278800bda1e49ebcd5c413fb44a490199a5ef18153090919efdb52212,547c9d7278800bda1e49ebcd5c413fb44a490199a5ef18153090919efdb52212,1
案例库/货币崩溃篇/05_2019-2023黎巴嫩镑崩溃/案例档案.md,dea2e3120bf55e879cc9c7243d2ca2c8040b97d1d19eecaaa6040752c8dce8c1,dea2e3120bf55e879cc9c7243d2ca2c8040b97d1d19eecaaa6040752c8dce8c1,1
案例库/货币崩溃篇/06_2022-2024尼日利亚奈拉崩溃/案例档案.md,c676fc774e9f49c55769451058253fb211303c5bd26dea5d3617dadcd884121a,c676fc774e9f49c55769451058253fb211303c5bd26dea5d3617dadcd884121a,1
案例库/货币崩溃篇/07_2022-2024埃及镑贬值/案例档案.md,25abdbce17628fda39125f440080675ea49ef5d80ccb47136cc6b4cd99ecc456,25abdbce17628fda39125f440080675ea49ef5d80ccb47136cc6b4cd99ecc456,1
案例库/货币崩溃篇/08_2010-2025伊朗里亚尔/案例档案.md,5b0b15bba05447c6260579521e3b79e694378bbd1d4fb917002aec93447e4525,5b0b15bba05447c6260579521e3b79e694378bbd1d4fb917002aec93447e4525,1
案例库/货币崩溃篇/09_2023-2024阿根廷比索危机/案例档案.md,af8a8be173e55c69a061d17635cb8f9d29360174ffc019ca1a02c2a034ce017b,af8a8be173e55c69a061d17635cb8f9d29360174ffc019ca1a02c2a034ce017b,1
案例库/货币崩溃篇/10_1998俄罗斯卢布危机/案例档案.md,95092cf2c9a439299add44aa7397c2ab17320549fd544996691483f5850b31d5,95092cf2c9a439299add44aa7397c2ab17320549fd544996691483f5850b31d5,1
案例库/微观企业篇/01_MTN尼日利亚/案例档案.md,3e8562d7f2430a9784c9e38eedd4541a278849bf66907e4c2984cd00394363d3,3e8562d7f2430a9784c9e38eedd4541a278849bf66907e4c2984cd00394363d3,1
案例库/微观企业篇/02_雀巢尼日利亚/案例档案.md,df56673629223d3ed6ff685757ab7582ba2f3f414e68673dd851b481f0c51fe4,df56673629223d3ed6ff685757ab7582ba2f3f414e68673dd851b481f0c51fe4,1
案例库/微观企业篇/03_ABInBev阿根廷/案例档案.md,bb37d9c9f676f8b9787f7e3879f8eabe247b64f1054713338dd96a5fad6a8db8,bb37d9c9f676f8b9787f7e3879f8eabe247b64f1054713338dd96a5fad6a8db8,1
案例库/微观企业篇/04_传音控股/案例档案.md,5e9a59c62da3cb61058c8228f190fe9d6dd25bdb57f5809ff184b2f2c7114acd,5e9a59c62da3cb61058c8228f190fe9d6dd25bdb57f5809ff184b2f2c7114acd,1
案例库/微观企业篇/05_华为/案例档案.md,4179be7f02249498fa10ff8d5f4d764aea2516a44b886ecfb1a167b94207e21f,4179be7f02249498fa10ff8d5f4d764aea2516a44b886ecfb1a167b94207e21f,1
案例库/微观企业篇/06_雷诺法兴俄罗斯退出/案例档案.md,ec8c0df254eccec274ca653b9262554bd98dec52d68d0e56a284932782b7e47d,ec8c0df254eccec274ca653b9262554bd98dec52d68d0e56a284932782b7e47d,1
案例库/微观企业篇/07_IATA航司被困资金/案例档案.md,4d7670c31db201f252d1019b39e5704ab0489e1dd609f99a05bfb6ca90460204,4d7670c31db201f252d1019b39e5704ab0489e1dd609f99a05bfb6ca90460204,1
案例库/微观企业篇/08_Palantir黑天鹅黄金/案例档案.md,5ffebe5c13edc33cf009e1cb653c8a42a438b99ba5e7b4defaea0c839f1a22ba,5ffebe5c13edc33cf009e1cb653c8a42a438b99ba5e7b4defaea0c839f1a22ba,1
案例库/微观企业篇/09_Tether黄金储备/案例档案.md,bd6ff04a06f0ba260392c74350a38ca8a9ce9e34a11c5c3da42fa68bd39c7230,bd6ff04a06f0ba260392c74350a38ca8a9ce9e34a11c5c3da42fa68bd39c7230,1
案例库/微观企业篇/10_中国黄金会计错配_反面/案例档案.md,d83dfd7c8f2fa7efe070a80465d5813824a087e7f4baf7ec1969b67e90b4ee57,d83dfd7c8f2fa7efe070a80465d5813824a087e7f4baf7ec1969b67e90b4ee57,1
案例库/README_案例库总览.md,f1e4bf31de5a03501bf477c95f8be48bb860115589ab8c464abbf21cd89379cc,f1e4bf31de5a03501bf477c95f8be48bb860115589ab8c464abbf21cd89379cc,1
方案整合与实施路径/方案整合与实施路径.log,a31c49978d2889e4bf6d2c640c94c76c49b5d02ca028bb805ba390754b39bfe0,a31c49978d2889e4bf6d2c640c94c76c49b5d02ca028bb805ba390754b39bfe0,1
方案整合与实施路径/方案整合与实施路径.pdf,88a7b97b7afd4bcda622d0cf510c7d772a2e1a8891fc3273d48965e036051ff8,88a7b97b7afd4bcda622d0cf510c7d772a2e1a8891fc3273d48965e036051ff8,1
方案整合与实施路径/方案整合与实施路径.tex,43c046224dbfe9a6fba1b674f16937469f6f5313587b491864aa8ea80a7ef740,43c046224dbfe9a6fba1b674f16937469f6f5313587b491864aa8ea80a7ef740,1
方案整合与实施路径/build/方案整合与实施路径.aux,c9168b4fd517f86cfbbf9f6bef6bec2dadee15bc42b025f3331dec139d8bf2b5,c9168b4fd517f86cfbbf9f6bef6bec2dadee15bc42b025f3331dec139d8bf2b5,1
方案整合与实施路径/build/方案整合与实施路径.log,d15048cf58156742dd8d15f17cf794d399714c0068a298dafffd3651dc08b4c2,d15048cf58156742dd8d15f17cf794d399714c0068a298dafffd3651dc08b4c2,1
方案整合与实施路径/build/方案整合与实施路径.out,794071969a76a9a8bee461fc9026db5c070fd13304bfa7cb4f03185b33ef42f7,794071969a76a9a8bee461fc9026db5c070fd13304bfa7cb4f03185b33ef42f7,1
方案整合与实施路径/build/方案整合与实施路径.pdf,038613ed2177f92bf58b02c872c3ccefe3671eefbbf4ae6e36551fd0af86ffbf,038613ed2177f92bf58b02c872c3ccefe3671eefbbf4ae6e36551fd0af86ffbf,1
方案整合与实施路径/build/方案整合与实施路径.toc,f5a40b09531354e2469f4b2e3e17087ff1966d604da057f2364c1dd549730cc7,f5a40b09531354e2469f4b2e3e17087ff1966d604da057f2364c1dd549730cc7,1
计划书/01_项目可行性研究与参赛方案书.aux,6444403b285db2debac95aaa8ca2cdddf0424fea86c1019de7e0e912472ee165,6444403b285db2debac95aaa8ca2cdddf0424fea86c1019de7e0e912472ee165,1
计划书/01_项目可行性研究与参赛方案书.bbl,f67c61cb54cae6f502eeb1a3dffb75061423caa9e50bf44ce2e82e6aacbb37c7,f67c61cb54cae6f502eeb1a3dffb75061423caa9e50bf44ce2e82e6aacbb37c7,1
计划书/01_项目可行性研究与参赛方案书.bcf,8da0ce5089463ad0cb297a5b98c735b9244d13f1476937653f07026b3a49ac2e,8da0ce5089463ad0cb297a5b98c735b9244d13f1476937653f07026b3a49ac2e,1
计划书/01_项目可行性研究与参赛方案书.blg,c519317c4fefb954a8b6e9b3343fed27d9d83052e608d33e482eec2450b78b58,c519317c4fefb954a8b6e9b3343fed27d9d83052e608d33e482eec2450b78b58,1
计划书/01_项目可行性研究与参赛方案书.log,d24bbf9112a38a3d0ea4a0c0647f68fe220d51ad446dcce693326890192446c1,d24bbf9112a38a3d0ea4a0c0647f68fe220d51ad446dcce693326890192446c1,1
计划书/01_项目可行性研究与参赛方案书.out,f0e4885ac9ef5e0543f3eaf5df98f4998343f45a76577b6a331491e9a30af937,f0e4885ac9ef5e0543f3eaf5df98f4998343f45a76577b6a331491e9a30af937,1
计划书/01_项目可行性研究与参赛方案书.pdf,42f7992ea729ec4589013232c9d1d1b782f3aa70b8d3f44df6f180a86b5e3815,42f7992ea729ec4589013232c9d1d1b782f3aa70b8d3f44df6f180a86b5e3815,1
计划书/01_项目可行性研究与参赛方案书.run.xml,0a231a2c66d69e0a5ab7fcfa463c2668b89a813771b306561f264a52d7793250,0a231a2c66d69e0a5ab7fcfa463c2668b89a813771b306561f264a52d7793250,1
计划书/01_项目可行性研究与参赛方案书.tex,6c7d13e45b64e9db6e6fb712ad610ae9931e13f59ea645d61b667ba577375a91,6c7d13e45b64e9db6e6fb712ad610ae9931e13f59ea645d61b667ba577375a91,1
计划书/01_项目可行性研究与参赛方案书.toc,4874287b8529eac98b2b9f82706e4553e59729f92d10dd051d2e26ec2d8800a2,4874287b8529eac98b2b9f82706e4553e59729f92d10dd051d2e26ec2d8800a2,1
计划书/02_项目执行与协作手册.aux,c0c717ed8554bc0fbb0a0a8aa335de16373b8a59e0fb24b67fc7fbd85068fadd,c0c717ed8554bc0fbb0a0a8aa335de16373b8a59e0fb24b67fc7fbd85068fadd,1
计划书/02_项目执行与协作手册.bbl,cf0fc50c5ce3c0c6ea79499c2fb56b8e94fea5a754d7a3e971df350e24b89bdf,cf0fc50c5ce3c0c6ea79499c2fb56b8e94fea5a754d7a3e971df350e24b89bdf,1
计划书/02_项目执行与协作手册.bcf,be87a676b9ad67fe919dc7204e599fc28e56cf95160bb9dc8ae88a41ba28e451,be87a676b9ad67fe919dc7204e599fc28e56cf95160bb9dc8ae88a41ba28e451,1
计划书/02_项目执行与协作手册.blg,188f8a78800978cd9035055517c339f5525c7542cfb783e8a515d59d36d7c0b9,188f8a78800978cd9035055517c339f5525c7542cfb783e8a515d59d36d7c0b9,1
计划书/02_项目执行与协作手册.log,33fce8f5052ea6be93a2d992b73cd55c83917dfd01bc7bd730bd3c74311df0b0,33fce8f5052ea6be93a2d992b73cd55c83917dfd01bc7bd730bd3c74311df0b0,1
计划书/02_项目执行与协作手册.out,b297bee97d4a188f12827065069008a8123cdf350f80cc3f154eb30038a716a5,b297bee97d4a188f12827065069008a8123cdf350f80cc3f154eb30038a716a5,1
计划书/02_项目执行与协作手册.pdf,540d8960b43c2b101c231dc96dc44c82bb0ac4be57990983e9ee037f3ca51807,540d8960b43c2b101c231dc96dc44c82bb0ac4be57990983e9ee037f3ca51807,1
计划书/02_项目执行与协作手册.run.xml,c580617cb8c4cff907e33d04be82d7da1be38bc0d648b48c86b4cbaada2ed892,c580617cb8c4cff907e33d04be82d7da1be38bc0d648b48c86b4cbaada2ed892,1
计划书/02_项目执行与协作手册.tex,8eef1e280ff443b2da39cf68de499d64b417fb5a960bcc1d2fd279d2311276bd,8eef1e280ff443b2da39cf68de499d64b417fb5a960bcc1d2fd279d2311276bd,1
计划书/02_项目执行与协作手册.toc,9f61c22f7f8a7b4a0fcb72a60d5fdeb631b9ff4c21f7683150c037f13abf3a05,9f61c22f7f8a7b4a0fcb72a60d5fdeb631b9ff4c21f7683150c037f13abf3a05,1
计划书/03_多币种流动性与黄金战略储备周期配置计划书.pdf,b79b704b604e4c325b87ec06b8648655b112f6d13db8131e10072836b90de63f,b79b704b604e4c325b87ec06b8648655b112f6d13db8131e10072836b90de63f,1
计划书/03_多币种流动性与黄金战略储备周期配置计划书.tex,797bbb635ba521647a7e0f693072c51876b1dca2d444cbb783812bccadd86587,797bbb635ba521647a7e0f693072c51876b1dca2d444cbb783812bccadd86587,1
计划书/04_亚非拉国别风险与多币种储备智能决策平台总计划书.pdf,b7de5841fb32949c2d732ffaf9c1488129bdf67262c5f1582cf8e7e5c7808e07,b7de5841fb32949c2d732ffaf9c1488129bdf67262c5f1582cf8e7e5c7808e07,1
计划书/04_亚非拉国别风险与多币种储备智能决策平台总计划书.tex,b995764d6208f736317ad9a8fa72c56a105fb79ed54f9a04c9ae5e8b026fd56a,b995764d6208f736317ad9a8fa72c56a105fb79ed54f9a04c9ae5e8b026fd56a,1
计划书/05_全球经济周期与亚非拉国别风险多币种储备智能决策平台总计划书.pdf,1e8cb0972e07006264dfbc577f2be7b8749e8bc37a2c2cd40c4a47bdef855b0a,1e8cb0972e07006264dfbc577f2be7b8749e8bc37a2c2cd40c4a47bdef855b0a,1
计划书/05_全球经济周期与亚非拉国别风险多币种储备智能决策平台总计划书.tex,17b6c8dce3637ba949c1583ff2d7f788053b3591ca3b1987f49956b99d79c293,17b6c8dce3637ba949c1583ff2d7f788053b3591ca3b1987f49956b99d79c293,1
计划书/飞书兼容_Mermaid_项目实施与数据采集全景图_预览.png,77d10ec3570889fe99489585404284555d7a7ba0058c848952edb49657493c72,77d10ec3570889fe99489585404284555d7a7ba0058c848952edb49657493c72,1
计划书/飞书兼容_Mermaid_项目实施与数据采集全景图.mmd,29f1d9c703e077fec2db8f332c5ebb112daa90ba8ddd4cdb73bc88f23366bcab,29f1d9c703e077fec2db8f332c5ebb112daa90ba8ddd4cdb73bc88f23366bcab,1
计划书/飞书兼容_Mermaid_项目实施与数据采集全景图.svg,66f1c1a910bdbb50d2649ec78bdecb1eed1f22361ff8f72b92a8f7d7e16cd83b,66f1c1a910bdbb50d2649ec78bdecb1eed1f22361ff8f72b92a8f7d7e16cd83b,1
计划书/飞书兼容_Mermaid_V3.0_数据采集处理与Smartbi落地全流程_预览.png,c7319fa95831f06e5a54c447125201296112e42c580ac16db6cc05aa40d3b95a,c7319fa95831f06e5a54c447125201296112e42c580ac16db6cc05aa40d3b95a,1
计划书/飞书兼容_Mermaid_V3.0_数据采集处理与Smartbi落地全流程.mmd,711cc530a4726cebdb0db425f2ea961deae6b8e4b44dfb0e127bf0859aa04192,711cc530a4726cebdb0db425f2ea961deae6b8e4b44dfb0e127bf0859aa04192,1
计划书/飞书兼容_Mermaid_V3.0_数据采集处理与Smartbi落地全流程.svg,85b22d183d1e48bcc5362f0c6f803bdea1f2d776ceeb31230e332ca8aba1f5c1,85b22d183d1e48bcc5362f0c6f803bdea1f2d776ceeb31230e332ca8aba1f5c1,1
计划书/飞书兼容_Mermaid_V4.0_全球经济周期与系统性危机全流程_预览.png,7b38aba0e33678157c6eb49a3a350d3013af4c2f4abd5a522ca30fe8018da762,7b38aba0e33678157c6eb49a3a350d3013af4c2f4abd5a522ca30fe8018da762,1
计划书/飞书兼容_Mermaid_V4.0_全球经济周期与系统性危机全流程.mmd,c89d3beea7406f701a5684d2fece05bb2a26b4afe312b1e09c28d15e7a4a72f1,c89d3beea7406f701a5684d2fece05bb2a26b4afe312b1e09c28d15e7a4a72f1,1
计划书/飞书兼容_Mermaid_V4.0_全球经济周期与系统性危机全流程.svg,bf2c79bf71a4a369a91734d3a3317fe6ec1a3e86c2e10687cb1e646af5ca2d6c,bf2c79bf71a4a369a91734d3a3317fe6ec1a3e86c2e10687cb1e646af5ca2d6c,1
计划书/planbook-style.tex,4465cd19bbae7f0f6c33c3fe6cdb1bbaa53fe04e34cf1efec3eb342bbad80b8c,4465cd19bbae7f0f6c33c3fe6cdb1bbaa53fe04e34cf1efec3eb342bbad80b8c,1
计划书/references.bib,325b8b87a60a4ff17ed3c01c3292399a7a9422c06aca871cf9afdb0813289991,325b8b87a60a4ff17ed3c01c3292399a7a9422c06aca871cf9afdb0813289991,1
跨国公司黄金硬通货需求调研报告.md,bcb10c72d994d999b3aaa6dc1d3197fa6f0d5ecabf9b4a2da6e21fde25037491,bcb10c72d994d999b3aaa6dc1d3197fa6f0d5ecabf9b4a2da6e21fde25037491,1
命题可行性验证报告.md,0a8d768ea14dd9944e1b993c24d5485c9ae737fc0e80a6b49186efe45244f27d,0a8d768ea14dd9944e1b993c24d5485c9ae737fc0e80a6b49186efe45244f27d,1
企业资产配置调研报告.md,9ca9ea8832c040e297e965bc2e240a223feee726c68b6014f1ec132dda1973a1,9ca9ea8832c040e297e965bc2e240a223feee726c68b6014f1ec132dda1973a1,1
生成评分标准表.mjs,e8d5e0d960916c03fee75e9a280892b0394e141f6e225c379249fd09cf0a7b1e,e8d5e0d960916c03fee75e9a280892b0394e141f6e225c379249fd09cf0a7b1e,1
题意符合性评估报告.md,40274261ec4d1021388476b44058f22d4f3d0b6f505d14efc1fe52b9ac6a173b,40274261ec4d1021388476b44058f22d4f3d0b6f505d14efc1fe52b9ac6a173b,1
预览_硬性要求与评分标准.png,09a7f53344f9eb2b7fc114a8b7d80c998169a295f4c258e5869388033021263a,09a7f53344f9eb2b7fc114a8b7d80c998169a295f4c258e5869388033021263a,1
预览_整体流程.png,5d383508c56d3ab9e811c6bf5faf8b29ebe6c01c6a44cf66ccac474cac83e13e,5d383508c56d3ab9e811c6bf5faf8b29ebe6c01c6a44cf66ccac474cac83e13e,1
最终数据.zip,1fb652f5341c2aec01521263af61d99a144a6384170612d91c4095563a0d44c9,1fb652f5341c2aec01521263af61d99a144a6384170612d91c4095563a0d44c9,1
最终数据/最终数据/outputs/019f56e7-91fe-7a43-b1d0-ae50e45c9d0c/黄金价格传导链因素与时序数据_20260724.xlsx,d09e495884da50027fb68164f11858d6760fb2bdf6504bccc8cc751e921127fd,d09e495884da50027fb68164f11858d6760fb2bdf6504bccc8cc751e921127fd,1
最终数据/最终数据/outputs/019f56e7-91fe-7a43-b1d0-ae50e45c9d0c/黄金价格传导链因素与时序数据_20260724.xlsx.inspect.ndjson,19079124b4bf9620aaaa826251d336fb2f6bc88b23a112934c8d5bc1c0c3a717,19079124b4bf9620aaaa826251d336fb2f6bc88b23a112934c8d5bc1c0c3a717,1
最终数据/最终数据/outputs/019f56e7-91fe-7a43-b1d0-ae50e45c9d0c/金银价格波动影响因素与时序数据_20260726.xlsx,07a6f506c6d3bdbb92a64107b7d4bdefae27e0217343fbd40256f9bd7cb2a892,07a6f506c6d3bdbb92a64107b7d4bdefae27e0217343fbd40256f9bd7cb2a892,1
最终数据/最终数据/outputs/019f56e7-91fe-7a43-b1d0-ae50e45c9d0c/金银价格波动影响因素与时序数据_20260726.xlsx.inspect.ndjson,207ab603f76ec588066120b57d2265c823c38c1b0b467fbc734e11dc3b37ca65,207ab603f76ec588066120b57d2265c823c38c1b0b467fbc734e11dc3b37ca65,1
最终数据/最终数据/outputs/019f56e7-91fe-7a43-b1d0-ae50e45c9d0c/金银价格波动影响因素与时序数据_中文字段版_20260726.xlsx,275d610fed3f59ed734ffda7a9ac9aaf0c13331be593dfbe543dd2d7a5beda7c,275d610fed3f59ed734ffda7a9ac9aaf0c13331be593dfbe543dd2d7a5beda7c,1
最终数据/最终数据/outputs/019f56e7-91fe-7a43-b1d0-ae50e45c9d0c/金银价格波动影响因素与时序数据_中文字段版_20260726.xlsx.inspect.ndjson,65e698de0ccddf71f4ec460e3125c80599abcb306e9a699c7dd5fcb51df74eaa,65e698de0ccddf71f4ec460e3125c80599abcb306e9a699c7dd5fcb51df74eaa,1
最终数据/最终数据/outputs/019f56e7-91fe-7a43-b1d0-ae50e45c9d0c/金银价格预测_官方数据与因素台账_20260713.xlsx,b41e86933b324dc3e7ccb9492a19719dca62260de0ddb8d7100625ab7f2d4a4c,b41e86933b324dc3e7ccb9492a19719dca62260de0ddb8d7100625ab7f2d4a4c,1
最终数据/最终数据/outputs/019f56e7-91fe-7a43-b1d0-ae50e45c9d0c/金银价格预测_官方数据与因素台账_20260713.xlsx.inspect.ndjson,48964f401365f9a00bb2988bff50b9dc8d19f0b6cb55eea312a71ed3cf81ddfd,48964f401365f9a00bb2988bff50b9dc8d19f0b6cb55eea312a71ed3cf81ddfd,1
最终数据/最终数据/outputs/019f56e7-91fe-7a43-b1d0-ae50e45c9d0c/gold_factor_previews/00_说明与总览.png,1119b5be9ff29b3c7238215c1971e96875a7a468892895c19f32832f635e7ad9,1119b5be9ff29b3c7238215c1971e96875a7a468892895c19f32832f635e7ad9,1
最终数据/最终数据/outputs/019f56e7-91fe-7a43-b1d0-ae50e45c9d0c/gold_factor_previews/01_价格传导链.png,f37fb8d0878f038080804580146b045999d72a8cb84340f620c80f3ba7d34c05,f37fb8d0878f038080804580146b045999d72a8cb84340f620c80f3ba7d34c05,1
最终数据/最终数据/outputs/019f56e7-91fe-7a43-b1d0-ae50e45c9d0c/gold_factor_previews/02_影响因素表.png,2b1bed9a7167478ae1c8780dd46b51f25bcd1bd00e5c6f5653dc7a97bd794fd3,2b1bed9a7167478ae1c8780dd46b51f25bcd1bd00e5c6f5653dc7a97bd794fd3,1
最终数据/最终数据/outputs/019f56e7-91fe-7a43-b1d0-ae50e45c9d0c/gold_factor_previews/03_事件关联.png,92bc819e939e196bc595150cd744ec721d12df3e3988770d75fd4ee14f5cac40,92bc819e939e196bc595150cd744ec721d12df3e3988770d75fd4ee14f5cac40,1
最终数据/最终数据/outputs/019f56e7-91fe-7a43-b1d0-ae50e45c9d0c/gold_factor_previews/05_日度对齐主表.png,5dd25e5b3153709ac2d6de13a1d4ec0a55cc18838afc94fa005c3385117ea733,5dd25e5b3153709ac2d6de13a1d4ec0a55cc18838afc94fa005c3385117ea733,1
最终数据/最终数据/outputs/019f56e7-91fe-7a43-b1d0-ae50e45c9d0c/gold_factor_previews/06_SGE原始日行情.png,5e14af4cfbb32f88b82ee60ce8fba311578edbbc065b296409234edd8630bbf8,5e14af4cfbb32f88b82ee60ce8fba311578edbbc065b296409234edd8630bbf8,1
最终数据/最终数据/outputs/019f56e7-91fe-7a43-b1d0-ae50e45c9d0c/gold_factor_previews/07_FRED日度原始.png,f3c73d876352d6b37fecd0aa6a6b5381fd5815a912ef27c69ccd023b6fee3970,f3c73d876352d6b37fecd0aa6a6b5381fd5815a912ef27c69ccd023b6fee3970,1
最终数据/最终数据/outputs/019f56e7-91fe-7a43-b1d0-ae50e45c9d0c/gold_factor_previews/08_CFTC周度持仓.png,5c9174c676032f7ead8fc1d1495b62ca9225a24e67d5fcdd6994b6729affd520,5c9174c676032f7ead8fc1d1495b62ca9225a24e67d5fcdd6994b6729affd520,1
最终数据/最终数据/outputs/019f56e7-91fe-7a43-b1d0-ae50e45c9d0c/gold_factor_previews/09_月度研究主表.png,3a9ab7976cc6a864f670f3ff3c776faf48311bc4ac6bffdf4fa500f10d5eecab,3a9ab7976cc6a864f670f3ff3c776faf48311bc4ac6bffdf4fa500f10d5eecab,1
最终数据/最终数据/outputs/019f56e7-91fe-7a43-b1d0-ae50e45c9d0c/gold_factor_previews/10_GPR月度.png,4bcbb1941bbb2b7b2ccb3724147db6274cd7af7f59a31d0887e25c4fb37bce1a,4bcbb1941bbb2b7b2ccb3724147db6274cd7af7f59a31d0887e25c4fb37bce1a,1
最终数据/最终数据/outputs/019f56e7-91fe-7a43-b1d0-ae50e45c9d0c/gold_factor_previews/12_来源与口径.png,1a7cd2fc26ce5ace80c6c91dfeb881f1c343a683dcf06497a6da6c98c42e9d5a,1a7cd2fc26ce5ace80c6c91dfeb881f1c343a683dcf06497a6da6c98c42e9d5a,1
最终数据/最终数据/outputs/019f56e7-91fe-7a43-b1d0-ae50e45c9d0c/gold_factor_previews/13_质量检查_导出后复核.png,39e58ff57324c6d06c29cea55564c3aaf5e0057e3be747ce9135caf1fd23dea5,39e58ff57324c6d06c29cea55564c3aaf5e0057e3be747ce9135caf1fd23dea5,1
最终数据/最终数据/outputs/019f56e7-91fe-7a43-b1d0-ae50e45c9d0c/gold_factor_previews/13_质量检查.png,d450f5a8bdff5d0e8487a085e2c67f21c14b7f8ea1b868e50c38ccc1e5e0fe43,d450f5a8bdff5d0e8487a085e2c67f21c14b7f8ea1b868e50c38ccc1e5e0fe43,1
最终数据/最终数据/outputs/019f56e7-91fe-7a43-b1d0-ae50e45c9d0c/gold_factor_previews/全部工作表总览.png,3678a0d3d95b05b7b736c6019ac9ebe661332d88e818d67c212fee287ad6623e,3678a0d3d95b05b7b736c6019ac9ebe661332d88e818d67c212fee287ad6623e,1
最终数据/最终数据/outputs/019f56e7-91fe-7a43-b1d0-ae50e45c9d0c/gold_silver_chinese_previews/00_说明与总览.png,a3ec852b4a0d32db2b831c2c5e8a7a08fa931060160da8139759ebffc13760ad,a3ec852b4a0d32db2b831c2c5e8a7a08fa931060160da8139759ebffc13760ad,1
最终数据/最终数据/outputs/019f56e7-91fe-7a43-b1d0-ae50e45c9d0c/gold_silver_chinese_previews/01_金银传导链.png,88de314c449aecc89c7b9be201d8666eebf884769d47d43f430eda44c51e3795,88de314c449aecc89c7b9be201d8666eebf884769d47d43f430eda44c51e3795,1
最终数据/最终数据/outputs/019f56e7-91fe-7a43-b1d0-ae50e45c9d0c/gold_silver_chinese_previews/02_金银因素表.png,de801b693f6a3e2ae5776b60966a5129ae7ebd2ebb4cee5b63d68357c0707a9c,de801b693f6a3e2ae5776b60966a5129ae7ebd2ebb4cee5b63d68357c0707a9c,1
最终数据/最终数据/outputs/019f56e7-91fe-7a43-b1d0-ae50e45c9d0c/gold_silver_chinese_previews/03_事件关联.png,13db6574965f9a4d0780eaedf157dc799941e492dc5b10e467ac16f5ebd8397b,13db6574965f9a4d0780eaedf157dc799941e492dc5b10e467ac16f5ebd8397b,1
最终数据/最终数据/outputs/019f56e7-91fe-7a43-b1d0-ae50e45c9d0c/gold_silver_chinese_previews/04_术语与字段说明.png,c6dad85847fb87e50fedd82a3e20a9b2ae3c3e05d6a33f6e607e5a63f563a8fc,c6dad85847fb87e50fedd82a3e20a9b2ae3c3e05d6a33f6e607e5a63f563a8fc,1
最终数据/最终数据/outputs/019f56e7-91fe-7a43-b1d0-ae50e45c9d0c/gold_silver_chinese_previews/05_金银日度主表.png,6df3374331cc23392fb93690976cf6db13958f138fdfdb0099ecfba1e8b755ec,6df3374331cc23392fb93690976cf6db13958f138fdfdb0099ecfba1e8b755ec,1
最终数据/最终数据/outputs/019f56e7-91fe-7a43-b1d0-ae50e45c9d0c/gold_silver_chinese_previews/06_SGE原始日行情.png,fecd0334dedff87e1121bfbd387e57c670d5b6aabc0b9aa49e02896b663ff941,fecd0334dedff87e1121bfbd387e57c670d5b6aabc0b9aa49e02896b663ff941,1
最终数据/最终数据/outputs/019f56e7-91fe-7a43-b1d0-ae50e45c9d0c/gold_silver_chinese_previews/07_FRED日度原始.png,af055dcd8210c962652cacadfd12360defd8b27e20e3527078c30f16051567da,af055dcd8210c962652cacadfd12360defd8b27e20e3527078c30f16051567da,1
最终数据/最终数据/outputs/019f56e7-91fe-7a43-b1d0-ae50e45c9d0c/gold_silver_chinese_previews/08_CFTC周度持仓.png,7f517650ccb89298d61d02353bc0a1686e7753332f6e6c28f849e6f1ee8462e1,7f517650ccb89298d61d02353bc0a1686e7753332f6e6c28f849e6f1ee8462e1,1
最终数据/最终数据/outputs/019f56e7-91fe-7a43-b1d0-ae50e45c9d0c/gold_silver_chinese_previews/09_金银月度主表.png,903bde3062650d226923e29c527e442fd0fc71e6edcab109386c7138e1a57ae2,903bde3062650d226923e29c527e442fd0fc71e6edcab109386c7138e1a57ae2,1
最终数据/最终数据/outputs/019f56e7-91fe-7a43-b1d0-ae50e45c9d0c/gold_silver_chinese_previews/10_GPR月度.png,50ae9168b1a0005777f8ac5ac6c11375e259f2bd33d3c594fa2251d51b2c6d26,50ae9168b1a0005777f8ac5ac6c11375e259f2bd33d3c594fa2251d51b2c6d26,1
最终数据/最终数据/outputs/019f56e7-91fe-7a43-b1d0-ae50e45c9d0c/gold_silver_chinese_previews/11_白银年度供需.png,4e08455514789bf6023e612587d66283d1bdf7b913f85213163c064b52b385cf,4e08455514789bf6023e612587d66283d1bdf7b913f85213163c064b52b385cf,1
最终数据/最终数据/outputs/019f56e7-91fe-7a43-b1d0-ae50e45c9d0c/gold_silver_chinese_previews/12_来源与口径.png,0594c99a828153a4da1914b08e225808986d005be988f26a85e3b2dd65194fd9,0594c99a828153a4da1914b08e225808986d005be988f26a85e3b2dd65194fd9,1
最终数据/最终数据/outputs/019f56e7-91fe-7a43-b1d0-ae50e45c9d0c/gold_silver_chinese_previews/13_质量检查.png,c2b40f26571fa0c495573fa4760318b7da95e034d25dcb4a8679fda664ddfd98,c2b40f26571fa0c495573fa4760318b7da95e034d25dcb4a8679fda664ddfd98,1
最终数据/最终数据/outputs/019f56e7-91fe-7a43-b1d0-ae50e45c9d0c/gold_silver_factor_previews/00_说明与总览.png,1390256a13216ccaca6c1077130f56ce9d55b8199b3b4d0d14500db82c00c745,1390256a13216ccaca6c1077130f56ce9d55b8199b3b4d0d14500db82c00c745,1
最终数据/最终数据/outputs/019f56e7-91fe-7a43-b1d0-ae50e45c9d0c/gold_silver_factor_previews/01_金银传导链.png,88de314c449aecc89c7b9be201d8666eebf884769d47d43f430eda44c51e3795,88de314c449aecc89c7b9be201d8666eebf884769d47d43f430eda44c51e3795,1
最终数据/最终数据/outputs/019f56e7-91fe-7a43-b1d0-ae50e45c9d0c/gold_silver_factor_previews/02_金银因素表.png,de801b693f6a3e2ae5776b60966a5129ae7ebd2ebb4cee5b63d68357c0707a9c,de801b693f6a3e2ae5776b60966a5129ae7ebd2ebb4cee5b63d68357c0707a9c,1
最终数据/最终数据/outputs/019f56e7-91fe-7a43-b1d0-ae50e45c9d0c/gold_silver_factor_previews/03_事件关联.png,06da3f27f7692229739bea194ea064b247dc7665d91403d3b4c22fb6ea57de23,06da3f27f7692229739bea194ea064b247dc7665d91403d3b4c22fb6ea57de23,1
最终数据/最终数据/outputs/019f56e7-91fe-7a43-b1d0-ae50e45c9d0c/gold_silver_factor_previews/05_金银日度主表.png,4ff53186d87f4e60fa908f57d066834bd96cdba357438e83bedc5c1fd47371f6,4ff53186d87f4e60fa908f57d066834bd96cdba357438e83bedc5c1fd47371f6,1
最终数据/最终数据/outputs/019f56e7-91fe-7a43-b1d0-ae50e45c9d0c/gold_silver_factor_previews/06_SGE原始日行情.png,5e14af4cfbb32f88b82ee60ce8fba311578edbbc065b296409234edd8630bbf8,5e14af4cfbb32f88b82ee60ce8fba311578edbbc065b296409234edd8630bbf8,1
最终数据/最终数据/outputs/019f56e7-91fe-7a43-b1d0-ae50e45c9d0c/gold_silver_factor_previews/07_FRED日度原始.png,f3c73d876352d6b37fecd0aa6a6b5381fd5815a912ef27c69ccd023b6fee3970,f3c73d876352d6b37fecd0aa6a6b5381fd5815a912ef27c69ccd023b6fee3970,1
最终数据/最终数据/outputs/019f56e7-91fe-7a43-b1d0-ae50e45c9d0c/gold_silver_factor_previews/08_CFTC周度持仓.png,5c9174c676032f7ead8fc1d1495b62ca9225a24e67d5fcdd6994b6729affd520,5c9174c676032f7ead8fc1d1495b62ca9225a24e67d5fcdd6994b6729affd520,1
最终数据/最终数据/outputs/019f56e7-91fe-7a43-b1d0-ae50e45c9d0c/gold_silver_factor_previews/09_金银月度主表.png,3a9ab7976cc6a864f670f3ff3c776faf48311bc4ac6bffdf4fa500f10d5eecab,3a9ab7976cc6a864f670f3ff3c776faf48311bc4ac6bffdf4fa500f10d5eecab,1
最终数据/最终数据/outputs/019f56e7-91fe-7a43-b1d0-ae50e45c9d0c/gold_silver_factor_previews/10_GPR月度.png,4bcbb1941bbb2b7b2ccb3724147db6274cd7af7f59a31d0887e25c4fb37bce1a,4bcbb1941bbb2b7b2ccb3724147db6274cd7af7f59a31d0887e25c4fb37bce1a,1
最终数据/最终数据/outputs/019f56e7-91fe-7a43-b1d0-ae50e45c9d0c/gold_silver_factor_previews/11_白银年度供需.png,ae201fe4f96958fb627f89bc3bc2920dc2dee429fbf27738983047940a9171ac,ae201fe4f96958fb627f89bc3bc2920dc2dee429fbf27738983047940a9171ac,1
最终数据/最终数据/outputs/019f56e7-91fe-7a43-b1d0-ae50e45c9d0c/gold_silver_factor_previews/12_来源与口径.png,0594c99a828153a4da1914b08e225808986d005be988f26a85e3b2dd65194fd9,0594c99a828153a4da1914b08e225808986d005be988f26a85e3b2dd65194fd9,1
最终数据/最终数据/outputs/019f56e7-91fe-7a43-b1d0-ae50e45c9d0c/gold_silver_factor_previews/13_质量检查.png,2c812c3fd2271b36bd6059b6af591c8eaed5385c7a636d085574267e29602e69,2c812c3fd2271b36bd6059b6af591c8eaed5385c7a636d085574267e29602e69,1
最终数据/最终数据/outputs/019f56e7-91fe-7a43-b1d0-ae50e45c9d0c/previews/00_使用说明.png,6674ffeca2d78280002b5512d578247ac0f97f168d14120a834dd400161afa3c,6674ffeca2d78280002b5512d578247ac0f97f168d14120a834dd400161afa3c,1
最终数据/最终数据/outputs/019f56e7-91fe-7a43-b1d0-ae50e45c9d0c/previews/01_数据目录.png,d349052cc2483be4a8e42cf12efd5d11b46272e3178e2c7053f11ffaf0d579f6,d349052cc2483be4a8e42cf12efd5d11b46272e3178e2c7053f11ffaf0d579f6,1
最终数据/最终数据/outputs/019f56e7-91fe-7a43-b1d0-ae50e45c9d0c/previews/02_因素地图.png,82d767eca43c82c2deed120cef1903bea1d9c71b87c5b9229ad99cf9bf359a79,82d767eca43c82c2deed120cef1903bea1d9c71b87c5b9229ad99cf9bf359a79,1
最终数据/最终数据/outputs/019f56e7-91fe-7a43-b1d0-ae50e45c9d0c/previews/03_事件时间线.png,9bf143a0e19622d38a1c4597237ba4670a1afd417f3e56e37be8cd7b221eabb9,9bf143a0e19622d38a1c4597237ba4670a1afd417f3e56e37be8cd7b221eabb9,1
最终数据/最终数据/outputs/019f56e7-91fe-7a43-b1d0-ae50e45c9d0c/previews/04_因子扫描.png,ace1cbb4c31661fa95d5d112aee024bf283bcb96880769c9ac23b20c8213dac9,ace1cbb4c31661fa95d5d112aee024bf283bcb96880769c9ac23b20c8213dac9,1
最终数据/最终数据/outputs/019f56e7-91fe-7a43-b1d0-ae50e45c9d0c/previews/05_月度建模表.png,bd632993f42bc18fdf7a22890ab056db4365c18c1e78ca29ff5a878c61a32bdf,bd632993f42bc18fdf7a22890ab056db4365c18c1e78ca29ff5a878c61a32bdf,1
最终数据/最终数据/outputs/019f56e7-91fe-7a43-b1d0-ae50e45c9d0c/previews/06_月度价格.png,d40b762f5d30e265be4dfc575795ca3d5ec7da5e3e6856a7cb287601e090290f,d40b762f5d30e265be4dfc575795ca3d5ec7da5e3e6856a7cb287601e090290f,1
最终数据/最终数据/outputs/019f56e7-91fe-7a43-b1d0-ae50e45c9d0c/previews/07_日收益率.png,a9ad34115b466bb4d2e5851a41f9bff16481a46bf6194e94617b0bc696aaa74a,a9ad34115b466bb4d2e5851a41f9bff16481a46bf6194e94617b0bc696aaa74a,1
最终数据/最终数据/outputs/019f56e7-91fe-7a43-b1d0-ae50e45c9d0c/previews/08_美元指数.png,75c7252fc2e92719cb710ccd0d444efb2d1a5e25d9be04a275865a8dd2a4d211,75c7252fc2e92719cb710ccd0d444efb2d1a5e25d9be04a275865a8dd2a4d211,1
最终数据/最终数据/outputs/019f56e7-91fe-7a43-b1d0-ae50e45c9d0c/previews/09_CFTC持仓.png,f90ee14bcf6d44cf243ff8b070aec9dda4826b3355dab892de12876319a60748,f90ee14bcf6d44cf243ff8b070aec9dda4826b3355dab892de12876319a60748,1
最终数据/最终数据/outputs/019f56e7-91fe-7a43-b1d0-ae50e45c9d0c/previews/10_GPR指数.png,4a0c2a5477abc7c78dc714c8aa028f3d916ca87051faab8aa8a1757fb4a9eceb,4a0c2a5477abc7c78dc714c8aa028f3d916ca87051faab8aa8a1757fb4a9eceb,1
最终数据/最终数据/outputs/019f56e7-91fe-7a43-b1d0-ae50e45c9d0c/previews/11_质量检查.png,64cf48b997c665bc682d344e27c67560d44b7defed4465041bad3279067095c8,64cf48b997c665bc682d344e27c67560d44b7defed4465041bad3279067095c8,1
最终数据/最终数据/research/media_sentiment_gold_paper/datasets/processed/China_Mainland_EPU_proxy_2022-02_to_2025-02.csv,1fd2cdd557f47c4483eaf3f75a9fcf9acf8d41c4b906219d35fce2222a365a7b,1fd2cdd557f47c4483eaf3f75a9fcf9acf8d41c4b906219d35fce2222a365a7b,1
最终数据/最终数据/research/media_sentiment_gold_paper/datasets/processed/Fed_broad_dollar_proxy_2022-02_to_2025-02.csv,10e9314091975551e1d59cc1e10b3ce38b30aeb6803448273d250a721b43e5da,10e9314091975551e1d59cc1e10b3ce38b30aeb6803448273d250a721b43e5da,1
最终数据/最终数据/research/media_sentiment_gold_paper/datasets/processed/THUOCL_caijing_utf8.csv,7835d68446c871cf2b59ef552d7301c04849e4778ec01873abbbc3a220e84a24,7835d68446c871cf2b59ef552d7301c04849e4778ec01873abbbc3a220e84a24,1
最终数据/最终数据/research/media_sentiment_gold_paper/datasets/processed/US_Treasury_real_yield_proxy_2022-02_to_2025-02.csv,9ac2c8e57b9784e9d8715bd00c4b79d0f4ac2fa386400b501c4795c02ba3df20,9ac2c8e57b9784e9d8715bd00c4b79d0f4ac2fa386400b501c4795c02ba3df20,1
最终数据/最终数据/research/media_sentiment_gold_paper/datasets/processed/World_Bank_commodity_proxies_2022-02_to_2025-02.csv,fbb27012e156ff32a0347741cefdb5953c6e8fa335a348e4912db08cbcaec814,fbb27012e156ff32a0347741cefdb5953c6e8fa335a348e4912db08cbcaec814,1
最终数据/最终数据/research/media_sentiment_gold_paper/datasets/raw/~$China_Mainland_Paper_EPU.xlsx,7a4e96f90a2023d863091f0af8b77d34e645a4995be456daacb74dc2b94fbc99,7a4e96f90a2023d863091f0af8b77d34e645a4995be456daacb74dc2b94fbc99,1
最终数据/最终数据/research/media_sentiment_gold_paper/datasets/raw/China_Mainland_Paper_EPU.xlsx,16941dfed24eed12afe2d9e92b02a561e2b2f2e4540ae3306893d70985e79222,16941dfed24eed12afe2d9e92b02a561e2b2f2e4540ae3306893d70985e79222,1
最终数据/最终数据/research/media_sentiment_gold_paper/datasets/raw/THUOCL_caijing.txt,68e63d2009e59c6f388eeaa789d19b6a681657de3e8e56cc3479b21cd8548542,68e63d2009e59c6f388eeaa789d19b6a681657de3e8e56cc3479b21cd8548542,1
最终数据/最终数据/research/media_sentiment_gold_paper/datasets/raw/THUOCL_LICENSE.txt,db4b8cca414db4cf487b933d07a0514f77caf44f9f3d392f2bc9d7ba0d511c58,db4b8cca414db4cf487b933d07a0514f77caf44f9f3d392f2bc9d7ba0d511c58,1
最终数据/最终数据/research/media_sentiment_gold_paper/metadata/checksums_sha256.txt,075c9565cdc8da26036abdfd7500d68d828f924dda58cddae03f23164c1dd309,075c9565cdc8da26036abdfd7500d68d828f924dda58cddae03f23164c1dd309,1
最终数据/最终数据/research/media_sentiment_gold_paper/metadata/dataset_manifest.csv,a0c7333bbd04c4f0c05619806e23aa9af3b53075b9745496c7a16e94ba3af53c,a0c7333bbd04c4f0c05619806e23aa9af3b53075b9745496c7a16e94ba3af53c,1
最终数据/最终数据/research/media_sentiment_gold_paper/metadata/europepmc_fulltext.xml,1aa9d51b0e09a196758e72f6b58f6df55f42216213930d44fa2eb9e541c71799,1aa9d51b0e09a196758e72f6b58f6df55f42216213930d44fa2eb9e541c71799,1
最终数据/最终数据/research/media_sentiment_gold_paper/metadata/heywhale_app.js,a3f0e314b53435400a271eadc3c164e4a8ea8045bbe39f6f0a5661e2aaf155a7,a3f0e314b53435400a271eadc3c164e4a8ea8045bbe39f6f0a5661e2aaf155a7,1
最终数据/最终数据/research/media_sentiment_gold_paper/metadata/heywhale_dataset_page.html,50b7588d55000764dd1e33733bd0d70319d58c77bede63fa47cb6d597b2d2b57,50b7588d55000764dd1e33733bd0d70319d58c77bede63fa47cb6d597b2d2b57,1
最终数据/最终数据/research/media_sentiment_gold_paper/metadata/sge_en_daily.html,a0cae3c4742b81f92f67b66afccc3774b688c6b08c043edc1273cddf776d9546,a0cae3c4742b81f92f67b66afccc3774b688c6b08c043edc1273cddf776d9546,1
最终数据/最终数据/research/media_sentiment_gold_paper/metadata/sge_func.js,05b2bf8b527f19a71aa6d48cad443622b1453c6af2bff2c00bad5181616ba7b6,05b2bf8b527f19a71aa6d48cad443622b1453c6af2bff2c00bad5181616ba7b6,1
最终数据/最终数据/research/media_sentiment_gold_paper/metadata/sge_main.js,095cd996e7b768280dc45a479cdb67e3d8c311d127b6cebd88f474262777d947,095cd996e7b768280dc45a479cdb67e3d8c311d127b6cebd88f474262777d947,1
最终数据/最终数据/research/media_sentiment_gold_paper/metadata/sge_quotation_daily_new.html,a8a5d352558791a5e9986e6cdb52c6daeafda3d3203c860cf891f7d63deca57b,a8a5d352558791a5e9986e6cdb52c6daeafda3d3203c860cf891f7d63deca57b,1
最终数据/最终数据/research/media_sentiment_gold_paper/metadata/sge_tools.js,3791aae159b6a6b2e37fc533131bdb9d765b425d5823580c9f933ac125b7070e,3791aae159b6a6b2e37fc533131bdb9d765b425d5823580c9f933ac125b7070e,1
最终数据/最终数据/research/media_sentiment_gold_paper/metadata/weebly_cookies.txt,036e47d2fec97fe2a96b3a69424a7e3db6f58268c9b2284cfe87e28bfb1571ac,036e47d2fec97fe2a96b3a69424a7e3db6f58268c9b2284cfe87e28bfb1571ac,1
最终数据/最终数据/research/media_sentiment_gold_paper/outputs/019f56e7-91fe-7a43-b1d0-ae50e45c9d0c/~$论文数据来源与复现清单.xlsx,7a4e96f90a2023d863091f0af8b77d34e645a4995be456daacb74dc2b94fbc99,7a4e96f90a2023d863091f0af8b77d34e645a4995be456daacb74dc2b94fbc99,1
最终数据/最终数据/research/media_sentiment_gold_paper/outputs/019f56e7-91fe-7a43-b1d0-ae50e45c9d0c/论文数据来源与复现清单.xlsx,0f201c8de76bdc2c20c83ef8877bffd963a685b5a205d0310b446dc516c6cce5,0f201c8de76bdc2c20c83ef8877bffd963a685b5a205d0310b446dc516c6cce5,1
最终数据/最终数据/research/media_sentiment_gold_paper/outputs/019f56e7-91fe-7a43-b1d0-ae50e45c9d0c/论文数据来源与复现清单.xlsx.inspect.ndjson,3f3960de6bf79f0fdbedd13be0eb34444d13838dd1df9b7c18930753c20d5b75,3f3960de6bf79f0fdbedd13be0eb34444d13838dd1df9b7c18930753c20d5b75,1
最终数据/最终数据/research/media_sentiment_gold_paper/outputs/019f56e7-91fe-7a43-b1d0-ae50e45c9d0c/formula_error_scan.ndjson,acc0111e19cf44d2753fc9ecd164bf1b27fbd65597463a25cf48bd1c65e90146,acc0111e19cf44d2753fc9ecd164bf1b27fbd65597463a25cf48bd1c65e90146,1
最终数据/最终数据/research/media_sentiment_gold_paper/outputs/019f56e7-91fe-7a43-b1d0-ae50e45c9d0c/previews/导读.png,56c9d2012b5808783749b1c3fb08a517d84614c629dbbc47fc67f72be2cd1898,56c9d2012b5808783749b1c3fb08a517d84614c629dbbc47fc67f72be2cd1898,1
最终数据/最终数据/research/media_sentiment_gold_paper/outputs/019f56e7-91fe-7a43-b1d0-ae50e45c9d0c/previews/复现风险.png,2b200869f2b6818b962d592cddac74298f218b5c6dfeaea682537c73aed3e5bf,2b200869f2b6818b962d592cddac74298f218b5c6dfeaea682537c73aed3e5bf,1
最终数据/最终数据/research/media_sentiment_gold_paper/outputs/019f56e7-91fe-7a43-b1d0-ae50e45c9d0c/previews/美元指数代理.png,beec18add2f22e0aa215d267e719cf3c55dd5284f3072ae000d5b41e0498a0e0,beec18add2f22e0aa215d267e719cf3c55dd5284f3072ae000d5b41e0498a0e0,1
最终数据/最终数据/research/media_sentiment_gold_paper/outputs/019f56e7-91fe-7a43-b1d0-ae50e45c9d0c/previews/商品月度代理.png,a4fca2c492d06fd2af7e22e911c9a7391264a7bac57f45c1e008941c328ac087,a4fca2c492d06fd2af7e22e911c9a7391264a7bac57f45c1e008941c328ac087,1
最终数据/最终数据/research/media_sentiment_gold_paper/outputs/019f56e7-91fe-7a43-b1d0-ae50e45c9d0c/previews/实际利率代理.png,b8cbbd3916426bcf3a30150ee2179b35910a28bf85738bb29d2765b2a9c394b0,b8cbbd3916426bcf3a30150ee2179b35910a28bf85738bb29d2765b2a9c394b0,1
最终数据/最终数据/research/media_sentiment_gold_paper/outputs/019f56e7-91fe-7a43-b1d0-ae50e45c9d0c/previews/数据清单.png,d66875fcac53ada943fcc255177b270cdb938ef65fc1e30d7995bec569f933a9,d66875fcac53ada943fcc255177b270cdb938ef65fc1e30d7995bec569f933a9,1
最终数据/最终数据/research/media_sentiment_gold_paper/outputs/019f56e7-91fe-7a43-b1d0-ae50e45c9d0c/previews/质量检查.png,4a831ed5fa86ecdc11af920f5813b77ac9bc9491c13d091a24635481d008dcd4,4a831ed5fa86ecdc11af920f5813b77ac9bc9491c13d091a24635481d008dcd4,1
最终数据/最终数据/research/media_sentiment_gold_paper/outputs/019f56e7-91fe-7a43-b1d0-ae50e45c9d0c/previews/EPU代理.png,fcc4d5d2f09bdd43304cd8e020b395d78215587289576e9a1dcb71b86f538552,fcc4d5d2f09bdd43304cd8e020b395d78215587289576e9a1dcb71b86f538552,1
最终数据/最终数据/research/media_sentiment_gold_paper/outputs/019f56e7-91fe-7a43-b1d0-ae50e45c9d0c/previews/THUOCL财经词表.png,1d06b1958bc3fdba744a5055c28338172ea6f8e621f45c45be4f31d1fb207fea,1d06b1958bc3fdba744a5055c28338172ea6f8e621f45c45be4f31d1fb207fea,1
最终数据/最终数据/research/media_sentiment_gold_paper/outputs/019f56e7-91fe-7a43-b1d0-ae50e45c9d0c/workbook_inspect.ndjson,0b6ae80ef747fff19c464db237e165e78ab63611686614db7def0cf6320c6353,0b6ae80ef747fff19c464db237e165e78ab63611686614db7def0cf6320c6353,1
最终数据/最终数据/research/media_sentiment_gold_paper/README_论文学习与数据说明.md,b423033d42841d2cb258f7f3c6bfefc09eea27ec10ff2ac92c74b6f5123b7347,b423033d42841d2cb258f7f3c6bfefc09eea27ec10ff2ac92c74b6f5123b7347,1
最终数据/最终数据/research/media_sentiment_gold_paper/scripts/build_reproducibility_package.mjs,78b91219f6df916073a1d55ee6e66f5702532985a664b019a1488c8431d5b82a,78b91219f6df916073a1d55ee6e66f5702532985a664b019a1488c8431d5b82a,1
XH-202612_Smartbi AI驱动的数据创新平台研究.pdf,f340b535e9a64e681030a6e45be673a9704163b77c29b49575aaae6d0475b242,f340b535e9a64e681030a6e45be673a9704163b77c29b49575aaae6d0475b242,1
XH-202612比赛硬性要求与评分标准_含技术方案.xlsx,29f5360c483e95434bd813060528e7fcd566a02fdfa0057cabaf06c8ed3b5867,29f5360c483e95434bd813060528e7fcd566a02fdfa0057cabaf06c8ed3b5867,1
