iso3,country,region,fx_val,fx_date,fx_src,cpi_val,cpi_date,cpi_src,reserve_val,reserve_date,reserve_src,cover_val,cover_date,cover_src,fx_12m,fx_mult,cpi_12m,cpi_mult,trigger,event_cnt,odi_usd,odi_year,odi_src
GEO,格鲁吉亚,Asia,2.696326,2025-12-31,WEB-0048-R01,195.0165,2025-12-31,WEB-0048-R01,6159.28,2025-12-31,WEB-0048-R01,3.589057,2025-12-31,WEB-0048-R01,-0.040103923955233545,-0.20051961977616772,0.039740865183144125,0.26493910122096087,未触发,0,1253040000.0,2024,MOFCOM-2024公报
JOR,约旦,Asia,0.709,2025-12-31,WEB-0048-R01,143.4981,2025-12-31,WEB-0048-R01,39765.16,2025-12-31,WEB-0048-R01,16.69743,2025-12-31,WEB-0048-R01,-0.0006723262346771675,-0.0033616311733858373,0.013063396017019668,0.08708930678013113,未触发,0,188140000.0,2024,MOFCOM-2024公报
OMN,阿曼,Asia,0.385,2025-12-31,WEB-0048-R01,123.8806,2025-12-31,WEB-0048-R01,17110.29,2017-09-30,WEB-0048-R01,6.892312,2017-09-30,WEB-0048-R01,0.0,0.0,0.0150519978106185,0.10034665207079001,未触发,0,340370000.0,2024,MOFCOM-2024公报
SAU,沙特阿拉伯,Asia,3.751913,2025-12-31,WEB-0048-R01,139.1594,2025-12-31,WEB-0048-R01,460249.2,2025-12-31,WEB-0048-R01,20.94845,2025-12-31,WEB-0048-R01,-0.0013359304879619893,-0.006679652439809947,0.0205474429001391,0.13698295266759403,未触发,0,4006130000.0,2024,MOFCOM-2024公报
TUR,土耳其,Asia,42.70252,2025-12-31,WEB-0048-R01,2018.099,2025-12-31,WEB-0048-R01,184021.0,2025-12-31,WEB-0048-R01,5.88037,2025-12-31,WEB-0048-R01,0.21994303459348585,1.0997151729674293,0.30902416970555535,2.060161131370369,双触发,2,3098820000.0,2024,MOFCOM-2024公报
KAZ,哈萨克斯坦,Asia,511.433,2025-12-31,WEB-0048-R01,174.7,2025-12-31,WEB-0048-R01,65414.0,2025-12-31,WEB-0048-R01,10.31101,2025-12-31,WEB-0048-R01,-0.01688922994176878,-0.0844461497088439,-0.7328481884981588,-4.885654589987726,未触发,1,6183670000.0,2024,MOFCOM-2024公报
KGZ,吉尔吉斯斯坦,Asia,87.34463,2025-12-31,WEB-0048-R01,295.9873,2025-12-31,WEB-0048-R01,8603.14,2025-12-31,WEB-0048-R01,6.752892,2025-12-31,WEB-0048-R01,0.006139150860805742,0.03069575430402871,0.09366941462897338,0.6244627641931559,未触发,0,1369810000.0,2024,MOFCOM-2024公报
TJK,塔吉克斯坦,Asia,9.2434,2025-12-31,WEB-0048-R01,261.5089,2025-12-31,WEB-0048-R01,667.9998,2017-09-30,WEB-0048-R01,,,,-0.15362780646815377,-0.7681390323407689,0.0355467540377028,0.236978360251352,未触发,0,1806910000.0,2024,MOFCOM-2024公报
UZB,乌兹别克斯坦,Asia,12017.43,2025-12-31,WEB-0048-R01,167.1,2025-12-31,WEB-0048-R01,66311.75,2025-12-31,WEB-0048-R01,,,,-0.06617509930810694,-0.3308754965405347,-0.6649980975754046,-4.433320650502698,未触发,1,2205580000.0,2024,MOFCOM-2024公报
BGD,孟加拉国,Asia,122.2631,2025-12-31,WEB-0048-R01,302.3562,2025-12-31,WEB-0048-R01,33189.76,2025-12-31,WEB-0048-R01,5.708554,2025-12-31,WEB-0048-R01,0.021899317135143592,0.10949658567571796,0.08484392704372357,0.5656261802914905,未触发,0,3397030000.0,2024,MOFCOM-2024公报
IND,印度,Asia,90.0952,2025-12-31,WEB-0048-R01,241.2514,2025-12-31,WEB-0048-R01,687734.0,2025-12-31,WEB-0048-R01,10.52084,2025-12-31,WEB-0048-R01,0.060014363312748564,0.3000718165637428,0.01166140046672437,0.07774266977816247,未触发,0,2449770000.0,2024,MOFCOM-2024公报
IRN,伊朗,Asia,42000.0,2025-12-31,WEB-0048-R01,435.1,2025-12-31,WEB-0048-R01,,,,,,,0.0,0.0,-0.8643320534400358,-5.762213689600239,未触发,2,4498710000.0,2024,MOFCOM-2024公报
PAK,巴基斯坦,Asia,280.527,2025-12-31,WEB-0048-R01,441.0156,2025-12-31,WEB-0048-R01,26322.77,2025-12-31,WEB-0048-R01,4.641571,2025-12-31,WEB-0048-R01,0.008571493286364529,0.042857466431822644,0.05609308233211574,0.37395388221410497,未触发,1,7089810000.0,2024,MOFCOM-2024公报
LAO,老挝,Asia,20359.87,2025-07-31,WEB-0048-R01,336.5171,2025-12-31,WEB-0048-R01,1031.157,2017-06-30,WEB-0048-R01,,,,-0.014381934376878402,-0.07190967188439201,0.056132885836110535,0.3742192389074036,未触发,1,10353790000.0,2024,MOFCOM-2024公报
MNG,蒙古,Asia,3546.352,2025-12-31,WEB-0048-R01,361.0942,2025-12-31,WEB-0048-R01,7005.28,2025-12-31,WEB-0048-R01,6.608452,2025-12-31,WEB-0048-R01,0.03697838234563089,0.18489191172815445,0.07511292439878603,0.5007528293252402,未触发,1,1272090000.0,2024,MOFCOM-2024公报
EGY,埃及,Africa,47.56024,2025-12-31,WEB-0048-R01,780.236,2025-12-31,WEB-0048-R01,51454.0,2025-12-31,WEB-0048-R01,5.553277,2025-12-31,WEB-0048-R01,-0.059231334955076265,-0.2961566747753813,0.12266547220495161,0.8177698146996775,未触发,2,1419390000.0,2024,MOFCOM-2024公报
SDN,苏丹,Africa,635.6141,2023-10-31,WEB-0048-R01,47954.2419061244,2023-02-28,WEB-0048-R01,177.9339,2017-12-31,WEB-0048-R01,,,,0.11243461135046662,0.5621730567523331,0.6330761583051554,4.22050772203437,单触发,0,789310000.0,2024,MOFCOM-2024公报
BEN,贝宁,Africa,560.23,2025-12-31,WEB-0048-R01,125.2153,2025-12-31,WEB-0048-R01,,,,,,,-0.1050496014313328,-0.525248007156664,0.013944897370867348,0.092965982472449,未触发,0,146360000.0,2024,MOFCOM-2024公报
CIV,科特迪瓦,Africa,560.1678,2025-12-31,WEB-0048-R01,140.8089,2025-12-31,WEB-0048-R01,,,,,,,-0.10578178352672984,-0.5289089176336492,0.0007021528660700049,0.004681019107133366,未触发,0,759850000.0,2024,MOFCOM-2024公报
GHA,加纳,Africa,11.32467,2025-12-31,WEB-0048-R01,871.5285,2025-12-31,WEB-0048-R01,13829.19,2025-12-31,WEB-0048-R01,,,,-0.23427634470401304,-1.1713817235200652,0.053877817050859145,0.35918544700572763,未触发,1,1196900000.0,2024,MOFCOM-2024公报
GIN,几内亚,Africa,8719.265,2025-12-31,WEB-0048-R01,169.0,2025-12-31,WEB-0048-R01,851.9021,2017-04-30,WEB-0048-R01,,,,0.011477877508519807,0.057389387542599035,-0.6055897041157802,-4.037264694105201,未触发,0,883570000.0,2024,MOFCOM-2024公报
NGA,尼日利亚,Africa,1451.314,2025-12-31,WEB-0048-R01,968.7592,2025-12-31,WEB-0048-R01,33444.02,2017-09-30,WEB-0048-R01,12.44472,2017-09-30,WEB-0048-R01,-0.07681924583990629,-0.38409622919953146,0.15152306869573695,1.010153791304913,单触发,1,2715020000.0,2024,MOFCOM-2024公报
AGO,安哥拉,Africa,922.1956,2025-12-31,WEB-0048-R01,256.03,2025-12-31,WEB-0048-R01,,,,,,,-0.0017648345034670943,-0.008824172517335471,-0.7746524016324556,-5.1643493442163715,未触发,0,2132650000.0,2024,MOFCOM-2024公报
DJI,吉布提,Africa,177.721,2025-12-31,WEB-0048-R01,116.7232,2025-12-31,WEB-0048-R01,454.1939,2018-12-31,WEB-0048-R01,,,,0.0,0.0,0.00682295341587591,0.0454863561058394,未触发,0,94330000.0,2024,MOFCOM-2024公报
ETH,埃塞俄比亚,Africa,154.8765,2025-12-31,WEB-0048-R01,543.13,2025-12-31,WEB-0048-R01,,,,,,,0.23127760658646634,1.1563880329323317,-0.5107150211926603,-3.404766807951069,单触发,1,2044050000.0,2024,MOFCOM-2024公报
KEN,肯尼亚,Africa,129.0728,2025-12-31,WEB-0048-R01,274.8236,2025-12-31,WEB-0048-R01,18608.0,2025-12-31,WEB-0048-R01,9.493054,2025-12-31,WEB-0048-R01,-0.00204504037118447,-0.01022520185592235,0.044896264550489784,0.2993084303365986,未触发,1,1912190000.0,2024,MOFCOM-2024公报
MOZ,莫桑比克,Africa,63.88951,2025-12-31,WEB-0048-R01,279.2018,2025-12-31,WEB-0048-R01,2377.61,2017-09-30,WEB-0048-R01,,,,0.005430214597813121,0.027151072989065606,0.032349452473777074,0.21566301649184716,未触发,1,2275950000.0,2024,MOFCOM-2024公报
ZMB,赞比亚,Africa,22.8338,2025-12-31,WEB-0048-R01,516.7794,2025-12-31,WEB-0048-R01,5507.63,2025-12-31,WEB-0048-R01,4.666298,2016-01-31,WEB-0048-R01,-0.17106507490211809,-0.8553253745105904,0.11193773416872577,0.7462515611248385,未触发,1,1694860000.0,2024,MOFCOM-2024公报
ZWE,津巴布韦,Africa,25093.05,2024-04-30,WEB-0048-R01,23599.7228120657,2023-08-31,WEB-0048-R01,438.5448,2017-09-30,WEB-0048-R01,,,,24.935213051154477,124.67606525577239,0.7718757110177594,5.1458380734517295,双触发,1,759420000.0,2024,MOFCOM-2024公报
DMA,多米尼克,LatinAmerica,2.7,2025-12-31,WEB-0048-R01,124.7695,2025-12-31,WEB-0048-R01,191.3236,2018-12-31,WEB-0048-R01,7.680842,2018-12-31,WEB-0048-R01,0.0,0.0,0.0034033984123371663,0.022689322748914442,未触发,0,18840000.0,2024,MOFCOM-2024公报
GRD,格林纳达,LatinAmerica,2.7,2025-12-31,WEB-0048-R01,120.87,2025-12-31,WEB-0048-R01,233.8159,2018-12-31,WEB-0048-R01,,,,0.0,0.0,0.005741387918122731,0.03827591945415154,未触发,0,1080000.0,2024,MOFCOM-2024公报
MEX,墨西哥,LatinAmerica,18.07524,2025-12-31,WEB-0048-R01,197.1579,2025-12-31,WEB-0048-R01,251875.0,2025-12-31,WEB-0048-R01,4.075143,2025-12-31,WEB-0048-R01,-0.10811919020764871,-0.5405959510382435,0.036919481156064915,0.2461298743737661,未触发,1,4875140000.0,2024,MOFCOM-2024公报
BOL,玻利维亚,LatinAmerica,6.886304,2025-12-31,WEB-0048-R01,214.8991,2025-12-31,WEB-0048-R01,3713.2,2025-12-31,WEB-0048-R01,4.693564,2025-12-31,WEB-0048-R01,-0.0031472001123328264,-0.015736000561664132,0.2039961185109156,1.359974123406104,单触发,0,412640000.0,2024,MOFCOM-2024公报
BRA,巴西,LatinAmerica,5.463978,2025-12-31,WEB-0048-R01,243.5117,2025-12-31,WEB-0048-R01,358234.0,2025-12-31,WEB-0048-R01,15.89181,2025-12-31,WEB-0048-R01,-0.10660264831902777,-0.5330132415951389,0.042643571758262055,0.2842904783884137,未触发,1,3439250000.0,2024,MOFCOM-2024公报
CHL,智利,LatinAmerica,914.1778,2025-12-31,WEB-0048-R01,187.843,2025-12-31,WEB-0048-R01,54111.9,2025-12-31,WEB-0048-R01,7.313662,2025-12-31,WEB-0048-R01,-0.07126492785873617,-0.35632463929368086,0.034463199052785054,0.22975466035190037,未触发,0,1635690000.0,2024,MOFCOM-2024公报
COL,哥伦比亚,LatinAmerica,3800.743,2025-12-31,WEB-0048-R01,212.4006,2025-12-31,WEB-0048-R01,66378.6,2025-12-31,WEB-0048-R01,11.72828,2025-12-31,WEB-0048-R01,-0.13358252403724513,-0.6679126201862257,0.05100788105237064,0.3400525403491376,未触发,1,703610000.0,2024,MOFCOM-2024公报
ECU,厄瓜多尔,LatinAmerica,25000.0,2025-12-31,WEB-0048-R01,136.2356,2025-12-31,WEB-0048-R01,9795.1,2025-12-31,WEB-0048-R01,,,,0.0,0.0,0.019153127017482063,0.12768751344988044,未触发,0,551630000.0,2024,MOFCOM-2024公报
PER,秘鲁,LatinAmerica,3.367022,2025-12-31,WEB-0048-R01,166.2438,2025-12-31,WEB-0048-R01,90262.0,2025-12-31,WEB-0048-R01,16.84868,2025-12-31,WEB-0048-R01,-0.09838999264952986,-0.4919499632476493,0.01508797553684138,0.10058650357894254,未触发,0,3651780000.0,2024,MOFCOM-2024公报
SUR,苏里南,LatinAmerica,38.5723,2025-12-31,WEB-0048-R01,2060.619,2025-12-31,WEB-0048-R01,376.7364,2017-09-30,WEB-0048-R01,,,,0.09445922268803231,0.47229611344016154,0.11398118369816079,0.7598745579877386,未触发,2,37700000.0,2024,MOFCOM-2024公报
URY,乌拉圭,LatinAmerica,39.16263,2025-12-31,WEB-0048-R01,316.2379,2025-12-31,WEB-0048-R01,18993.0,2025-12-31,WEB-0048-R01,17.15894,2025-12-31,WEB-0048-R01,-0.10878529403331316,-0.5439264701665658,0.03654004934283317,0.24360032895222114,未触发,0,297940000.0,2024,MOFCOM-2024公报
